Station,mean,sum,count
(NONE PROVIDED),22.0,22,1
1 ADRA VILLAWAY,15.0,15,1
1 BIJOU WALK,14.0,14,1
1 CARLAW AVENUE,10.0,10,1
1 CHALKFARM DR,12.0,12,1
1 CHISWICK AVE,6.0,6,1
1 ELMHURST AVE,15.0,15,1
1 FRONT ST,7.0,7,1
1 FRONT ST WEST,10.0,10,1
1 KINGSMILL,28.0,28,1
1 LAIRD DR,10.0,10,1
1 LILY CUP,26.0,26,1
1 MARMAC DR,20.0,20,1
1 MUIRBANK BLVD,20.0,20,1
1 O'CONNOR DR,0.0,0,1
1 QUEEN'S QUAY W,12.0,12,1
1 STRATTON AVE,15.0,15,1
1 WYNFORD DR,5.0,5,1
1-13 MILL STREET,60.0,60,1
10 GERVAIS DR,4.5,9,2
10 GERVAISE DR,8.0,8,1
10 GORDONRIDGE PLACE,0.0,0,1
10 LIVONIA PLACE (MORN,0.0,0,1
10 MARKHAM ROAD,10.0,10,1
10 SCRIVENER SQAURE,10.0,10,1
10 SUNNY GLENWAY,0.0,0,1
10 TEESDALE,0.0,0,1
10 WELLNESS WAY,15.0,15,1
100 BOROUGH DRIVE,22.0,22,1
100 HIGH PARK AVENUE,0.0,0,1
100 RIDGE HILL DR,30.0,30,1
100 STEELES AVENUE,7.0,7,1
1001 FINCH AVE,6.0,6,1
1001 FINCH AVE WEST,6.0,6,1
1001 LAWRENCE AVE E,14.0,14,1
1002 LAWRENCE AVE E,0.0,0,1
1002 LAWRENCE AVE EAST,20.0,20,1
1003 LAWRENCE AVE WEST,30.0,30,1
1006 KIPLING AVE,7.0,7,1
101 CHISWICK AVE,18.0,18,1
101 KENDLETON DRIVE,20.0,20,1
101 MILLIKEN BLVD,10.0,10,1
101 OAKDALE RD,9.0,9,1
1013 YONGE ST,22.0,22,1
1015 WILLIAM ALLEN ROA,5.0,5,1
1015 WILLIAM R ALLEN R,10.0,10,1
1015 WILLIAM R. ALLEN,10.0,10,1
10163 BATHURST STREET,0.0,0,1
1018 KENNEDY RD,20.0,20,1
102 THE POND ROAD,25.0,25,1
1020 MCNICOLL AVE,18.0,18,1
1023 KENNEDY RD,18.0,18,1
1023 LANSDOWNE AVE,9.0,9,1
1025 BRIMLEY RD,15.0,15,1
1025 SHEPPARD AVENUE W,6.0,6,1
1028 OAKWOOD AVE,10.0,10,1
103 PELMO CRESCENT,25.0,25,1
103 SHERBOURNE ST,9.0,9,1
1030 KING STREET WEST,0.0,0,1
1030 SHEPPARD WEST,10.0,10,1
1033 LAWRENCE,16.0,16,1
1035 SHEPPARD AVE,29.0,29,1
1035 SHEPPARD AVE W,20.0,20,1
1035 SHEPPARD AVE WEST,12.0,12,1
1035 SHEPPARD AVENUE W,15.0,15,1
1038 DUFFERIN STREET,5.0,5,1
104 BURNSIDE DRIVE,5.0,5,1
104 FENELON DR,10.0,10,1
1041 EGLINTON AVENUE W,14.0,14,1
1041 SHEPPARD AVE WEST,13.0,13,1
1044 VICTORIA PARK,0.0,0,1
105 DANFORTH AVE,10.0,10,1
105 PRINCES' BOULEVARD,30.0,30,1
1050 EASTERN AVENUE,12.0,12,1
106 LANSDOWNE,12.0,12,1
106 LANSDOWNE AVE,18.0,18,1
1060 EGLINTON AVENUE E,10.0,10,1
1063 MARLEE AVENUE,0.0,0,1
1068 DUFFERIN ST,9.0,9,1
1069 MARKHAM ROAD,65.0,65,1
107 ATLANTIC AVE,0.0,0,1
107 HUMBER COLLEGE,10.0,10,1
1073 BROADVIEW AVE,0.0,0,1
1074 TAPSCOTT RD,15.0,15,1
1077 BROADVIEW AVE,6.0,6,1
1087 MCCOWAN RD,15.0,15,1
109 FINCH AVENUE EAST,19.0,19,1
109 INDUSTRY,13.0,13,1
109 WILLIAM R ALLEN RD,8.0,8,1
1090 KINGSTON ROAD,20.0,20,1
1098 BARMAC DR,6.0,6,1
11 KEELE STREET,12.0,12,1
11 MAIN ST - MAIN AND,10.0,10,1
11 THORNCLIFFE - THORN,0.0,0,1
11 THORNCLIFFE PARK,0.0,0,5
11 THORNCLIFFE PARK DR,0.0,0,4
11 WINGREEN COURT,8.0,8,1
110 BRAYMORE,16.0,16,1
110 BRAYMORE BLVD,8.0,8,1
110 BROADVIEW AVE,5.0,5,1
1100 ARROW ROAD,16.0,16,1
1101 JANE ST,6.0,6,1
1107 MCCOWAN RD,10.0,10,1
111 AUTUMN GLEN CIR,6.0,6,1
111 DELAHAYE STREET,0.0,0,1
111 GRANGEWAY AVE,8.0,8,1
111 KEELESDALE DR,20.0,20,1
111 LAWRENCE AVE,22.0,22,1
111 PROGRESS AVE,63.5,127,2
111 WELLESLEY ST E,10.0,10,1
1116 EGLINTON AVE W,19.0,19,1
112 BEAVER TERRACE,26.0,26,1
112 LANSDOWNE AVENUE,17.0,17,1
1120 KEELE ST,10.0,10,1
1123 MIDLAND AVE,16.0,16,1
1123 SHEPPARD AVE E,30.0,30,1
1125 LESLIE STREET,11.0,11,1
1127 MARKHAM ROAD,65.0,65,1
1135 DAVENPORT RD,15.0,15,1
1137 AVENUE RD,30.0,30,1
1138 BATHURST GATEHOUS,0.0,0,1
1138 BATHURST STREET,0.0,0,1
1138 MCCOWAN RD,10.0,10,1
114 ATLANTIC,0.0,0,1
114 DANFORTH ROAD,20.0,20,1
114 MILL ST,72.0,72,1
1148 FINCH AVE W,5.0,5,1
1148 MCCOWAN RD,15.0,15,1
1149 BRECKON GATE,18.0,18,1
1149 MCCOWAN RD,1.0,1,1
1150 ELLESMERE RD,10.0,10,1
1151 MARKHAM RD,10.0,10,1
1151 WESTON ROAD,24.0,24,1
1155 LANSDOWNE AVE,0.0,0,1
1156 KENNEDY RD,10.0,10,1
118 EXBURY RD,30.0,30,1
1183 FINCH AVE WEST,151.0,151,1
1188 EGLINTON AVE W,10.0,10,1
119 PARKVIEW AVE,22.0,22,1
1195 LESLIE STREET,620.0,620,1
1198 WILLIAN R ALLEN R,10.0,10,1
12 BEAMISH DRIVE,22.0,22,1
12 COLLINSGROVE ROAD,11.0,11,1
12 HIGH PARK AVENUE,25.0,25,1
12 INDUSTRY STREET,5.0,5,1
12 THORNCLIFFE DR,0.0,0,1
12 THORNCLIFFE PARK,9.0,9,1
12 THORNCLIFFE PARK DR,25.0,25,1
120 ARROW ROAD,7.0,7,1
120 BAYVIEW AVE,6.0,6,1
120 EMMETT AVE,24.0,24,1
120 FERRAND DR,12.0,12,1
120 HORNER AVE,10.0,10,1
120 INDUSTRY ST (OUTSI,15.0,15,1
120 QUEENS QUAY EAST,10.0,10,1
120 SINNOTT ROAD,0.0,0,1
1201 LAWRENCE AVE W,0.0,0,1
121 INDUSTRY ST,10.5,21,2
121 INDUSTRY STREET,17.5,35,2
1215 LANSDOWNE,20.0,20,1
122 CARTWRIGHT,0.0,0,1
122 MOORE PARK AVE,26.0,26,1
1225 ELLESMERE RD,10.0,10,1
123 HUMBER COLLEGE BLV,9.0,9,1
1232 BAYVIEW AVE,20.0,20,1
1232 DUFFERIN ST,5.0,5,1
1238 DAVENPORT ROAD,20.0,20,1
124 ATLANTIC AVENUE,5.0,5,1
1240 BAY STREET,25.0,25,1
1240 LAWRENCE AVE W,5.0,5,1
1245 KING STREET WEST,0.0,0,1
125 LAUREL AVENUE,13.0,13,1
125 THE QUEENSWAY,22.2,111,5
1250 EGLINTON,0.0,0,1
1250 WESTON ROAD,15.0,15,1
1251 KENNEDY RD (KENNE,15.0,15,1
1255 MILITARY TRAIL,15.0,15,1
126 QUEENS PLATE DRIVE,9.0,9,1
1265 MILITARY TRAIL (U,15.0,15,1
1265 MORNINGSIDE AVE,8.0,8,1
1267 MILITARY TRAIL,10.0,10,1
1273 WESTON ROAD,22.0,22,1
1275 MORNINGSIDE AVE,8.0,8,1
1276 BLOOR STREET WEST,0.0,0,1
1276 ELLESMERE RD,10.0,10,1
1290 DANFORTH ROAD,10.0,10,1
1295 MILITARY TRAIL,15.0,15,1
12TH STREET AND GARNET,30.0,30,1
13 ST MATTHEWS RD,20.0,20,1
130 ARROW RD,6.5,13,2
130 ARROW ROAD,7.0,7,1
1300 EGLINTON AVE,5.0,5,1
1300 EGLINTON AVE EAST,7.0,14,2
1300 EGLINTON AVENUE E,13.0,26,2
1300 EGLINTON WEST,9.0,18,2
1300 ISLINGTON AVE,0.0,0,1
1300 ISLINGTON AVENUE,16.0,16,1
1301 STEELES AVENUE WE,20.0,20,1
1305 LAWRENCE WEST ( K,0.0,0,1
1306 WESTON ROAD,10.0,10,1
1310 LAKE SHORE,7.0,7,1
1310 LAKE SHORE BLVD E,9.0,9,1
1310 LAKE SHORE BOULEV,9.0,9,1
1313 MCCOWAN RD,30.0,30,1
1315 MORNINGSIDE,10.0,10,1
1315 MORNINGSIDE AVE,8.0,8,1
132 RANGOON RD,8.0,8,1
1320 ISLINGTON AVENUE,16.0,16,1
1320 YONGE STREET,27.0,27,1
1325 LANSDOWNE,24.0,24,1
1325 LANSDOWNE AVE,15.0,45,3
1326 LANSDOWNE AVE,13.5,27,2
1326 VICTORIA PARK AVE,10.0,10,1
1328 LANSDOWNE AVE,7.0,7,1
1328 LANSDOWNE AVENUE,15.0,15,1
133 NEILSON ROUTE,0.0,0,1
1330 LANSDOWNE AVENUE,18.0,18,1
1331 QUEEN STREET EAST,5.0,5,1
1333 KENNEDY RD - UNIT,0.0,0,1
1335 KEELE ST,0.0,0,1
1336 KENNEDY RD,10.0,10,1
1339 WILSON AVENUE,9.0,9,1
135 VANDERHOOF AVE,0.0,0,1
1351 ARROW ROAD,8.0,8,1
137 DISCO,10.0,10,1
1370 WILSON AVENUE,7.0,7,1
1383 WOODBINE AVE,30.0,30,1
1384 WESTON RD,15.0,15,1
1384 WESTON ROAD,8.0,8,1
1386 QUEEN ST W,6.0,6,1
1388 EGLINTON AVENUE W,5.0,5,1
139 GUESTVILLE AVE,8.0,8,1
139 INDIAN GROVE,30.0,30,1
139 ST GEORGE ST,26.0,52,2
1395 SHEPPARD AVE,20.0,20,1
1398 MEADOWVALE RD,10.0,10,1
1398A EGLINTON AVE W,0.0,0,1
1399 BATHURST ST,10.0,10,1
14 ARUNDEL AVE,0.0,0,1
14 HIGH PARK AVENUE,27.0,27,1
14 YORK MILLS RD,0.0,0,1
140 COMMANDER BLVD,30.0,30,1
1404 WILSON AVE,10.0,10,1
1406 MARTIN GROVE,181.0,181,1
1410 MILITARY TRAIL,15.0,15,1
1412 KENNEDY ROAD,10.0,10,1
1425 KENNEDY RD,4.0,4,1
1429 QUEEN ST WEST,10.0,10,1
1430 LAWRENCE AVE E,20.0,20,1
1430 SHEPPARD AVE W,0.0,0,1
1432 BATHURST STREET,10.0,10,1
145 FENMAR DRIVE,6.0,6,1
1450 SHEPPARD AVENUE W,10.0,10,1
1461 LAWRENCE W,0.0,0,1
1468 QUEEN ST W,20.0,20,1
147 ISABELLA ST,10.0,10,1
1470 MIDLAND AVE,15.0,15,1
1472 ON-11A,30.0,30,1
1481 MIDLAND AVE,15.0,15,1
1485A EGLINTON AVENUE,10.0,10,1
149 ROXBOROUGH DRIVE,25.0,25,1
15 A SPRINGHURST AVENU,10.0,10,1
15 GERVAIS DR,6.0,6,1
15 GRIERSON,10.0,10,1
15 HUN CRESENT,9.0,9,1
15 JANE ST,12.0,12,1
15 JANE STREET,12.0,12,1
15 OXFORD DR,0.0,0,1
15 ROUCHELLE CRES,15.0,15,1
15 SAULTER ST,10.0,10,1
15 SAULTER ST S,9.0,9,1
15 VIKING LANE,0.0,0,1
150 DELROY DR,10.0,10,1
150 DYNAMIC DR,9.0,9,1
150 STAINES RD,26.0,26,1
1508 DUFFERIN ST,8.0,8,1
1509 MARKHAM ROAD,20.0,20,1
151 BIRCHMOUNT RD,34.0,34,1
1515 ALBION RD,23.0,23,1
1516 BATHURST STREET,0.0,0,1
1520 KING STREET,5.0,5,1
1540 WILSON AVENUE,15.0,30,2
1545 STEELES AVE WEST,0.0,0,1
155 DEERHIDE CRESCENT,5.0,5,1
155 DUFFERIN ST,16.0,16,1
155 TRANSIT RD,24.0,24,1
155 TRANSIT ROAD,19.0,19,1
155 UNDERHILL DR,25.0,25,1
155N WELLESLEY STREET,10.0,10,1
1560 ROYAL YORK RD,8.0,8,1
1564 EGLINTON AVE W,0.0,0,1
157 FAWCETT TRAIL,22.0,22,1
157 SHEPPARD AVE W,8.0,8,1
158 INDIAN GROVE,10.0,10,1
158 PETWORTH CRESCENT,10.0,10,1
1586 BATHURST STREET,0.0,0,1
1591 WILSON AVENUE,18.0,18,1
16 CARLAW AVENUE,6.0,6,1
16 COLLINGSGROVE ROAD,14.0,14,1
16 COLLINSGROVE RD,9.0,9,1
16 INDUSTRY STREET,20.0,20,1
16 LEBOVIC,0.0,0,1
16 OLD MILL TRAIN,11.0,22,2
160 HORNER AVE,22.0,44,2
160 TRANSIT RD,5.0,5,1
160 TRANSIT ROAD,9.5,19,2
1614 QUEEN ST E,10.0,10,1
1622 DANFORTH AVENUE,18.0,18,1
1623 WESTON RD,10.0,10,1
1635 SHEPPARD AVENUE W,7.0,7,1
1638 DUFFERIN STREET,10.0,10,1
164 THE ESPLANADE,464.0,464,1
1641 MARKHAM RD,30.0,30,1
165 LEEWARD GLENWAY,0.0,0,1
1678 MIDLAND AVENUE,9.0,9,1
168 SYMINGTON ROUTE,0.0,0,1
1685 FINCH AVE WEST,5.0,5,1
1685 WILSON AVENUE,0.0,0,1
1688 DUFFERIN STREET,9.0,18,2
1697 KIPLING AVE,20.0,20,1
17 COMMISSIONERS ST,15.0,15,1
17 INDUSTRY ST,10.0,10,1
17 VICKERS RD,24.0,24,1
17 WAYSIDE AVE,27.0,27,1
170 EVANS AVE,15.0,15,1
170 TWELFTH STREET,30.0,30,1
170 VAUGHAN ROAD,7.0,7,1
1700 KEELE ST - KEELE,10.0,10,1
1700 SHEPPARD AVE E,10.0,10,1
1724 STEELES AVE E,10.0,10,1
1731 WARDEN,10.0,10,1
1733 LAWRENCE AVE W,10.0,10,1
1735 STEELES AVE WEST,7.0,7,1
1738 WILSON AVENUE,12.5,25,2
174 FENMAR DR,20.0,20,1
1743 EGLINTON AVE E,10.0,10,1
1749 BATHURST ST,0.0,0,1
175 WYNFORD DR,0.0,0,1
1750 SHEPPARD AVENUE W,8.0,8,1
176 ACTON AVENUE,22.0,22,1
1760 BIRCHMOUNT RD (BI,0.0,0,1
1761 SHEPPARD AVE E,24.0,24,1
1763 DUFFERIN STREET,0.0,0,1
177 LANSDOWNE,18.0,18,1
1770 MIDLAND AVE,140.0,140,1
178 MAIN ST,10.0,10,1
179 DOWNSVIEW PARK BLV,30.0,30,1
1797 KEELE - KEELE AND,0.0,0,1
18 PARKLAWN ROAD,26.0,26,1
18 WOOBINE DOWNS BOULV,10.0,10,1
18 WYNFIORD DR,0.0,0,1
180 BLOOR STREET EAST,60.0,60,1
180 EGLINTON AVE W,12.0,12,1
1800 MARKHAM ROAD,12.0,12,1
1800 SHEPPARD AVE E,22.0,22,1
1800 SHEPPARD AVENUE E,12.0,24,2
1800 THE QUEENSWAY,18.0,18,1
1818 EGLINTON,12.0,12,1
1829 LAWRENCE AVE,10.0,10,1
183 EASTBOURNE AVE,10.0,30,3
184 WILSON AVE,8.0,8,1
1850 WILSON AVE,25.0,25,1
1860 MIDLAND AVE,11.0,11,1
1862 BATHURST (BATHUST,0.0,0,1
188 ANTIBES DR,15.0,15,1
1884 DAVENPORT ROAD,0.0,0,1
189 BATHURST STREET,10.0,10,1
189 DUFFERIN ST,8.0,8,1
189 MCINTOSH STREET,20.0,20,1
189 YORK MILLS ROAD,0.0,0,1
1893 MCNICOLL AVE,27.5,55,2
1893 MCNICOLL AVENUE,0.0,0,1
19 EASTDALE AVE,10.0,10,1
19 FARMVIEW CRESCENT,20.0,20,1
19 INDUSTRY STREET,10.0,10,1
19 SHEPPARD AVENUE EAS,15.0,15,1
190 QUEENS QUAY,15.0,15,1
1900 EGLINTON AVENUE,0.0,0,1
1900 YONGE STREET,0.0,0,1
1908 WILSON AVE,23.0,23,1
191 CONLINS ROAD,20.0,20,1
1910 KENNEDY RD UNIT 4,15.0,15,1
1910 YONGE ST,20.0,20,1
1912 EGLINTON AVE EAST,6.0,6,1
1914 R BLOOR ST W,30.0,30,1
1919 WESTON RD,15.0,15,1
192 ANDONA CRES,15.0,15,1
192 TORYORK DR,9.0,9,1
1922 DAVENPORT RD,0.0,0,1
193 MARKLAND DRIVE,17.0,17,1
1942 WESTON ROAD,0.0,0,1
1949 KIPLING AVENUE,0.0,0,1
195 MONTCLAIR AVE,8.0,8,1
195 REXLEIGH,10.0,10,1
195 REXLEIGH DR,16.0,16,1
195 REXLEIGH DRIVE,10.0,10,1
195 WYNFORD,18.0,18,1
196 ST GEORGE ST,30.0,30,1
196 WINEVA AVE,10.0,10,1
197 PARKSIDE DRIVE,10.0,10,1
1979 VICTORIA PARK AVE,9.0,9,1
198 HILDA AVE,28.0,28,1
1980 OLD YARD STOCKS R,24.0,24,1
1995 KIPLING AVENUE,20.0,20,1
2 BEACONHILL RD,20.0,20,1
2 GLEN STEWART AVENUE,10.0,10,1
2 LANSDOWNE AVENUE,15.0,30,2
2 LAURA ROAD,10.0,10,1
2 MASCOT PL,30.0,30,1
2 NATURE PATHWAY,12.0,12,1
2 OAKDALE RD,15.0,15,1
2 VANDERBRENT CRES,20.0,20,1
2 WICKMAN ROAD,8.0,8,1
20 CAMFORTH,70.0,70,1
20 CARNFORTH RD,25.0,25,1
20 COMMISISIONERS STRE,12.0,12,1
20 COMMISSIONERS STREE,8.0,16,2
20 COMSTOCK,0.0,0,1
20 COMSTOCK RD,12.0,24,2
20 COMSTOCK ROAD,14.5,29,2
20 GRAYDON HALL,20.0,40,2
20 GRAYDON HALL DRIVE,30.0,30,1
20 HOWARD MOSCOE,6.0,6,1
20 INDUSTRY,10.0,10,1
20 INDUSTRY ST,22.5,45,2
20 INDUSTRY STREET,12.0,12,1
20 LEBOVIC AVE #773,6.0,6,1
20 MICHEAL POWER PL,25.0,25,1
20 SCHOFIELD AVE,25.0,25,1
20 YORK MILLS RD,20.0,20,1
20 YORK MILLS ROAD,25.0,25,1
200 EMMETT,115.0,115,1
200 QUEENS QUAY EAST,15.0,15,1
200 TOWN CENTRE COURT,15.0,15,1
200 TRETHEWEY DRIVE,10.0,10,1
200 WELLESLEY ST E (WE,60.0,60,1
2005 DANFORTH AVE,12.0,12,1
2010 MARTIN GROVE,10.0,10,1
2011 LAWRENCE AVENUE E,14.0,14,1
2013 MARKHAM RD,12.0,12,1
2021 DAVENPORT,0.0,0,1
2030 MCNICOLL AVENUE,42.0,42,1
2034 EGLINTON AVE W,10.0,10,1
2047 ISLINGTON AVENUE,16.0,16,1
205 REXLEIGH DR,10.0,10,1
205 SHERWAY GARDENS,16.666666666666668,50,3
205 SHERWAY GARDENS RD,25.0,25,1
2050 JANE STREET,8.0,8,1
2059 EGLINTON AVE WEST,30.0,30,1
2075 BAYVIEW AVE,0.0,0,1
2075 YONGE ST,15.0,15,1
21 COMSTOCK RD,10.0,10,1
21 ETIENNE STREET,19.0,19,1
21 KEELE ST,10.0,20,2
21 KEELE STREET,11.0,22,2
21 ROCHEFORT DRIVE,0.0,0,1
21 SAN VITO WAY,20.0,20,1
21 SIGNAL HILL,7.0,7,1
21 WINSTANLY CRESCENT,10.0,10,1
210 COSBURN AVE,0.0,0,1
210 WILSON AVENUE,6.0,6,1
2121 KINGSTON ROAD,30.0,30,1
213 DANFOIRTH AVENUE,6.0,6,1
2143 YONGE STREET,30.0,30,1
216 GREENWOOD AVENUE,12.0,12,1
217 DUFFERIN STREET,5.0,5,1
218 YARMOUTH (OSSINGTO,0.0,0,1
2180 YONGE ST,10.0,10,1
2190 YONGE ST,24.0,24,1
2190 YONGE STREET,10.0,10,1
22 BENTON RD,25.0,25,1
22 FRONT,25.0,25,1
22 LEBOVIC AVENUE,10.0,10,1
22 ROCKBANK CRES,12.0,12,1
220 ENCHANTED HILLS CR,28.0,28,1
2201 MARKHAM ROAD,12.0,12,1
221 O'CONNOR DR,22.0,22,1
2215 LAWRENCE AVE W,18.0,18,1
2216 LAWRENCE AVE E,20.0,20,1
2224 DUFFERIN STREET,17.0,17,1
2228 KENNEDY RD,10.0,10,1
223 AVENUE RD,25.0,25,1
223 MARKHAM ROAD,10.0,10,1
2233 SHEPPARD AVE - TT,0.0,0,1
2233 SHEPPARD AVE W,0.0,0,1
2240 WESTON RD,0.0,0,1
225 CARRIER DRIVE,22.5,45,2
225 MILIKEN,18.0,18,1
225 MILIKEN BLVD,8.0,8,1
225 MILLIKEN BLVD,14.625,117,8
225 MILLIKEN ROAD,18.0,18,1
225 WILSON AVE,10.0,10,1
2255 SHEPPARD AVE W AN,10.0,10,1
2260 MARKHAM ROAD,8.5,17,2
2265 JANE ST,12.0,12,1
2267 WARDEN AVE,18.0,18,1
227 BRIDGELAND AVE,18.0,18,1
227 ROYAL YORK,9.0,9,1
227 WINDERMERE,27.0,27,1
2270 MARKHAM ROAD,21.0,21,1
2273 DUNDAS STREET,5.0,5,1
2283 BLOOR ST,15.0,15,1
229 CONSUMERS ROAD,22.0,22,1
23 ALICEWOOD COURT,0.0,0,1
23 DAWES ROUTE,0.0,0,1
23 GASPE ROAD,20.0,20,1
23 PILKINGTON DRIVE,7.0,7,1
23 THORNCLIFFE PARK DR,10.0,10,1
230 IAN MACDONALD BLVD,15.0,30,2
2300 STEELES AVE W,5.0,5,1
2300 YONGE ST,11.5,23,2
2301 DANFORTH AVENUE,10.0,10,1
2301 VICTORIA PARK AVE,9.0,9,1
2304 KEELE ST,12.0,12,1
231 IAN MACDONALD,30.0,30,1
233 DUPLEX AVE,10.0,10,1
2366 EGLINTON AVE WEST,12.0,12,1
238 DANFORTH,14.0,14,1
2388 DUFFERIN STREET,16.0,16,1
239 RICHMOND STREET WE,0.0,0,1
24 HOWARD MOSCOE WAY,7.5,15,2
24 HUMBERLINE DR,0.0,0,1
2404 LAKE SHORE BOULEV,9.0,9,1
2415 JANE STREET,0.0,0,1
242 BRIMLEY RD,16.0,16,1
2421 FINCH AVENUE WEST,4.0,4,1
2422 BLOOR STREET WEST,30.0,30,1
243 ALBERTA AVE AND E,10.0,10,1
2430 EGLINTON AVE EAST,12.0,12,1
2438 EGLINTON AVE E,18.0,36,2
2442 BLOOR ST W,6.0,6,1
245 BARTLEY DR,0.0,0,1
2455 KENNEDY AVE E,20.0,20,1
2460 WESTON RD,15.0,15,1
2460 WESTON ROAD,0.0,0,1
2461 EGLINTON AVE E,11.0,33,3
2461 EGLINTON AVENUE E,11.0,33,3
2461A EGLINTON AVE E,10.0,10,1
247 EGLINTON AVE W,14.0,14,1
25 DON MILLS ROUTE,0.0,0,1
25 GREENBRAE CIRCUIT,10.0,10,1
25 HAYDEN STREET,0.0,0,1
25 MARTHA EATON WAY,8.0,8,1
25 REDWING PL,20.0,20,1
25 ROBERT WOODHEAD CRE,10.0,10,1
25 SHERWAY GARDENS,25.0,25,1
25 SIGNAL HILL,7.0,7,1
25 STUBBS DR,30.0,30,1
25 THORNCLIFFE PARK,18.0,18,1
250 CONSUMERS RD,30.0,30,1
250 DANFORTH,8.0,8,1
250 DAVENPORT,48.0,48,1
250 DUNCAN STREET,0.0,0,1
250 UNIVERSITY AVE,0.0,0,1
251 BRUNSWICK AVE,10.0,10,1
2516 JANE ST,25.0,25,1
252 OLD WESTON ROAD,15.0,15,1
253 MCNICOLL AVENUE,10.0,10,1
254 KENNEDY AVE,140.0,140,1
254 STAINES RD,223.0,223,1
254 WILSON AVENUE,7.0,7,1
2541 KIPLING AVE,13.0,13,1
2545 BAYVIEW,10.0,10,1
255 ASSINIBOINE ROAD,30.0,30,1
255 MORNINGSIDE AVE,18.0,18,1
255 MORNINGSIDE AVENUE,7.0,7,1
2550 DANFORTH AVENUE,12.0,12,1
2554 FINCH AVENUE,8.0,8,1
2556 LAKESHORE BLVD WE,12.0,12,1
2558 DANFORTH AVENUE,30.0,30,1
2580 BIRCHMOUNT RD,27.0,27,1
259 ARMADALE AVENUE,15.0,15,1
26 DOURO ST,7.0,7,1
26 FINCH AVE E,15.0,15,1
26 FINCH AVENUE EAST,10.0,10,1
26 HUDDLESTON,0.0,0,1
26 HUDDLESTON CRESENT,21.0,21,1
26 OAKWOOD AVENUE,10.0,10,1
261 BRUNSWICK AVENUE,0.0,0,1
2610 FINCH AVE WEST,8.0,8,1
2614 EGLINTON AVE W,26.0,26,1
2615 DANFORTH AVENUE,10.0,10,1
2622 DANFORTH AVENUE,15.0,15,1
2627 ST CLAIR AVE W,25.0,25,1
263 CARRIER DR,18.333333333333332,55,3
"263 CARRIER DR, ETOBIC",20.0,20,1
263 CARRIER DRIVE,10.0,20,2
2635 EGLINTON AVE W,24.0,24,1
264 AUKLAND RD,10.0,10,1
265 ARMADALE AVE,15.0,15,1
2653 EGLINTON AVENUE E,0.0,0,1
2663 JANE ST,25.0,25,1
2666 DANFORTH AVENUE,10.0,10,1
2671 DANFORTH AVE,16.0,16,1
2672 ST CLAIR AVENUE,27.0,54,2
2672 ST CLAIR AVENUE E,20.0,20,1
2672 ST CLAIR AVENUE W,24.0,24,1
2676 BLOOR STREET WEST,21.0,21,1
2685 YONGE ST (YONGE A,0.0,0,1
27 PROUDBANK MILLWAY,10.0,10,1
27 ST ALBANS RD,17.0,17,1
27 ST ALBANS ROAD,10.0,20,2
27 ST ALBANS STREET,20.0,20,1
270 LUMSDEN AVENUE,18.0,18,1
2701 EGLINTON W,8.0,8,1
"271 MARIA STREET, DUND",0.0,0,1
272 SIGNET DRIVE,6.0,6,1
2720 STEELES AVENUE,10.0,10,1
2745 WESTON,10.0,10,1
2745 WESTON RD,10.0,30,3
2745 WESTON ROAD,7.0,7,1
275 BLEECKER STREET,20.0,20,1
2766 OLD LESLIE STREET,21.0,21,1
279 TOUCHSTONE DR,15.0,15,1
279 TOWNSEND RD,7.0,7,1
28 BATHFORD CR,7.0,7,1
28 BERMONDSEY RD,25.0,25,1
28 COLONEL SAMUEL PARK,7.0,7,1
28 COLONEL SAMUEL SMIT,7.5,30,4
28 GLEN BELLE CRESCENT,13.0,13,1
28 HUDDLESTON COURT,10.0,10,1
28 HUDDLESTON CT.,13.0,13,1
28 QUEENS AVENUE,11.0,11,1
282 LAKE SHORE BLVD WE,20.0,20,1
2820 STEELS AVENUE,0.0,0,1
2822 KEELE ST,10.0,10,1
286 MAIN STREET,20.0,20,1
288 LAKE SHORE BLVD EA,0.0,0,1
2885 EGLINTON AVENUE E,10.0,10,1
289 KEELE ST,10.0,10,1
29 COLONEL SAMUEL SMIT,15.0,15,1
29 DUFFERIN ROUTE,0.0,0,1
29-87 DIRECTOR CRT,15.0,15,1
2900 JANE ST,25.0,25,1
2900 KEELE ST,10.0,10,1
2901 KENNEDY ROAD UNIT,14.0,14,1
291 GRANDRAVINE,268.0,268,1
291B JANE STREET,7.0,7,1
2935 EGLINTON AVE E,12.0,12,1
2935 EGLINTON AVENUE E,11.333333333333334,34,3
2939 ST CLAIR AVE EAST,10.0,10,1
2942 LAKE SHORE BLVD W,18.0,18,1
2943 KENNEDY RD,7.0,7,1
2943 ST CLAIR AVE EAST,10.0,10,1
2946 A DUNDAS ST W,25.0,25,1
2963 WESTON RD,0.0,0,1
2969 SHEPPARD AVE E,10.0,10,1
2978 WESTON RD,7.0,7,1
3 MILADY RD (FINCH AND,0.0,0,1
3 PARK HOME AVE,0.0,0,1
30 COLLEGE ST - WEST O,0.0,0,1
30 DENISION AVE,10.0,10,1
30 DENTON AVE,30.0,30,1
30 DENTON AVENUE,12.5,25,2
30 HANNA AVENUE,5.0,5,1
30 LOCKPORT AVE,0.0,0,1
30 N STAR RD,20.0,20,1
300 BAY,6.0,6,1
300 BAY STREET,25.0,25,1
300 KIPLING AVNUE,27.0,27,1
3000 DANFORTH AVENUE.,11.0,11,1
3004 BLOOR STREET WEST,15.0,15,1
301 ROCKCLIFFE BLVD,10.0,10,1
3014 BLOOR W,8.0,8,1
3018 KEELE (KEELE AND,0.0,0,1
302 GRANDRAVINE DRIVE,153.0,153,1
302 MAIN ST,30.0,30,1
3020 KEELE STREET,0.0,0,2
3023 VICTORY CRESENT,22.0,22,1
3028 VICTORY CRESCENT,20.0,20,1
303 BROADVIEW AVE,15.0,15,1
3030 LAWRENCE AVE E,10.0,10,1
3047 DUNDAS ST W,24.0,24,1
305 BALLIOL STREET,22.0,22,1
305 EGLINTON AVE W,11.0,11,1
3079 ELLESMERE RD,0.0,0,1
3080 YONGE ST,16.333333333333332,49,3
3087 KENNEDY RD,10.0,10,1
3090 KEELE ST,10.0,10,1
3092 DANFORTH AVE,22.0,22,1
3097 KINGSTON RD,20.0,20,1
31 COMSTOCK ROAD,0.0,0,1
31 DRYDEN WAY,11.0,11,1
31 SILVERSTED DRIVE,8.0,8,1
311 BIRCHMOUNT ST,22.0,22,1
312 MAIN STREET,25.0,25,1
3121 LAWRENCE AVENUE E,14.0,14,1
3130 DUFFERIN STREET,18.0,18,1
315 CALEDONIA RD,4.0,4,1
315 DANFORTH AVENUE,10.0,10,1
315 DEERHIDE CRES,20.0,20,1
318 CONCORD AVENUE,0.0,0,1
318 YORK MILLS ROAD,10.0,10,1
32 EGLINTON WEST ROUTE,0.0,0,1
32 HUDDLESTON CT,10.0,10,1
3220 BLOOR ST W,1.0,1,1
3223 KENNEDY ROAD,15.0,15,1
3244 EGLINTON AVENUE E,8.0,8,1
3244 WESTON RD,9.0,9,1
325 CHERRY STREET,9.0,9,1
325 DON MILLS ROUTE,0.0,0,1
325 MILNER AVE,25.0,25,1
3250 BLOOR ST WEST,0.0,0,1
3250 KEELE STREET,20.0,20,1
327 KIPLING AVENUE,20.0,20,1
328 PASSMORE AVENUE,0.0,0,1
33 BEECROFT ROAD,10.0,10,1
33 COXWELL AVENUE,9.0,9,1
33 THORNBECK DR,12.0,12,1
33 WOOD STREET,0.0,0,1
330 GERRARD STREET EAS,8.0,8,1
330 WILSON AVENUE,5.0,10,2
3300 ELLESMERE RD,12.0,12,1
3305 DUNDAS STREET WES,30.0,30,1
3310 DANFORTH AVE,9.0,9,1
3311 BAYVIEW AVENUE,35.0,35,1
3320 DUFFERIN STREET,15.0,15,1
3325 WARDEN AVENUE,20.0,20,1
3332 DUFFERIN STREET,20.0,20,1
3340B BAYVIEW AVE,20.0,20,1
3345 ST CLAIR AVENUE E,10.0,10,1
335 QUEEN ST EAST @ PA,20.0,20,1
3355 WESTON ROAD,22.0,22,1
3363 DON MILLS RD,8.0,8,1
3371 WESTON ROAD,9.0,9,1
3390 MAJOR MACKENZIE D,23.0,23,1
3391 BLOOR STREET WEST,25.0,25,1
3396 ST CLAIR AVE E,11.0,11,1
34 IANGROVE TERRACE,18.0,18,1
340 CHAPLIN CRESENT,22.0,22,1
341 OAKWOOD,10.0,10,1
3417 LAKE SHORE BLVD E,7.0,7,1
3417 LAKE SHORE BOULEV,10.0,10,1
3419 SHEPPARD AVE EAST,0.0,0,1
345 THE EAST MALL,18.0,18,1
3450 STEELES AVE,6.0,6,1
3472 BLOOR ST W,15.0,15,1
3479 ST CLAIR AVE EAST,0.0,0,1
3479 ST CLAIR EAST,15.0,15,1
3480 MCNICOLL AVE,15.5,31,2
3492 LAWRENCE E,0.0,0,1
35 ARLETA AVE,0.0,0,1
35 BRUMELL STREET,11.0,11,1
35 OASIS BLVD,12.0,12,1
35 PARK HOME AVE,0.0,0,1
35 ST DENNIS DR,9.0,9,1
35 TAYSHAM CRESCENT,20.0,20,1
35 THORNCLIFFE PARK DR,7.0,7,1
350 FLINT RD,3.0,3,1
352 SHERBOURNE ST,10.0,10,1
353 WINDERMERE AVENUE,15.0,15,1
3531 EGLINTON AVE W,24.0,24,1
3550 SHEPPARD,18.0,18,1
3574 EGLINTON AVE WEST,14.0,14,1
359 YONGE STREET,0.0,0,1
3594 EGLINTON AVE W,16.0,16,1
36 DANILACK COURT,20.0,20,1
36 HUDDLESTON CREST,10.0,10,1
36 NORTH QUEEN,0.0,0,2
36 NORTH QUEEN (NORTH,0.0,0,1
36 TWELFTH ST,0.0,0,1
36 WESTON RD,15.0,15,1
360 OAKWOOD AVE,10.0,10,1
3600 YONGE,15.0,15,1
3600 YONGE ST,0.0,0,1
361 TIPPETT RD,8.0,8,1
3615 WESTON RD,10.0,10,1
3616 DUFFERIN STREET,10.0,10,1
362 MORNINGSIDE,8.0,8,1
3621 LAKE SHOREBLVD,24.0,24,1
3624 DUNDAS ST W,30.0,30,1
3659 LAWRENCE AVE E,30.0,30,1
367 RONCESVALLES,20.0,20,1
369A DAVENPORT RD,20.0,20,1
37 LEMONWOOD DR,0.0,0,1
37 WILLIAM KITCHEN ROA,10.0,10,1
370 ST CLAIR AVENUE,10.0,10,1
370 ST CLAIR AVENUE WE,0.0,0,1
3701 DANFORTH AVE,15.0,15,1
372A OAKWWOD AVE,10.0,10,1
3749 BATHURST ST,0.0,0,1
375 ST CLAIR AVE W,10.0,10,1
3755 BLOOR ST W,22.0,22,1
3755 VICTORIA PARK,7.0,7,1
377 EVANS AVENUE,10.0,10,1
3786 STEELES AVENUE WE,30.0,30,1
379 ST CLAIR AVENUE WE,0.0,0,1
379 WILSON AVE,8.0,8,1
38 BARTON AVENUE,0.0,0,1
38 FONTENAY,12.0,12,1
38 HIGHLAND CREEK ROUT,0.0,0,1
38 HUTCHERSON SQUARE,10.0,10,1
38 JANSUSIE ROAD,20.0,20,1
3801 BLOOR STREET WEST,13.0,13,1
381 WILSON AVENUE,9.0,9,1
3821 WESTON RD,12.0,12,1
3850 STEELES AVENUE WE,2.0,2,1
3865 LAKE SHORE BLVD W,0.0,0,1
3868 BATHURST ST,10.0,10,1
387 VAUGHAN ROAD,3.5,7,2
387 WOODBINE AVE,0.0,0,1
388 EVANS AVE,27.5,55,2
388 EVANS AVENUE,15.0,15,1
3885 YONGE ST,28.0,28,1
39 DUNDALK DRIVE,0.0,0,1
39 ERINDALE AVE,9.818181818181818,108,11
39 ERINDALE AVENUE,8.5,17,2
39 REDLEA,12.0,12,1
39 REDLEA AVENUE,11.0,11,1
391 ALLIANCE,0.0,0,6
391 ALLIANCE AVE,0.0,0,1
3910 BATHURST,10.0,10,1
3941 LAWRENCE AVE EAST,0.0,0,1
395 DANFORTH ROAD,7.0,7,1
396 ST CLAIR,8.0,8,1
396 ST CLAIR AVE WEST,10.0,10,1
396 ST CLAIR AVENUE,9.0,9,1
396 ST CLAIR AVENUE WE,104.0,208,2
3965 KEELE STREET,6.0,6,1
3969 KEELE ST,6.5,13,2
398 DANFORTH RD,17.6,88,5
398 E DANFORTH ROAD,20.0,40,2
398E DANFORTH RD,12.0,36,3
398E DANFORTH ROAD,11.666666666666666,35,3
399 ST CLAIR AVE,7.0,7,1
4 NIGHTSTAR ROAD,15.0,15,1
4 RAYSIDE DRIVE,30.0,30,1
40 BARTOR ROAD,20.0,20,1
40 CARL HALL,0.0,0,1
40 GODSTONE RD,0.0,0,1
40 MIDDLEFIELD ROAD,30.0,30,1
40 MILVAN DR,20.0,20,1
40 PATON ROAD,10.0,10,1
40 RIVALDA,10.0,10,1
400 AND 401,6.0,6,1
400 BURNHAMTHORPE ROAD,0.0,0,1
400 DANFORTH AVE,16.0,32,2
400 DANFORTH RD,24.666666666666668,148,6
400 DANFORTH ROAD,15.666666666666666,47,3
400 EVANS AVE,13.181818181818182,145,11
400 EVANS AVENUE,14.8,74,5
400 EVANS ROAD,0.0,0,1
400 GREENWOOD,0.0,0,1
400 ROCKCLIFFE,118.0,118,1
400 ROCKCLIFFE BLVD,409.5,819,2
400 WESTON ROAD,0.0,0,1
4000 WESTON ROAD,8.0,8,1
4005 EGLINTON AVE WEST,22.0,22,1
401 - KEELE EXIT,10.0,10,1
401 AND 400,15.0,15,1
401 AND 427,60.0,60,1
401 AND ISLINGTON,18.0,18,1
401 AND MARKHAM,121.0,121,1
401 AND MARKHAM RD,0.0,0,1
401 AND MARTINGROVE,20.0,20,1
401 AND MORNINGSIDE,10.0,10,1
401 AND VICTORIA PARK,0.0,0,1
401 AND W OF JANE,0.0,0,1
401 AND WATDEN,0.0,0,1
401 EXIT RAMP AT WESTO,0.0,0,1
401 W/B BEFORE DIXON,13.0,13,1
402 LIVINGSTON,11.0,11,1
4022 MAJOR MACKENZIE D,22.0,22,1
4025 YONGE ST,10.0,10,1
4025 YONGE STREET,20.0,20,1
4032 FINCH,10.0,10,1
404 AND SHEPPARD,4.0,8,2
4077 SHEPPARD AVE E,0.0,0,1
409 AND MARTINGROVE,15.0,15,1
409 AND VISCOUNT,30.0,30,1
409 BETWEEN 401 AND MA,15.0,15,1
409 EVANS AVENUE,9.0,9,1
409 PARLIAMENT,0.0,0,1
410 MARLEE AVE,27.0,27,1
410 NUGGET AVENUE,20.0,20,1
4104 KING STREET,25.0,25,1
412 O'CONNOR,22.0,22,1
415 LANSDOWNE AVE,24.0,24,1
417 EVANS AVENUE,10.0,10,1
4177 LAWRENCE AVENUE E,14.0,14,1
418 WILSON AVENUE,0.0,0,1
419 WILSON AVE,8.0,8,1
42 BLACK CREEK DRIVE,14.0,14,1
42 HUDDLESTON CRESCENT,10.0,10,1
42 MILFORD AVE (KEELE,21.0,21,1
42 YONGE ST,10.0,10,1
4205 BROWNS LINE,26.0,26,1
421 WILSON AVE,7.0,7,1
422 LANSDOWNE AVE,6.0,6,1
4220 STEELES AVENUE WE,7.0,7,1
425 BLOOR,24.0,24,1
425 DANFORTH RD,25.0,25,1
425 SHERBOURNE STREET,5.0,5,1
427 AND DIXON,110.0,110,1
427 AND RENFORTH,164.0,164,1
427 BROADVIEW AVE,10.0,10,1
427 E/B RAMP TO PEARSO,9.0,9,1
427 SOUTH ABOVE EGLINT,10.0,10,1
4279 LAWRENCE AVENUE E,20.0,20,1
430 TAPSCOTT,0.0,0,1
430 TAPSCOTT ROAD,25.0,25,1
4300 DUFFERIN STREET,5.0,5,1
4301 KINGSTON ROAD,0.0,0,1
4309 SHEPPARD AVE EAST,0.0,0,1
4319 BOOR ST. W,30.0,30,1
436 ARLINGTON AVE,0.0,0,1
437 EVANS AVENUE,0.0,0,1
4388 KINGSTON RD,8.0,8,1
44 KEELE STREET,30.0,30,1
44 SABRINA,20.0,20,1
44 STRATHMORE BLVD,22.0,22,1
44 YORK MILLS ROAD,12.0,12,1
440 SHEPPARD AVE E,1.0,1,1
4400 EGLINTON AVE,12.0,12,1
4401 STEELES AVE W,9.0,9,1
4429 KINGSTON ROAD,15.0,15,1
449 LUMSDEN AVE,10.0,10,1
45 CASTLEGATE PLACE,9.0,9,1
45 COMSTOCK RD,0.0,0,1
45 GRENOBLE DRIVE,0.0,0,1
45 LOIRE CT,8.0,8,1
45 PLEASANT BLVD,20.0,20,1
45 PROGRESS AVENUE,10.0,10,1
45 SHEPPARD AVE W,20.0,20,1
45 ST CLAIR AVENUE WES,15.0,15,1
4500 STEELES AVENUE EA,11.0,11,1
4545 STEELES AVENUE EA,7.0,7,1
455 FRONT STREET EAST,10.0,10,1
459 CLARENS AVE,12.0,12,1
46 LANSDOWNE,4.0,4,1
46 OVERLEA BUL.,0.0,0,1
460 BROWNS LINE,21.0,21,1
4650 SHEPPARD AVE EAST,9.0,9,1
47 BERWICK,12.0,24,2
47 BERWICK AVE,9.75,39,4
47 BERWICK AVENUE,12.0,12,1
47 NICKLE STREET,11.0,11,1
47 VAUGHAN RD,10.0,10,1
4701 STEELES AVE E,10.0,10,1
472 DUPONT ST,25.0,25,1
4738 STEELES AVENUE WE,10.0,10,1
475 CHURCH ST,120.0,120,1
475 MCNICOLL AVENUE,3.0,3,1
476 EVANS AVE,20.0,20,1
476 MILNER,10.0,10,1
4770 SHEPPARD AVE E,30.0,30,1
4770 SHEPPARD AVENUE E,9.0,9,1
4770 SHEPPARD E,9.0,9,1
4775 STEELES AVE E,10.0,20,2
47A NICKLE STREET,19.5,39,2
48 PINEMORE CRESCENT,25.0,25,1
480 FRONT STREET WEST,0.0,0,1
480 GORDON BAKER,18.0,18,1
480 GORDON BAKER ROAD,18.0,18,1
481 BIRCHMOUNT ROAD,22.0,22,1
4841 YONGE ST,27.0,27,1
4841 YONGE STREET,0.0,0,1
485 DANFORTH RD,7.0,7,1
485 DANFORTH ROAD,10.0,10,1
485 SPADINA RD,18.0,18,1
488 CARLINGVIEW DRIVE,16.0,16,1
49 EGLINTON AVE E UNIT,25.0,25,1
49 NORANDA DR,18.0,18,1
49 THORNCLIFFE PARK,9.0,9,1
4900 YONGE STREET (NOR,9.0,9,1
5 CONCORDE PLACE,0.0,0,1
5 ISLINGTON AVE,30.0,30,1
5 NORTHTOWN RD,41.0,41,1
5 PARLIAMENT ST,13.0,13,1
50 ARROW RD,15.0,15,1
50 OAK STREET,90.0,90,1
50 WILSON HEIGHTS BLVD,10.0,10,1
500 COMMISSIONERS STRE,12.0,12,1
5000 SHEPPARD AVE E,0.0,0,1
5005 DUNDAS ST WEST,10.0,10,1
5005 DUNDAS STREET WES,23.0,23,1
501 OAKWOOD AVE,20.0,20,1
503 DANFORTH,9.0,9,1
5047 DUNDAS WEST,30.0,30,1
505 CONSUMERS ROAD,22.0,22,1
505 WILSON AVE,10.0,10,1
5050 SHEPPARD AVE E,16.0,48,3
5050 SHEPPARD AVENUE E,11.833333333333334,71,6
5050- 5068 SHEPPARD AV,14.0,14,1
5050-5068 SHEPPARD AVE,10.0,10,1
5059 YONGE STREET,24.0,24,1
5060 SHEPPARD,0.0,0,1
5060 SHEPPARD AVE,18.0,18,1
5060 SHEPPARD AVE E,21.0,42,2
5060 SHEPPARD AVENUE E,10.0,10,1
5082 DUNDAS WEST,5.0,5,1
5096 SHEPPARD AVENUE E,15.0,15,1
51 COMSTOCK RD,20.0,20,1
51 DOCKSIDE DR,10.0,10,1
51 PALMDALE DRIVE,6.0,6,1
51 VALLEY WOODS,0.0,0,1
5110 SHEPPARD AVENUE E,12.0,12,1
5140 YONGE STREET,0.0,0,1
516 GORODON BAKER,18.0,18,1
516 WILSON HEIGHTS,11.0,11,1
52 FAIRGLEN AVENUE,20.0,20,1
52 LEAMEADOW WAY,18.0,18,1
52 SUNCREST DR,30.0,30,1
52 WILLIAM R ALLEN ROA,12.0,12,1
52 WILLIAM ROAD,12.0,12,1
52 WILLRIAM ALLEN RD,18.0,18,1
520 COMMISSIONERS ST,10.0,10,1
520 COMMISSIONERS STRE,10.0,10,1
520 OAKWOOD AVE,10.0,10,1
520 PROGRESS AVE,20.0,20,1
5207 DUNDAS STREET WES,30.0,30,1
525 EGLINTON AVE E,5.0,5,1
525 WILSON AVE,10.0,10,1
528 EGLINTON AVENUE EA,20.0,20,1
529 WILSON AVE,10.0,20,2
53 FENMAR DRIVE,23.0,23,1
53 RIVERDALE,10.0,10,1
53 ST REGIS CRES (NEAR,20.0,20,1
5327 MARKHAM RD,12.0,12,1
533 WILSON AVENUE,7.0,7,1
538 PARLIAMENT STREET,15.0,15,1
54 BARTOR RD,24.0,24,1
545 TRETHEWEY,9.0,18,2
545 TRETHEWEY DR,15.0,15,1
546 VICTORIA PARK AVE,20.0,20,1
5468 DUNDAS W,15.0,15,1
55 MILNE AVE,0.0,0,1
55 STRACHAN AVE,0.0,0,1
55 ZENITH DRIVE,22.0,22,1
550 BAYVIEW AVENUE,30.0,60,2
5500 STEELES AVENUE WE,9.0,9,1
5509 DUNDAS ST W,24.0,24,1
5520 DUNDAS STREET WES,8.0,8,1
5533 DUNDAS STREET WES,24.0,24,1
5535 DUNDAS STREET WES,29.0,29,1
555 ROYAL YORK ROAD,10.0,10,1
555 TRETHEWEY DR,14.0,14,1
555 TRETHEWEY DRIVE,14.0,14,1
557A PAPE AVENUE,7.0,7,1
56 KENMARK BLVD,10.0,10,1
56 PARK LANE CIRCLE,28.0,28,1
56 THORNCLIFFE PARK- L,22.0,22,1
5600 YONGE ST AND FINC,9.0,9,1
5600 YONGE STREET,2.0,4,2
562 KIPLING AVE,8.0,8,1
563 MORRISH RD,12.0,12,1
5631 STEELES AVENUE EA,22.0,22,1
5637 YONGE ST,3.0,3,1
5639 YONGE ST,14.0,14,1
5639 YONGE STREET,9.0,18,2
57 FERRAND DRIVE,0.0,0,1
570 WILSON AVE,13.0,13,1
5720 BATHURST STREET,10.0,10,1
574 EGLINTON AVE W,12.0,12,1
575 LAWRENCE AVE W,25.0,25,1
5779 STEELES AVE W,25.0,25,1
58 ALBION ROAD,24.0,24,1
58 LANSDOWNE,14.0,14,1
580 COMMISSIONERS ST,12.0,12,1
580 COMMISSIONERS STRE,7.0,7,1
5800 YONGE STREET,11.666666666666666,35,3
5821 YONGE STREET,8.0,8,1
583 SHERBOURNE ST.,8.0,8,1
587 VAUGHAN RD,0.0,0,1
592 BIRCHMOUNT RD,6.0,6,1
5961 YONGE STREET,4.0,4,1
599 EVANS AVENUE,15.0,15,1
6 HAREFIELD DR,20.0,20,1
6 HOPTREE AVENUE,22.0,22,1
6 KINGSTON RD,50.0,50,1
6 LAXTON AVENUE,10.0,10,1
6 NORTHUMBERLAND STREE,5.0,5,1
6 SENTINEL RD,13.0,13,1
6 ST MATTHEWS ROAD,15.0,15,1
60 GULLIVER ROAD,50.0,50,1
60 HUTCHERSON SQUARE,25.0,25,1
60 MT PLEASANT BOULEVA,24.0,24,1
60 ST REGIS,20.0,20,1
60 WARDEN AVENUE,64.0,64,1
6000 DUFFERIN ST,9.0,9,1
603 DAVENPORT,0.0,0,1
603 DAVENPORT ROAD,0.0,0,1
6030 BATHURST STREET,10.0,10,1
6061 HIGHWAY 7,15.0,15,1
6074 KINGSTON RD,8.0,8,1
6074 KINGSTON ROAD,8.0,8,1
6081 KINGSTON RD,36.0,36,1
61 CLAIREVILLE DRIVE,68.0,68,1
61 DELBURN DR,30.0,30,1
61 OLDHAM ROAD,10.0,10,1
61 STEELES AVENUE WEST,8.0,8,1
6101 BATHURST,25.0,25,1
6113 FINCH AVENUE EAST,7.0,7,1
6135 FINCH AVENUE E,12.0,12,1
615 LANSDOWNE AVENUE,9.0,9,1
6163 LAWRENCE AVENUE,15.0,15,1
6199 STEELES AVENUE WE,20.0,20,1
62 HOWELL SQUARE,23.0,23,1
62 KENMARK BLVD,10.0,10,1
62 WALSH AVE,10.0,10,1
6200 SILVER DART DR,40.0,40,1
622 KIPLING AVE,30.0,30,1
624 KIPLING AVE,9.0,9,1
6251 LAWRENCE AVE E -,15.0,15,1
6251 LAWRENCE AVE EAST,12.0,12,1
626 SHEPPARD AVE E,25.0,25,1
629 MARKHAM ROAD,1.0,1,1
6299 YORK REGIONAL ROA,8.0,8,1
63 OSSINGTON ROUTE,0.0,0,1
630 GREENWOOD AVENUE,12.0,12,1
630 WILSON AVE,24.0,24,1
631 ST CLAIR AVENUE WE,30.0,30,1
64 BLACKWATER CRES,12.0,12,1
64 KENMARK,22.0,22,1
64 KENMARK BLVD,15.4,77,5
640 BLOOR STREET EAST,0.0,0,1
640 PARLIAMENT STREET,9.0,9,1
641 DANFORTH RD,28.0,28,1
6429 FINCH AVE WEST,0.0,0,1
643 WILSON AVE,16.0,16,1
6432 FINCH AVE W,10.0,10,1
649 EVANS AVE,17.0,17,1
6499 STEELES AVE W,13.0,13,1
65 GRAND MARSHALL,1.0,1,1
65 GRAND MARSHALL DRIV,6.0,6,1
65 ST CLAIR AVE EAST,0.0,0,1
65 THRONCLIFFE PARK,24.0,24,1
650 EVANS,15.0,15,1
651 DUFFEREIN ST,16.0,16,1
651 HUMBERWOOD BLVD,10.0,20,2
651 HUMBERWOOD BOIULEV,8.0,8,1
651 HUMBERWOOD RD,15.0,15,1
651 WARDEN AVENUE,20.0,20,1
654 RENFORTH DR,10.0,10,1
6565 BATHURST ST,7.0,7,1
65A EMMETT AVENUE,20.0,20,1
66 CRAYDON AVE,14.0,14,1
66 JAMES PARK SQUARE,0.0,0,1
66 PYNFORD CRESCENT,10.0,10,1
66 RAY AVE,8.25,33,4
66 TRETHEWEY DRIVE,12.0,12,1
662 VICTORIA PARK,10.0,10,1
665 ROSELAWN AVE,0.0,0,1
666 WILSON AVE,0.0,0,1
667 DOVERCOURT,5.0,5,1
667 DOVERCOURT RD,5.0,5,1
668 KINGSTON RD,8.0,8,1
669 OSSINGTON AVE,6.0,6,1
6705 NEILSON ROAD,0.0,0,1
6709 STEELES AVE W,10.0,10,1
675 COMMISSIONERS STRE,10.0,10,1
675 WILSON AVE,12.0,12,1
6760 DARCEL AVE,20.0,20,1
678 SHEPPARD WEST,15.0,15,1
679 MIDLAND AVE,5.0,5,1
68 BREMONDSEY RD,18.0,18,1
68 GLENRIDGE AVENUE,19.0,19,1
68 LUPIN DR,20.0,20,1
680 OSSINGTON AVENUE,20.0,20,1
682 KENNEDY RD,20.0,20,1
688 EGLINTON AVENUE EA,0.0,0,1
689 WARDEN,8.0,8,1
689 WARDEN AVE,19.5,39,2
69 CRAYDON AVE,8.0,8,1
69 CRAYDON AVENUE,25.0,25,1
691 LANSDOWNE,12.0,12,1
695 VICTORIA PARK,10.0,10,1
696 LAWRENCE AVE WEST,25.0,25,1
698 COXWELL,0.0,0,1
699 KIPLING AVE,24.0,24,1
699 KIPLING AVENUE,0.0,0,1
7 AUDUBON COURT,10.0,10,1
7 BISHOP AVE,45.0,45,1
7 BISHOP AVE - ACROSS,10.0,10,1
7 BISHOP AVENUE,6.0,6,1
7 BROOKWOOD CT,17.5,35,2
7 CARRIER DR,20.0,20,1
7 GRENVILLE STREET,0.0,0,1
7 HART HOUSE CIRCLE,0.0,0,1
7 INDUSTRY STREET,10.0,20,2
7 SPRINGHURST AVE,8.0,8,1
7 SPRINGHURST AVENUE,9.0,18,2
70 KENMARK,18.0,18,1
70 KENMARK BLVD,20.0,20,1
70 PHOTOGRAPHY DR,22.0,22,1
70 THE EAST MALL,21.0,21,1
700 ARROW RD,10.0,20,2
700 ARROW ROAD,10.75,43,4
700 BIRCHMOUNT RD,30.0,30,1
7031 MCCOWAN RD,10.0,10,1
7041 WARDSEN AVE,5.0,5,1
7050 WESTON ROAD,8.0,8,1
7067 MCCOWAN ROAD,14.0,14,1
708 COXWELL AVE,12.0,24,2
71 ELFREDA BLVD,15.0,15,1
71 PILINGTON DR,10.0,10,1
71 PRINCE ARTHUR AVE,0.0,0,1
710 KINGSTON RD,8.0,8,1
710 ORMONT DR,6.0,6,1
72 PAPE ROUTE,0.0,0,1
72 WILSON AVE,20.0,20,1
720 DON MILLS,0.0,0,1
720 ELLESMERE ROAD,9.0,9,1
725 WILSON AVE,8.0,8,1
735 DON MILLS,0.0,0,1
735 KIPLING AVE,24.0,24,1
735 PRINCE EDWARD VIAD,8.0,8,1
74 INDUSTRY ST,7.0,7,1
7420 DON MILLS RD,15.0,15,1
7420 DON MILLS ROAD,10.0,10,1
743 PAPE AVE,9.0,9,1
744 LANSDOWNE AVE,12.0,12,1
7448 EGLINTON AVE EAST,18.0,18,1
746 OSSINGTON AVE,0.0,0,1
7460 SHEPPARD AVE E,8.0,8,1
7470 WARDEN AVE,15.0,15,1
748 MARKHAM ROAD,12.0,12,1
7480 STEELES AVE EAST,9.0,9,1
749 STEELES AVENUE,0.0,0,1
75 BILLY BISHOP WAY,14.0,14,1
75 EGLINTON AVE E,20.0,20,1
75 EMMETT AVE,24.0,24,1
75 GRENOBLE DRIVE,5.0,5,1
75 PILKINGTON DRIVE,7.0,7,1
75 PLEWES RD,30.0,30,1
75 SEWELLS RD,22.0,22,1
7500 WESTON RD,10.0,10,1
7506 DON MILLS ROAD,0.0,0,1
7524 LAKESHORE BOULEVA,20.0,20,1
7527 WARDEN AVENUE,6.0,6,1
754 DON MILLS,0.0,0,1
7541 STEELES AVE E,9.0,18,2
7547 EGLINTON AVE E,15.0,15,1
755 STEELES AVE W,10.0,10,1
756 WARDEN AVE,10.0,10,1
7577 ERINDALE AVE,9.0,54,6
758 BROADVIEW AVE,8.0,8,1
758 MT PLEASANT RD,20.0,20,1
759 MIDLAND AVE,14.0,14,1
759 OSSINGTON AVENUE,10.0,10,1
76 PEMBROKE (DUNDAS &,0.0,0,1
7600 SHEPPARD AVE E,8.0,8,1
7617 EGLINTON AVE E,9.0,9,1
7623 CONSTOCK RD,0.0,0,1
764 PHARMACY AVE,10.0,10,1
7660 DON MILLS ROAD,9.0,9,1
77 DEERHIDE CRESCENT,9.0,9,1
77 HOWARD STREET,0.0,0,1
7702 POTTERY RD,7.0,7,1
772 O'CONNOR,22.0,22,1
772 O'CONNOR DR,22.0,22,1
775 BIRCHMOUNT RD,10.0,10,1
777 STEELES AVE WEST,0.0,0,1
78 HARRISON GARDEN BLV,0.0,0,1
78 TRETHEWEY DR,10.0,10,1
780 BROADVIEW AVE,18.0,18,1
780 BROADVIEW AVENUE,11.0,11,1
780 KIPLING,0.0,0,1
780 KIPLING AVE,0.0,0,1
781 O'CONNOR DRIVE,10.0,10,1
782 GERRARD STREET,22.0,22,1
7857 DANFORTH RD,12.0,12,1
7874 MARKHAM ROAD,30.0,30,1
788A BROADVIEW AVENUE,9.0,9,1
789 DON MILLS ROAD,0.0,0,1
79 DEERHIDE CRESCENT,10.0,10,1
791 BROADVIEW AVENUE,9.0,9,1
791 ISLINGTON AVENUE,14.0,14,1
793 PHARMACY,6.0,6,1
793 PHARMACY AV,0.0,0,1
793 PHARMACY AVE,24.0,24,1
793 PHARMACY AVENUE,9.0,9,1
793 WARDEN AVENUE,30.0,30,1
7931 WILSON AVE,8.0,8,1
7932 HWY 27,23.0,23,1
795 LAKE SHORE BLVD,10.0,10,1
7998 BRIMLEY,12.0,12,1
8 ANSELL AVE,19.0,19,1
8 COMMISSIONERS STREET,17.0,17,1
8 KIPLING AVE,7.0,7,1
8 PRITCHARD AVENUE,14.0,14,1
8 THORNCLIFFE DR,0.0,0,1
8 THORNCLIFFE PARK,0.0,0,2
8 THORNCLIFFE PARK DR,0.0,0,1
8 THORNCLIFFE PARK DRI,0.0,0,1
80 CARL HALL,30.0,30,1
80 CLAYSON RD,4.0,4,1
80 COE HILL DR,10.0,10,1
80 DYNAMIC,9.0,9,1
80 DYNAMIC DR,22.0,22,1
80 DYNAMIC DRIVE,21.5,43,2
80 INDUSTRY STREET,12.0,12,1
80 PROGRESS AVE,17.0,17,1
8010 BATHURST ST,11.0,11,1
802 BROADVIEW AVENUE,10.0,10,1
8052 MANITOBA ST,10.0,10,1
806 CARPENTER RD,10.0,10,1
807 BATHURST STREET,1.0,1,1
81 AUTUMN GLEN CIR,7.0,7,1
81 KELFIED RD,12.0,12,1
81 KELFIELD STREET,10.0,10,1
81 TAYSHAM CRESCENT,30.0,30,1
8100 MARKHAM ROAD,54.0,54,1
811 YONGE STREET,24.0,24,1
814 RUNNYMEDE,15.0,15,1
817 BROADVIEW AVE,22.0,22,1
819 BATHURST STREET,10.0,20,2
82 TORONTO,0.0,0,1
8200 DUFFERIN STREET,8.0,8,1
8214 DUFFERIN ST,10.0,10,1
83 NEW FOREST SQUARE,10.0,10,1
84 JAMES PARK SQUARE,8.0,8,1
845 JANE STREET,25.0,25,1
846 YONGE STREET,0.0,0,1
849 BROADVIEW,20.0,20,1
849 BROADVIEW AVE,9.5,19,2
849 BROADVIEW AVENUE,4.5,9,2
849 ELLESMERE RD,0.0,0,1
85 BLOOR STREET EAST,0.0,0,1
85 MARTIN ROSS AVE,33.0,33,1
856 RUNNYMEDE RD,10.0,10,1
860 SHEPPARD AVENUE WE,32.0,32,1
8600 MCCOWAN ROAD,24.5,49,2
863 EGLINTON AVE W,8.0,8,1
869 COXWELL AVE,10.0,10,1
875 KENNEDY RD,10.0,20,2
88 CORPORATE DR,10.0,10,1
88 SONG MEADOWAY,7.0,7,1
88 SOUTH LEASIDE ROUTE,0.0,0,1
88 TOWN CENTRE COURT,15.0,15,1
8812 SHEPPARD AVE E,24.0,24,1
889 ALLEN ROAD,0.0,0,1
889 ROYAL YORK ROAD,9.0,9,1
889 WILLIAM R ALLEN RD,21.0,42,2
889 WILLIAM R ALLEN RO,10.0,10,1
889 WILLIAM ROAD,0.0,0,1
89 MOUNT PLEASANT,20.0,20,1
890 WILLOWDALE AVENUE,0.0,0,1
896 EGLINTON AVENUE WE,10.0,10,1
899 WILLIAM R ALLEN,36.0,36,1
9 CACTUS AVE,23.0,23,1
9 CHANNEL NINE CT,15.0,15,1
9 MABELLE AVE,15.0,15,1
90 BLACK CREEK,14.0,14,1
90 SAMBA DRIVE,7.0,7,1
90 YORK MILLS,16.0,16,1
900 PASSMORE,7.0,7,1
901 EGLINTON AVE W,8.0,8,1
901 LAWRENCE AVE W,0.0,0,1
903 ISLINGTON,20.0,20,1
904 KENNEDY ROAD,20.0,20,1
906 KENNEDY RD,30.0,30,1
906 VICTORIA PARK AVE,10.0,10,1
91 CRESCENT ROAD,0.0,0,1
91 MUIR DR,22.0,22,1
91 WODDBINE AVENUE,10.0,10,1
917 SHEPPARD AVENUE WE,8.0,8,1
929 KENNEDY RD,10.0,10,1
93 HIGHLAND AVE (HIGHL,275.0,275,1
93 PASSMORE AVE,10.0,10,1
93 VICKERS RD,18.0,18,1
93 WELLINGTON ST W,1.0,1,1
939 EGLINTON AVE EAST,4.0,4,1
939 FINCH EXPRESS ROUT,0.0,0,1
940 KENNEDY ROAD,15.0,15,1
940 SCARBUROUGH CLUB R,0.0,0,1
941 PAPE AVE,0.0,0,1
941 PROGRESS - CENTENN,0.0,0,1
945 WESTON RD,5.0,5,1
947 EASTERN AVE,20.0,20,1
948 ROYAL YORK ROAD,24.0,24,1
949 WILSON AVE,6.0,6,1
95 MARTIN ROSS AVE,0.0,0,1
95 SPRING FOREST SQUAR,9.0,9,1
95 YORK MILLS ROUTE,0.0,0,1
950 DIXION ROAD,0.0,0,1
950 DIXON RD,20.0,20,1
950 DIXON ROAD,12.0,12,1
950 KIPLING AVE,17.0,34,2
954 LAWRENCE EAST EXPR,0.0,0,1
954 MIDLAND AVE,8.0,8,1
955 LAKE SHORE BOULVER,20.0,20,1
955 ROYAL YORK,21.0,63,3
955 ROYAL YORK ROAD,10.0,10,1
958 BAY ST,25.0,25,1
96 WHARTON SQUARE,30.0,30,1
960 MARKHAM RD,0.0,0,1
964 DANFORTH AVENUE,10.0,10,1
9660 YORK REGIONAL ROA,10.0,10,1
967 LAKE SHORE BLVD,10.0,10,1
969 WARDEN AVE,20.0,20,1
97 ARROW ROAD,22.0,22,1
970 DIXON ROAD,0.0,0,1
9780 YORK REGIONAL ROA,30.0,30,1
979 ELLESMERE ROAD,15.0,15,1
979 LAKE SHORE BOULEVA,22.0,22,1
98 HIGHLAND HILL,20.0,20,1
98 HUMBER RIVER,22.0,22,1
983 EASTERN AVE,15.0,15,1
986 BROADVIEW AVENUE,20.0,20,1
99 BAYLAWN DRIVE (FINC,0.0,0,1
990 MIDLAND AVE,16.0,16,1
999 MORNINGSIDE AVENUE,10.0,10,1
?FINCH STATION,14.0,14,1
ABERFOYLE AND ISLINGTO,23.916666666666668,287,12
ABERFOYLE CRESCENT AND,18.0,18,1
ABKINSON AND CLARK,0.0,0,1
ABRAFOIL CRESCENT AND,16.0,16,1
ADELAIDE AND BAY,30.0,30,1
ADELAIDE AND SHERBOURN,7.0,7,1
ADELAIDE AND YONGE,13.0,13,1
ADOBIGOK AND BIINDAGEN,12.0,12,1
AIRPORT - TERMINAL 3,10.0,10,1
AIRPORT AND AMERICAN D,45.5,91,2
AIRPORT AND BRESIER,0.0,0,1
AIRPORT AND BRESLER,12.666666666666666,38,3
AIRPORT AND CHURCHHILL,20.0,20,1
AIRPORT AND DAIRY,20.0,20,1
AIRPORT AND DERRY,126.5,506,4
AIRPORT AND HIGHWAY 42,13.0,39,3
AIRPORT AND HWY 427,0.0,0,1
AIRPORT AND INTERNATIO,20.0,20,1
AIRPORT AND JETLINE,35.0,35,1
AIRPORT AND JETLINER,22.5,90,4
AIRPORT AND MORNING ST,29.0,29,1
AIRPORT AND MORNINGSTA,138.0,138,1
AIRPORT AND NORTHWEST,17.0,17,1
AIRPORT AND SILVER DAR,20.0,20,1
AIRPORT RD AND AMERICA,36.0,36,1
AIRPORT RD AND BRESLER,25.0,25,1
AIRPORT RD AND JETLINE,15.0,15,1
AIRPORT RD AND MORNING,105.0,105,1
AIRPORT RD AND NORTHWE,19.0,19,1
AIRPORT RD AND SILVER,19.0,19,1
AIRPORT ROAD AND DERRY,30.0,30,1
AIRPORT ROAD AND HIGHW,20.0,20,1
AIRPORT ROAD AND JETLI,30.0,30,1
AIRPORT ROAD AND ORLAN,259.0,259,1
AIRPORT TERMINAL 3,0.0,0,2
AKTINSON AND DUNDUM,0.0,0,1
ALBIAN AND ARMEL COURT,20.0,20,1
ALBION AN KIPLING,7.0,7,1
ALBION AND AMEL,10.0,10,1
ALBION AND ARCOT,78.0,390,5
ALBION AND ARMEL,12.0,60,5
ALBION AND ARMEL (SOUT,32.0,32,1
ALBION AND ARMEL COURT,18.666666666666668,56,3
ALBION AND BEATTIE,24.0,24,1
ALBION AND BENSTROW,20.0,20,1
ALBION AND CALSTOCK,21.0,42,2
ALBION AND CARRIER,27.0,162,6
ALBION AND CLAIREPORT,48.0,192,4
ALBION AND CLAIRPORT,12.0,12,1
ALBION AND ELMHURSRT,24.0,24,1
ALBION AND ELMHURST,13.571428571428571,95,7
ALBION AND FINCH,9.8,98,10
ALBION AND GOLFDOWN,15.714285714285714,110,7
ALBION AND HIGHWAY 27,56.666666666666664,170,3
ALBION AND HUMBERLINE,51.7,517,10
ALBION AND HWY 27,23.0,23,1
ALBION AND ISLINGTON,22.333333333333332,134,6
ALBION AND KIPLING,38.61538461538461,502,13
ALBION AND LATONIA,10.0,10,1
ALBION AND LUND,24.0,24,1
ALBION AND MARTIN GROV,14.857142857142858,104,7
ALBION AND MARTINGROVE,23.0,23,1
ALBION AND RIVERDALE,11.0,11,1
ALBION AND SHENDALE,22.0,44,2
ALBION AND SILVERSTONE,25.0,25,1
ALBION AND SIVERSTONE,24.0,24,1
ALBION AND STEINWAY,24.0,48,2
ALBION AND TANRIDGE,30.0,30,1
ALBION AND THISTEDOWN,790.0,790,1
ALBION AND THISTLE DOW,67.5,270,4
ALBION AND THISTLEDOWN,90.0,90,1
ALBION AND TODD BROOK,24.0,24,1
ALBION AND WALSH,35.666666666666664,107,3
ALBION AND WESTMORE,21.0,42,2
ALBION AND WESTON,12.660714285714286,709,56
ALBION AND WESTON RD,6.0,6,1
ALBION RD AND CARRIER,13.0,13,1
ALEXIS AND HAMMELL,10.0,10,1
ALLAN AND LAWRENCE,0.0,0,1
ALLAN AND SHEPPARD,211.0,211,1
ALLEN AND FAYWOOD,24.0,24,1
ALLEN AND LAWRENCE WES,0.0,0,1
ALLEN AND RIMROCK,13.0,39,3
ALLEN AND SHEPPARD,33.833333333333336,203,6
ALLEN AND TRANSIT ROAD,10.0,10,1
ALLEN AND WILSON,0.0,0,1
ALLIANCE AND CLIFF,183.0,183,1
ALLIANCE AND DALRYMPLE,20.0,40,2
ALLIANCE AND JANE,20.136363636363637,443,22
ALLIANCE AND ROCKCLIFF,52.666666666666664,474,9
ALLIANCE AND WESTON,18.0,18,1
ALLIANCEN AND ROCKCLIF,20.0,20,1
ALLNESS AND FINCH,20.0,20,1
ALNESS AND DOLOMITE,46.0,46,1
ALNESS AND FINCH,22.5,45,2
ALNESS AND FLINT,20.0,20,1
ALNESS AND STEELES,343.0,343,1
ALNESS AND SUPERTEST,236.5,473,2
ALNESS AND YORK UNIVER,15.0,15,1
ALTON AND QUEEN,15.0,15,1
AMAZON CENTER,20.0,20,1
AMAZON CENTER - STEELE,12.0,12,1
AMAZON CENTRE,12.0,12,1
AMAZON CENTRE AND MORN,7.0,7,1
AMAZON FUFILLMENT CENT,16.0,32,2
AMAZON FULFILLMENT CEN,11.842105263157896,225,19
AMAZON FULFILMENT CENT,9.2,46,5
AMAZON FULLFILLMENT CE,9.5,19,2
AMAZON FULLFLLMENT CEN,7.0,7,1
AMAZON FULLMENT CENTRE,0.0,0,1
AMAZON LOOP,12.6,63,5
AMAZON LOOP (MORNINGSI,12.0,12,1
"AMAZON LOOP, NEAR MORN",5.0,5,1
AMAZONG FULFILLMENT CE,10.0,10,1
AMAZOON LOOP,20.0,20,1
AMEER AND BAYCREST,15.0,30,2
AMEER AND RANEE,210.0,420,2
AMEER AND SULTANA,0.0,0,1
AMERICAN AND AIRPORT,22.666666666666668,68,3
AMERICAN DR AND AIRPOR,23.5,47,2
ANCASTER AND HOME,22.0,22,1
ANCASTER AND POWELL,103.25,413,4
ANGLESEY AND HARTFIELD,25.0,25,1
ANGLESEY AND ISLINGTON,20.0,20,1
ANGLESEY AND KINGSWAY,30.0,30,1
ANGLESEY AND ROYAL YOR,23.75,95,4
ANGLESEY AND THE KINGS,74.0,74,1
ANGUS AND MAJOR MACKEN,20.0,20,1
ANGUS GLEN AND MAJOR M,27.0,54,2
ANGUS GLEN COMMUNITY C,107.28571428571429,751,7
ANGUS GLENN AND MAJOR,30.0,30,1
ANNETTE AND DUNDAS,0.0,0,1
ANNETTE AND EVELYN,41.5,83,2
ANNETTE AND JANE,26.0,78,3
ANNETTE AND KEELE,23.0,184,8
ANNETTE AND MEDLAND,29.0,29,1
ANNETTE AND QUEBEC,10.0,10,1
ANNETTE AND RUNNYMEDE,32.5,130,4
ANNETTE AND WILLARD,99.5,199,2
ANSFORD AND FAYWOOD,236.5,946,4
ANTIBEE AND TORRESDALE,10.0,10,1
ANTIBES AND BATHURST,8.4,42,5
ANTIBES AND PLUM TREEW,5.0,5,1
ANTIBES AND TORRESDALE,5.090909090909091,56,11
ANTIBES DR AND TORRESD,10.0,10,1
ANTLER AND SYMINGTON,45.0,45,1
APEX AND DUFFERIN,8.0,8,1
ARBORETUM BLVD AND HUM,0.0,0,1
ARBORETUM LANE,20.0,20,1
ARCOT AND ALBION,25.75,103,4
ARGUS GLEN COMMUNITY C,23.0,23,1
ARLETA AND SHEPPARD,26.666666666666668,80,3
ARLETA BETWEEN GRANDRA,53.0,53,1
ARLETTA AND SHEPPARD,25.0,25,1
ARMADALE AND BLOOR,17.333333333333332,52,3
ARMISTICE AND BAYVIEW,30.0,30,1
AROW ROAD GARAGE,16.0,32,2
ARROW AND DEERHIDE,11.0,33,3
ARROW AND FINCH,11.5,115,10
ARROW AND FINCH ( S OF,0.0,0,1
ARROW AND GAIL GROOVE,10.0,10,1
ARROW AND LIDO,13.0,26,2
ARROW AND MCLACHLAN,18.0,18,1
ARROW AND SHEPPARD,24.6,123,5
ARROW DIV @APPROX 545,0.0,0,1
ARROW DIVISION,8.153846153846153,106,13
ARROW DIVISION - TRAFF,0.0,0,1
ARROW GARAGE,10.891752577319588,2113,194
ARROW GARAGE - BUS ENT,20.0,20,1
ARROW GARAGE - BUS LAN,0.0,0,1
ARROW GARAGE - TRACK 8,12.0,12,1
ARROW GATE NORTH,13.0,13,1
ARROW RD AND BARTOR,72.0,72,1
ARROW RD GARAGE,7.222222222222222,130,18
ARROW RD GARGE,10.0,10,1
ARROW ROAD AND FINCH,0.0,0,1
ARROW ROAD AND GAIL GR,10.0,10,1
ARROW ROAD DIVISION ST,16.0,16,1
ARROW ROAD GARAGE,6.261904761904762,263,42
ARROW ROAD YARD,0.0,0,1
ARROW TRAFFIC OFFICE,12.5,25,2
ARTHUR MEIGHAN BUILDIN,15.0,15,1
ASHBRIDGES BAY LOOP,697.0,697,1
ASHBRIDGES LOOP,10.0,10,1
ASHBRIDGES LOOP (LAKES,10.0,10,1
ASHTONBEE AND WARDEN,20.0,20,1
ATKINSON AND ALTON,376.0,752,2
ATKINSON AND BATHURST,0.0,0,2
ATKINSON AND CENTRE,110.0,110,1
ATKINSON AND CLARK,76.5,459,6
ATKINSON AND CLARKE,291.0,291,1
ATKINSON AND EDMUND SE,234.0,234,1
ATKINSON AND FLAMINGO,160.0,320,2
ATKINSON AND RODEO,0.0,0,1
ATKINSON AND ROSEDALE,0.0,0,1
ATLANIC AND KING,4.0,4,1
ATLANTIC AND KING,10.214285714285714,429,42
ATLANTIC AND KING W,5.0,5,1
ATLANTIC AND LIBERTY,23.0,23,1
ATLANTIC AND SNOOKER,0.0,0,1
ATLANTIC AND SNOOKER S,10.0,10,1
ATLANTIC AVE AND KING,4.0,4,1
ATLANTIC AVENUE AND KI,5.0,5,1
ATOMIC AND NORTH QUEEN,328.0,328,1
ATTWELL AND CARLINGVIE,18.0,18,1
ATTWELL AND CARLSON,24.0,24,1
ATTWELL AND DISCO,20.0,20,1
ATTWELL AND FAMBORA,22.0,22,1
ATTWELL AND FARNBORO,71.0,142,2
ATTWELL AND MCLACHLAN,207.0,207,1
ATWELL AND CARLINGVIEW,16.0,16,1
ATWELL AND DISCO,10.0,10,1
ATWELL AND MCLACHLAN,10.0,20,2
AUCKLAND AND DUNDAS,23.0,46,2
AUDLY AND NEW CASTLE,30.0,30,1
AUKLAND AND BLOOR,16.0,16,1
AUKLAND AND DUNDAS,20.384615384615383,265,13
AUKLAND AND ST ALBANS,14.0,14,1
AVANUE AND LYTON,12.0,12,1
AVENUE AND BALMORAL,0.0,0,1
AVENUE AND BELMORAL (,25.0,25,1
AVENUE AND BLOOR,16.307692307692307,212,13
AVENUE AND BOMBAY,22.5,45,2
AVENUE AND BOMBAY LOOP,83.0,83,1
AVENUE AND BROOKE,18.0,18,1
AVENUE AND BURNABY,115.0,115,1
AVENUE AND CHAPLIN,9.0,9,1
AVENUE AND CHARLES,23.0,23,1
AVENUE AND COLLEGE VIE,470.0,470,1
AVENUE AND COTTINGHAM,27.8,139,5
AVENUE AND DAVENPORT,67.2,336,5
AVENUE AND DELORAINE,22.0,22,1
AVENUE AND DOUGLAS,12.0,36,3
AVENUE AND DOUGLAS AV,20.0,20,1
AVENUE AND DUNBLAINE,0.0,0,1
AVENUE AND DUPONT,87.5,175,2
AVENUE AND EGLINTON,23.625,378,16
AVENUE AND ELGIN,30.0,30,1
AVENUE AND FAIRLAWN,13.0,39,3
AVENUE AND GLENGROVE,20.333333333333332,61,3
AVENUE AND GLENVIEW,69.0,69,1
AVENUE AND HILLHURST,18.666666666666668,56,3
AVENUE AND HILLHUST,20.0,20,1
AVENUE AND HWY 401,0.0,0,1
AVENUE AND LAWRENCE,13.466666666666667,202,15
AVENUE AND LONSDALE,24.5,49,2
AVENUE AND LYTTON,19.0,38,2
AVENUE AND MELROSE,17.4,87,5
AVENUE AND MUSEUM TO D,0.0,0,1
AVENUE AND OAKLANDS,129.0,129,1
AVENUE AND OLD ARCHOR,9.0,9,1
AVENUE AND OLD OCHARD,24.0,24,1
AVENUE AND OLD ORCHARD,3.6,18,5
AVENUE AND ORCHARD GRO,20.0,20,1
AVENUE AND OTTER,9.0,18,2
AVENUE AND OTTER CRES,15.0,15,1
AVENUE AND RIDLEY,11.75,47,4
AVENUE AND ROE,19.0,38,2
AVENUE AND ROSEDALE,20.0,20,1
AVENUE AND ROSELAWN,13.583333333333334,163,12
AVENUE AND ST CLAIR,24.5,49,2
AVENUE AND ST CLAIR (N,10.0,10,1
AVENUE AND ST CLAIR WE,24.0,24,1
AVENUE AND ST CLEMENTS,9.5,38,4
AVENUE AND ST GERMAIN,98.0,294,3
AVENUE AND WEBSTER,10.0,10,1
AVENUE AND WILLOWBANK,98.0,196,2
AVENUE AND WILSON,14.785714285714286,207,14
AVENUE RD AND DUPONT,83.0,83,1
AVENUE RD AND EGLINTON,16.5,33,2
AVENUE RD AND LAWRENCE,13.5,27,2
AVENUE RD AND LYTTON B,18.0,18,1
AVENUE RD AND OLD ORCH,16.5,33,2
AVENUE RD AND RIDLEY,0.0,0,1
AVENUE RD AND ST CLAIR,25.0,25,1
AVENUE RD AND ST CLEME,18.0,18,1
AVENUE RD AND WOBURN,9.0,9,1
AVENUE ROAD AND MELROS,18.0,18,1
AVENUE ROAD AND OLD OR,30.0,30,1
AVENUE ROAD AND RIDLEY,42.0,42,1
AVENUR AND ROSELAWN,18.0,18,1
AVENUW AND WILSON,10.0,10,1
AVEUNE AND LAWRENCE,0.0,0,1
AVOCA AND PLEASANT,109.33333333333333,656,6
AVOCA AND PLEASANT BLV,22.0,44,2
AVOCA AND ST CLAIR,489.25,1957,4
AVOCA AND ST CLAIR AVE,20.0,20,1
AVON AND WESTON,10.0,10,1
AVON LOOP,14.452380952380953,607,42
AVON LOOP (WESTON AND,16.0,32,2
AVON LOOP AND WESTON,15.333333333333334,46,3
AVON LOOP AND WESTON R,22.0,22,1
AVON LOOP- WESTON AND,0.0,0,1
AVON LOOP.,10.0,10,1
BAECREST AND WESTWAY,22.0,22,1
BAIAN AND VAN HORNE,30.0,30,1
BALDONI AND FINCH,0.0,0,1
BALDOON AND CROW TRAIL,15.0,15,1
BALDOON AND FINCH,15.333333333333334,46,3
BALDOON RD AND FINCH,12.0,12,1
BAMFORD AND HALLMAR,10.0,10,1
BANFF AND EGLINTON,10.0,10,1
BANNATYNE AND DAVEAN,139.8,699,5
BANNATYNE AND LESLIE,20.0,20,1
BANNATYNE AND RIDERWOO,25.0,25,1
BANNATYNE AND WOODSWOR,63.0,63,1
BANNATYNE DRIVE AND BE,0.0,0,1
BARBER GREENE AND WREN,30.0,30,1
BARKDENE HILLS AND BRO,20.0,80,4
BARKDENE HILLS AND EAS,120.0,120,1
BARKDENE HILLS AND GRA,147.0,294,2
BARKER AND GREENMOUNT,10.0,10,1
BARKWIN AND ISLINGTON,16.0,16,1
BARMAC AND GARYRAY,8.0,8,1
BARMAC AND ORMONT,8.0,56,7
BARMAC AND ORMOUNT,8.0,8,1
BARMAC AND S OF STEELE,6.0,6,1
BARNATYNE AND SILVERGR,20.0,20,1
BARRINGTON AND LUMSDEN,36.0,36,1
BARRINGTON AND SEACORD,10.0,10,1
BARRINGTON AND SECORD,38.0,76,2
BARTHURST AND WILSON,10.0,10,1
BATHRUST AND LAWRENCE,5.0,20,4
BATHRUST AND ROSELAWN,30.0,30,1
BATHURAT AND SHEPPARD,10.0,10,1
BATHURAT AND WILSON,5.0,5,1
BATHURS AND LAWRENCE,5.0,5,1
BATHURST,10.0,10,1
BATHURST & COLLEGE,30.0,30,1
BATHURST ANBD ANTIBES,24.0,24,1
BATHURST AND ALCINA,6.0,42,7
BATHURST AND ALLINGHAM,10.0,110,11
BATHURST AND ANTIBES,9.933333333333334,149,15
BATHURST AND ARDMORE,36.666666666666664,220,6
BATHURST AND ATKINSON,10.0,20,2
BATHURST AND AVA,9.285714285714286,65,7
BATHURST AND AVA ROADS,0.0,0,1
BATHURST AND BAINBRIDG,13.545454545454545,149,11
BATHURST AND BANNOCKBU,10.0,10,1
BATHURST AND BARTON,11.05,221,20
BATHURST AND BAYCREST,9.125,73,8
BATHURST AND BAYCRST,10.0,10,1
BATHURST AND BEDFORD P,5.0,10,2
BATHURST AND BLOOR,23.333333333333332,70,3
BATHURST AND BLUE FLAG,6.0,30,5
BATHURST AND BRENTHALL,38.666666666666664,116,3
BATHURST AND BRIAR HIL,17.5,140,8
BATHURST AND BRIDGEMAN,11.2,56,5
BATHURST AND BRIDGMAN,5.0,10,2
BATHURST AND BROOKE,10.0,10,1
BATHURST AND BURNSIDE,10.0,10,1
BATHURST AND BURTON,18.0,144,8
BATHURST AND CANYON,0.0,0,1
BATHURST AND CARIBOU,18.5,74,4
BATHURST AND CARPENTER,0.0,0,1
BATHURST AND CASTLEFIE,0.0,0,1
BATHURST AND CEDARCROF,10.5,63,6
BATHURST AND CHARLESWO,23.0,46,2
BATHURST AND CLARK,11.1,111,10
BATHURST AND CLARK AVE,0.0,0,2
BATHURST AND CLARKE,80.0,80,1
BATHURST AND CLAXTON,6.6,33,5
BATHURST AND CODSELL,10.2,102,10
BATHURST AND CODSELL (,24.0,24,1
BATHURST AND CODSELL A,0.0,0,2
BATHURST AND COLDSTREA,10.0,20,2
BATHURST AND COLLEGE,19.0,76,4
BATHURST AND CORDOBA,0.0,0,1
BATHURST AND COVINGSTO,10.0,10,1
BATHURST AND COVINGTON,10.75,43,4
BATHURST AND CRANBROOK,0.0,0,1
BATHURST AND DANBY,2.5,10,4
BATHURST AND DAVENPORT,41.6551724137931,1208,29
BATHURST AND DELAWARE,10.0,10,1
BATHURST AND DELHI,5.0,10,2
BATHURST AND DELL PARK,8.0,40,5
BATHURST AND DEWBORNE,5.0,5,1
BATHURST AND DEWBOURNE,18.0,216,12
BATHURST AND DEWLANE,39.666666666666664,238,6
BATHURST AND DON LAKE,5.714285714285714,40,7
BATHURST AND DOUGLAS,10.0,30,3
BATHURST AND DREWERY,0.0,0,1
BATHURST AND DREWRY,15.545454545454545,171,11
BATHURST AND DUNBLAINE,40.0,40,1
BATHURST AND DUNDAS,6.0,30,5
BATHURST AND DUPONT,32.464285714285715,909,28
BATHURST AND DUPONY,25.0,25,1
BATHURST AND EAST PROM,59.0,59,1
BATHURST AND EGLINTON,11.925,477,40
BATHURST AND ELDERWOOD,10.0,10,1
BATHURST AND ELLERSLIE,15.625,125,8
BATHURST AND ELM RIDGE,6.666666666666667,40,6
BATHURST AND FAIRLAWN,10.0,30,3
BATHURST AND FARRELL,9.0,18,2
BATHURST AND FINCH,11.032786885245901,673,61
BATHURST AND FISHERVIL,18.25,365,20
BATHURST AND FOREST RI,41.0,82,2
BATHURST AND FORT YORK,30.0,30,1
BATHURST AND GLENCAIRN,16.0,128,8
BATHURST AND GLENCARIN,10.0,10,1
BATHURST AND GLENGROVE,41.42857142857143,290,7
BATHURST AND GREEN VIL,10.0,10,1
BATHURST AND GREEN WIN,13.333333333333334,40,3
BATHURST AND GREENVIN,0.0,0,1
BATHURST AND GREENWIN,11.529411764705882,392,34
BATHURST AND GREENWOOD,15.0,15,1
BATHURST AND HARBORD,38.0,76,2
BATHURST AND HEATHDALE,8.125,65,8
BATHURST AND HELENA,10.0,10,1
BATHURST AND HILLCREST,10.0,20,2
BATHURST AND HILLHURST,10.0,10,1
BATHURST AND HOPSPUR,105.0,105,1
BATHURST AND HORSHAM,26.0,78,3
BATHURST AND HOTSPUR,43.0,172,4
BATHURST AND HWY 401,8.0,8,1
BATHURST AND INVERMAY,32.44444444444444,292,9
BATHURST AND JOICEY,8.0,8,1
BATHURST AND JOICEY BL,10.0,10,1
BATHURST AND KING,5.833333333333333,35,6
BATHURST AND LAURELCRE,5.2,26,5
BATHURST AND LAWNRENCE,18.0,18,1
BATHURST AND LAWRENCE,13.196428571428571,739,56
BATHURST AND LONDON,0.0,0,1
BATHURST AND LONSDALE,10.0,10,1
BATHURST AND LONSDALE.,0.0,0,1
BATHURST AND LONSMOUNT,10.0,10,1
BATHURST AND LYONSGATE,10.0,10,1
BATHURST AND LYTTON,16.0,32,2
BATHURST AND LYTTON BL,10.0,10,1
BATHURST AND MARKDALE,10.0,20,2
BATHURST AND MARQUETT,10.0,10,1
BATHURST AND MARQUETTE,10.0,10,1
BATHURST AND MASCOT,10.0,10,1
BATHURST AND MASCOT PL,10.0,10,1
BATHURST AND MCALLISTE,10.0,10,1
BATHURST AND MELROSE,8.333333333333334,50,6
BATHURST AND MILNER GA,12.5,25,2
BATHURST AND MONTCLAIR,10.0,10,1
BATHURST AND NASSAU,0.0,0,1
BATHURST AND NEPTUNE,21.5,86,4
BATHURST AND NEW WESTM,10.0,20,2
BATHURST AND NIAGARA,20.0,40,2
BATHURST AND NINA,21.2,212,10
BATHURST AND OLD FORES,10.0,10,1
BATHURST AND OLIVE,10.0,20,2
BATHURST AND PATRICIA,7.888888888888889,71,9
BATHURST AND PRINCE CH,11.666666666666666,35,3
BATHURST AND QUEEN,31.90909090909091,351,11
BATHURST AND RAEBURN,5.0,10,2
BATHURST AND RAEBURN A,10.0,10,1
BATHURST AND RANEE,18.571428571428573,130,7
BATHURST AND REINER,5.0,10,2
BATHURST AND REINER (,25.0,25,1
BATHURST AND REINER RD,10.0,10,1
BATHURST AND RIDGE HIL,17.0,51,3
BATHURST AND RIDGEHILL,0.0,0,1
BATHURST AND ROCKFORD,10.857142857142858,76,7
BATHURST AND ROESLAWN,27.0,27,1
BATHURST AND ROSELAWN,35.714285714285715,500,14
BATHURST AND SARANAC,0.0,0,1
BATHURST AND SARNAC,10.0,10,1
BATHURST AND SHELBORNE,6.666666666666667,20,3
BATHURST AND SHELBOURN,10.0,20,2
BATHURST AND SHEPPARD,20.581818181818182,1132,55
BATHURST AND SHEPPPARD,10.0,10,1
BATHURST AND SOUTHBOUR,11.133333333333333,167,15
BATHURST AND ST CLAIR,8.756756756756756,324,37
BATHURST AND ST LAWREN,10.0,10,1
BATHURST AND ST. CLAIR,5.5,77,14
BATHURST AND ST. LAWRE,10.0,10,1
BATHURST AND ST.CLAIR,391.0,391,1
BATHURST AND STAFFORD,6.25,25,4
BATHURST AND STEELES,13.586206896551724,394,29
BATHURST AND STRAFFORD,10.0,10,1
BATHURST AND STRATHALL,10.0,20,2
BATHURST AND STRATHEAR,18.428571428571427,129,7
BATHURST AND TERRACE A,10.0,10,1
BATHURST AND TICHESTER,11.142857142857142,78,7
BATHURST AND TIMBERLAN,6.666666666666667,20,3
BATHURST AND TOWNS GAT,119.0,119,1
BATHURST AND TOWNSGATE,12.0,24,2
BATHURST AND ULSTER,41.5,83,2
BATHURST AND VAUGHAN,15.0,60,4
BATHURST AND VAUGHAN R,10.0,10,1
BATHURST AND VESTA,9.6,48,5
BATHURST AND VESTA DRI,15.0,15,1
BATHURST AND VIEWMOUNT,16.666666666666668,50,3
BATHURST AND WARWICK,10.0,10,1
BATHURST AND WELLS,49.833333333333336,299,6
BATHURST AND WILSON,16.03448275862069,3255,203
BATHURST AND WOBURN,10.0,30,3
BATHURST AND YORK DOWN,0.0,0,4
BATHURST AND YORKVIEW,15.428571428571429,108,7
BATHURST ANDSHEPPARD,10.0,10,1
BATHURST AT BARTON,0.0,0,1
BATHURST AT HILLCREST,0.0,0,1
BATHURST ROUTE,0.0,0,1
BATHURST S OF WILSON,10.0,10,1
BATHURST STATION,7.5125,1202,160
BATHURST STATION - OUT,30.0,30,1
BATHURST STATION TO GR,25.0,25,1
BATHURSTA ND CODSELL,10.0,10,1
BATHUST AND ALCINA,10.0,10,1
BATHUST AND CLAIR,0.0,0,1
BATHUST AND GREENWIN,0.0,0,1
BATHUST AND STEELES,95.0,95,1
BAY AND ADELAIDE,21.0,105,5
BAY AND ALBERT,22.0,22,1
BAY AND ALDELAIDE,914.0,914,1
BAY AND BLOOR,19.526315789473685,371,19
BAY AND CHARLES,47.333333333333336,142,3
BAY AND COLLEGE,18.0,72,4
BAY AND CUMBERLAND,51.4,257,5
BAY AND DAVENPORT,50.0,150,3
BAY AND DUNDAS,37.3,373,10
BAY AND EDWARD,6.0,12,2
BAY AND ELM,265.5,531,2
BAY AND ELM ST,25.0,25,1
BAY AND FRONT,23.151515151515152,764,33
BAY AND GERRARD,23.666666666666668,71,3
BAY AND GRENVILLE,0.0,0,1
BAY AND GROSVENOR,22.0,22,1
BAY AND HAGERMAN,26.0,52,2
BAY AND HARBOUR,11.666666666666666,70,6
BAY AND KING,58.25,699,12
BAY AND LAKE SHORE,10.0,10,1
BAY AND LAKESHORE,33.42857142857143,234,7
BAY AND QUEEN,53.166666666666664,638,12
BAY AND QUEENS QUAY,5.875,47,8
BAY AND RICHMOND,148.75,595,4
BAY AND SCOLLARD,85.5,342,4
BAY AND SCOLLARD ST,104.0,104,1
BAY AND SCOTLAND,22.0,44,2
BAY AND ST JOSEPH,25.0,25,1
BAY AND WALTON,22.0,22,1
BAY AND WELLESLEY,15.0,30,2
BAY AND WELLINGTON,23.636363636363637,260,11
BAY AND YORKVILLE,22.0,22,1
BAY AT SCOLLARD ST,22.0,22,1
BAY STATION,19.8,99,5
BAYCREST AND THE WESTW,20.0,20,1
BAYVIEW & CUMMER,20.0,20,1
BAYVIEW AND (SOUTH OF),28.0,28,1
BAYVIEW AND 401,45.0,45,1
BAYVIEW AND ARJAY,25.0,25,1
BAYVIEW AND BAYIEW MEW,22.0,22,1
BAYVIEW AND BAYVIEW ME,19.0,38,2
BAYVIEW AND BING,0.0,0,1
BAYVIEW AND BLYTHWOOD,5.5,22,4
BAYVIEW AND BRICKWORKS,20.0,20,1
BAYVIEW AND BROADVIEW,11.0,22,2
BAYVIEW AND BROADWAY,23.5,47,2
BAYVIEW AND BYLTHWOOD,18.0,18,1
BAYVIEW AND BYNG,0.0,0,1
BAYVIEW AND COUNTRY LA,0.0,0,1
BAYVIEW AND CUMMER,68.0,136,2
BAYVIEW AND DAVISVILLE,21.25,85,4
BAYVIEW AND DAWLISH,34.5,138,4
BAYVIEW AND EGLINTON,17.576923076923077,457,26
BAYVIEW AND EVERGREEN,24.5,49,2
BAYVIEW AND FIFE,14.0,28,2
BAYVIEW AND FIFESHIRE,13.5,27,2
BAYVIEW AND FINCH,15.380952380952381,323,21
BAYVIEW AND FOREST HEI,20.0,20,1
BAYVIEW AND FOXWARREN,28.0,28,1
BAYVIEW AND FRONT,15.0,15,1
BAYVIEW AND GARNIER,22.5,45,2
BAYVIEW AND HEATHCOAT,83.0,83,1
BAYVIEW AND HEATHCOTE,0.0,0,1
BAYVIEW AND HIGHWAY 40,67.0,67,1
BAYVIEW AND HILLCREST,60.5,121,2
BAYVIEW AND HILLSDALE,68.0,68,1
BAYVIEW AND KILGOUR,21.6,108,5
BAYVIEW AND LAWREN HAR,202.0,202,1
BAYVIEW AND LAWRENCE,21.866666666666667,328,15
BAYVIEW AND MANOR,14.0,28,2
BAYVIEW AND MCKEE,60.0,120,2
BAYVIEW AND MILLWOOD,13.166666666666666,79,6
BAYVIEW AND MILWOOD,0.0,0,1
BAYVIEW AND MOORE,59.42857142857143,1248,21
BAYVIEW AND NESBITT,61.75,247,4
BAYVIEW AND OLD COLONY,9.0,9,1
BAYVIEW AND PARKHURST,11.0,22,2
BAYVIEW AND POST,25.0,25,1
BAYVIEW AND POST ROAD,20.0,20,1
BAYVIEW AND POTTERY,129.83333333333334,779,6
BAYVIEW AND POTTERY RD,561.0,561,1
BAYVIEW AND RISEBROUGH,28.0,28,1
BAYVIEW AND SHEPPARD,9.6,48,5
BAYVIEW AND SOUDAN,15.0,30,2
BAYVIEW AND STEELES,39.0,1170,30
BAYVIEW AND STEELES -,12.0,12,1
BAYVIEW AND STEELES LO,25.0,100,4
BAYVIEW AND SUTHERLAND,22.0,22,1
BAYVIEW AND TARBERT,7.0,7,1
BAYVIEW AND TRUMAN,0.0,0,1
BAYVIEW AND TRUMEN,120.0,120,1
BAYVIEW AND TUDOR GATE,14.0,28,2
BAYVIEW AND VALLEY,28.0,28,1
BAYVIEW AND VALLEYANNA,11.0,22,2
BAYVIEW AND VALLEYNNA,0.0,0,1
BAYVIEW AND WELLNESS W,32.0,64,2
BAYVIEW AND WOOD,19.666666666666668,59,3
BAYVIEW AND YORK MILLS,10.333333333333334,62,6
BAYVIEW AVENUE AND POS,30.0,30,1
BAYVIEW LOOP,18.0,36,2
BAYVIEW SOUTH AND POTT,221.0,221,1
BEACHALL AND EGLINTON,8.0,8,1
BEACROFT AND ELMHURST,120.0,120,1
BECKFORD AND LOWTHER,0.0,0,1
BEDFORD AND BERNARD,86.0,86,1
BEDFORD AND BLOOR,0.0,0,2
BEDFORD AND DAVENPORT,207.875,1663,8
BEDFORD AND DUPONT,0.0,0,1
BEDFORD AND ELM,30.0,30,1
BEDFORD AND LOWTHER,98.66666666666667,296,3
BEDFORD AND PEARS,19.0,19,1
BEDFORD AND PRINCE ART,132.5,265,2
BEDFORS AND LOWTHER,27.0,27,1
BEECHGROVE AND CORONAT,18.0,18,1
BEECHGROVE AND LAWRENC,18.0,18,1
BEECHGROVE AT CORONATI,38.0,38,1
BEECROFT AND SHEPPARD,11.363636363636363,250,22
BEECROFT RD AND SHEPPA,1.0,1,1
BEFORD AND DAVENPORT,80.0,80,1
BELFIED AND HIGHWAY 27,10.0,10,1
BELFIELD AND ATTWELL,5.25,21,4
BELFIELD AND BROCKPORT,16.4,82,5
BELFIELD AND HIGHWAY 2,12.5,25,2
BELFIELD AND HWY 27,15.0,15,1
BELFIELD AND IRON,15.0,15,1
BELFIELD AND KIPLING,23.285714285714285,163,7
BELFIELD AND MARTIN GR,17.333333333333332,52,3
BELFIELD AND SHAFT,21.0,21,1
BELFIELD RD W OF MARTI,4.0,4,1
BELLAMY AND BENLEIGH,28.0,28,1
BELLAMY AND BRAEBURN,22.0,22,1
BELLAMY AND BURNVIEW,10.0,10,1
BELLAMY AND CEDAR BRAE,26.0,26,1
BELLAMY AND CORPORATE,17.0,187,11
BELLAMY AND EGLINTON,22.666666666666668,136,6
BELLAMY AND ELLESMERE,37.666666666666664,113,3
BELLAMY AND FARMBROOK,18.0,18,1
BELLAMY AND GRACE,47.0,47,1
BELLAMY AND KINGSTON,0.0,0,1
BELLAMY AND KINGSTON R,32.0,32,1
BELLAMY AND LAWRENCE,23.09090909090909,254,11
BELLAMY AND NEILSON,15.0,15,1
BELLAMY AND NELSON,92.0,92,1
BELLAMY AND NELSON TO,39.0,39,1
BELLAMY AND PAINTED PO,25.333333333333332,76,3
BELLAMY AND PANDORA CI,22.0,22,1
BELLAMY AND PORCHESTER,15.0,30,2
BELLAMY AND PROGRESS,25.0,50,2
BELLAMY AT BRIMORTON,123.0,123,1
BELLEFIELD AND MARTIN,20.0,20,1
BELLFIELD AND MARTIN G,20.0,20,1
BELLMAY AND LAWRENCE,28.0,28,1
BELMONT AND DAVENPORT,0.0,0,1
BELMONT AND ROXBOROUGH,25.0,25,1
BENTON AND COLVILLE,0.0,0,1
BENTON AND LAWRENCE,32.0,192,6
BENTON AND LAWRENCE W,10.0,10,1
BEREKELY AMND THE ESPL,255.0,255,1
BERGAMONT AND ISLINGTO,18.0,36,2
BERGAMOT AND ISLINGTON,13.2,66,5
BERGAMOT AND REXDALE,20.333333333333332,61,3
BERGARMOT AND REXDALE,38.0,38,1
BERKELEY AND FRONT,17.0,17,1
BERKELEY ST AND KING,7.0,7,1
BERKLEY AND FRONT,130.5,261,2
BERLELEY AMD FRONT,20.0,20,1
BERMONDSEY AND BARTLEY,11.666666666666666,35,3
BERMONDSEY AND EGLINTO,5.0,15,3
BERMONDSEY AND MOBILE,20.0,40,2
BERMONDSEY AND NORTHLI,20.0,20,1
BERMONDSEY AND SUNRISE,7.666666666666667,23,3
BERRY AND BALLACAINE,12.5,25,2
BERRY AND CLOVERHILL,20.5,41,2
BERRY AND GREENMOUNT,10.0,10,1
BERRY AND PARK LAWN,19.333333333333332,58,3
BERRY AND PARKLAWN,25.625,205,8
BERRY RD AND PRINCE ED,0.0,0,1
BERTRAND AND WARDEN,5.0,5,1
BERWICK AND YONGE,209.33333333333334,628,3
BETH NEALSON AND WICKS,5.0,10,2
BETH NEALSON DR AND PA,14.0,14,1
BETWEEN - AIRPORT (TER,0.0,0,1
BETWEEN KINGSTON AND D,0.0,0,1
BETWWEN AIRPORT (TERMI,0.0,0,1
BEVERELY HILLS AND WIL,42.0,42,1
BEVERERLY HILLS AND WI,105.0,105,1
BINGHAM AND KINGSTON,6.25,25,4
BINGHAM AND KINGSTON R,30.0,30,1
BINGHAM LOOP,47.67741935483871,2956,62
BIRCHMNOUNT GARAGE,15.0,15,1
BIRCHMONT AND EGLINTON,10.0,10,1
BIRCHMOUNT AND 14TH,10.0,10,1
BIRCHMOUNT AND 401,10.0,10,1
BIRCHMOUNT AND ANACOND,63.0,252,4
BIRCHMOUNT AND ASHTONB,18.5,37,2
BIRCHMOUNT AND BAY MIL,12.666666666666666,38,3
BIRCHMOUNT AND BERTRAN,45.666666666666664,137,3
BIRCHMOUNT AND BESWICK,20.0,20,1
BIRCHMOUNT AND BONIS,0.0,0,1
BIRCHMOUNT AND BONNIEW,16.0,32,2
BIRCHMOUNT AND BROOKMI,18.5,37,2
BIRCHMOUNT AND CAMCAST,19.0,19,1
BIRCHMOUNT AND CANADIA,10.0,10,1
BIRCHMOUNT AND CARNCAS,19.0,19,1
BIRCHMOUNT AND CASS,10.0,10,1
BIRCHMOUNT AND CHELWOO,23.0,69,3
BIRCHMOUNT AND COMSTOC,72.6,363,5
BIRCHMOUNT AND DANFORT,23.6,1062,45
BIRCHMOUNT AND DENISON,70.0,70,1
BIRCHMOUNT AND EGLINTO,33.06666666666667,496,15
BIRCHMOUNT AND ELLESME,26.4375,423,16
BIRCHMOUNT AND ENTERPR,30.0,30,1
BIRCHMOUNT AND EXFORD,10.0,20,2
BIRCHMOUNT AND FINCH,18.647058823529413,317,17
BIRCHMOUNT AND FLORINA,30.0,30,1
BIRCHMOUNT AND FOX RID,10.0,10,1
BIRCHMOUNT AND FOXRIDG,22.333333333333332,67,3
BIRCHMOUNT AND FUNDY B,15.0,30,2
BIRCHMOUNT AND GLENDOV,21.0,21,1
BIRCHMOUNT AND GLENDOW,10.5,21,2
BIRCHMOUNT AND HIGHVIE,24.5,98,4
BIRCHMOUNT AND HOLLIS,26.333333333333332,79,3
BIRCHMOUNT AND HUNTING,18.88888888888889,170,9
BIRCHMOUNT AND KINGSTO,26.0,156,6
BIRCHMOUNT AND L' AMOR,10.0,10,1
BIRCHMOUNT AND L'AMORE,23.5,47,2
BIRCHMOUNT AND L'AMOUR,10.0,10,1
BIRCHMOUNT AND LAURA S,20.5,82,4
BIRCHMOUNT AND LAWRENC,18.285714285714285,128,7
BIRCHMOUNT AND MACK,18.0,18,1
BIRCHMOUNT AND MAIN,10.0,10,1
BIRCHMOUNT AND MCGREGO,10.0,10,1
BIRCHMOUNT AND MCNICHO,22.0,22,1
BIRCHMOUNT AND MCNICOL,36.333333333333336,218,6
BIRCHMOUNT AND MERRYFI,21.0,21,1
BIRCHMOUNT AND MODERN,0.0,0,1
BIRCHMOUNT AND NEWLAND,22.857142857142858,160,7
BIRCHMOUNT AND OPPOSIT,22.0,22,1
BIRCHMOUNT AND PARKETT,54.25,217,4
BIRCHMOUNT AND PARNELL,59.75,239,4
BIRCHMOUNT AND PINEGRO,23.5,47,2
BIRCHMOUNT AND PINGROV,22.0,22,1
BIRCHMOUNT AND RANSTON,9.666666666666666,29,3
BIRCHMOUNT AND RIVER G,22.0,22,1
BIRCHMOUNT AND ROLARK,10.0,20,2
BIRCHMOUNT AND SADLER,25.0,25,1
BIRCHMOUNT AND SANWOOD,27.0,27,1
BIRCHMOUNT AND SHEPAAR,10.0,10,1
BIRCHMOUNT AND SHEPPAR,18.473684210526315,351,19
BIRCHMOUNT AND SILVER,20.0,20,1
BIRCHMOUNT AND SPRINGB,20.0,20,1
BIRCHMOUNT AND ST CLAI,92.83333333333333,2228,24
BIRCHMOUNT AND ST. CLA,15.6,78,5
BIRCHMOUNT AND STALEY,10.0,20,2
BIRCHMOUNT AND STEELES,27.3,546,20
BIRCHMOUNT AND TIMBERB,76.0,152,2
BIRCHMOUNT AND VAUXHAL,135.0,135,1
BIRCHMOUNT AND WINTERM,22.25,89,4
BIRCHMOUNT ANND LAWREN,0.0,0,1
BIRCHMOUNT DIV - TRAF,0.0,0,1
BIRCHMOUNT DIVISION,8.882352941176471,151,17
BIRCHMOUNT DIVSION,0.0,0,1
BIRCHMOUNT GARAGE,13.480176211453745,3060,227
BIRCHMOUNT GARARGE - B,0.0,0,1
BIRCHMOUNT ND CITIZEN,19.0,19,1
BIRCHMOUNT STATION,22.0,22,1
BIRCMOUNT GARAGE,17.5,35,2
BIRDLE PARK AND PARK L,554.0,554,1
BIRHCMOUNT GARAGE,0.0,0,2
BIRHMOUNT GARAGE,14.0,14,1
BIRMINGHAM AND EIGHTH,30.0,30,1
BIRMINGHAM AND FOURTEE,27.5,55,2
BIRMINGHAM AND ISLINGT,27.0,27,1
BIRMINGHAM AND KIPLING,7.0,21,3
BIRMINGHAM AND TWELFTH,24.5,49,2
BIRXCHMOUNT GARAGE,8.0,8,1
BISHOP AND KENNETH,12.0,12,1
BISHOP AND YONGE,10.0,20,2
BISHOP AVENUE,20.0,20,1
BLACK CREEK A D TRETHE,0.0,0,1
BLACK CREEK AND EGLINT,18.4,92,5
BLACK CREEK AND LAWREN,7.0,21,3
BLACK CREEK AND MALPLE,7.0,7,1
BLACK CREEK AND THETHE,14.0,14,1
BLACK CREEK AND THRETH,12.0,12,1
BLACK CREEK AND TRETHE,8.545454545454545,94,11
BLACK CREEK AND WESTON,20.0,20,1
BLACK CREEK AT PHOTOGR,15.0,15,1
BLACK CREEK DRIVE AND,20.0,20,1
BLACKCREEK AND TREETHE,30.0,30,1
BLACKHORN AND NAIRN,0.0,0,1
BLOOR AMD MARKLAND,13.0,13,1
BLOOR AND ABERFOYLE,16.5,33,2
BLOOR AND ABERFOYLE (,15.0,15,1
BLOOR AND ABERFOYLE CR,15.0,15,1
BLOOR AND AMADALE,0.0,0,1
BLOOR AND ASHBOURNE,15.0,15,1
BLOOR AND AVENUE,55.75,223,4
BLOOR AND BATHURST,37.111111111111114,334,9
BLOOR AND BAY,23.333333333333332,70,3
BLOOR AND BEDFORD,99.16666666666667,595,6
BLOOR AND BORDEN,0.0,0,1
BLOOR AND BROCK,22.5,45,2
BLOOR AND BRULE TERRAC,25.0,25,1
BLOOR AND BRUNSWICK,5.0,5,1
BLOOR AND CALEDONIA,30.0,30,1
BLOOR AND CASTLE FRANK,18.0,54,3
BLOOR AND CASTLEFRANK,17.5,35,2
BLOOR AND CHRISTIE,6.666666666666667,20,3
BLOOR AND CHURCH,8.333333333333334,25,3
BLOOR AND CLENDANAN,25.0,25,1
BLOOR AND CLENDENAN,39.63636363636363,436,11
BLOOR AND CLENDERMAN,25.0,25,1
BLOOR AND COLBORNE LOD,15.0,15,1
BLOOR AND CONCORD,20.0,20,1
BLOOR AND DIXIE,24.0,24,1
BLOOR AND DORVAL,15.0,15,1
BLOOR AND DOVERCOURT,39.75,159,4
BLOOR AND DUFFERIN,20.181818181818183,444,22
BLOOR AND DUNDAS,7.777777777777778,70,9
BLOOR AND DUNDAS ST WE,12.0,12,1
BLOOR AND DUNDAS WEST,30.0,30,1
BLOOR AND EAGLE,15.0,15,1
BLOOR AND EAGLE RD,8.0,8,1
BLOOR AND EAST MALL,20.0,20,1
BLOOR AND GLENDONWYNNE,0.0,0,1
BLOOR AND GRACE,4.0,4,1
BLOOR AND GREEN LANES,20.0,60,3
BLOOR AND GRENVIEW,1.0,1,1
BLOOR AND HIGH PARK,20.8,104,5
BLOOR AND HIGHWAY 427,53.5,107,2
BLOOR AND HOWLAND,20.0,40,2
BLOOR AND HURON,0.0,0,1
BLOOR AND INDIAN,14.0,28,2
BLOOR AND INDIAN ROAD,23.5,47,2
BLOOR AND ISLINGOTN,17.0,17,1
BLOOR AND ISLINGTOJN,10.0,10,1
BLOOR AND ISLINGTON,17.81967213114754,1087,61
BLOOR AND ISLINTON,11.0,11,1
BLOOR AND JANE,32.0,608,19
BLOOR AND JARVIS,10.0,20,2
BLOOR AND KEELE,50.666666666666664,456,9
BLOOR AND KENNEDY,15.0,15,1
BLOOR AND KINGSMILL,0.0,0,1
BLOOR AND KINGSWAY,0.0,0,1
BLOOR AND KIPLING,23.0,23,1
BLOOR AND KOOS,17.0,17,1
BLOOR AND LANSDOWNE,15.0,45,3
BLOOR AND MANNING,30.0,30,1
BLOOR AND MARKLAND,17.6,88,5
BLOOR AND MARLAND,7.0,7,1
BLOOR AND MILL,26.5,106,4
BLOOR AND MILL ROAD,15.0,15,1
BLOOR AND MONTGOMERY,10.0,40,4
BLOOR AND MONTOMERY,30.0,30,1
BLOOR AND MONTROSE,7.5,15,2
BLOOR AND MT PLEASANT,8.0,8,1
BLOOR AND OAKMOUNT RD,52.0,52,1
BLOOR AND OLD MILL,16.75,67,4
BLOOR AND OLD MILL TER,0.0,0,1
BLOOR AND OLD MILL TRA,25.0,25,1
BLOOR AND OSSINGTON,55.666666666666664,501,9
BLOOR AND OSSINGTON -,0.0,0,1
BLOOR AND PACIFIC,15.0,15,1
BLOOR AND PARLIAMENT,14.88888888888889,134,9
BLOOR AND PARLIMENT,0.0,0,1
BLOOR AND PERTH,2.0,2,1
BLOOR AND PRINCE EDWAR,16.22222222222222,146,9
BLOOR AND QUEENS PARK,11.5,46,4
BLOOR AND RESSURECTION,20.5,41,2
BLOOR AND RESURRECTION,15.0,15,1
BLOOR AND RIVERVIEW,22.5,45,2
BLOOR AND ROSEDALE,10.0,10,1
BLOOR AND ROXTON,0.0,0,1
BLOOR AND ROYAL YORK,61.142857142857146,428,7
BLOOR AND RUNNYMEDE,39.5,395,10
BLOOR AND SHAVER,15.0,30,2
BLOOR AND SHAW,13.5,27,2
BLOOR AND SHEBOURNE,6.0,6,1
BLOOR AND SHERBORNE,9.0,9,1
BLOOR AND SHERBOURNE,9.842105263157896,187,19
BLOOR AND SOUTH KINGSW,30.0,30,1
BLOOR AND SPADINA,13.4,67,5
BLOOR AND SPADINA TO B,518.0,518,1
BLOOR AND SYMINGTON,11.25,45,4
BLOOR AND TED ROGERS,0.0,0,1
BLOOR AND TED ROGERS W,0.0,0,1
BLOOR AND THE EAST MAL,13.333333333333334,40,3
BLOOR AND THE KINGSWAY,17.666666666666668,53,3
BLOOR AND THE WEST MAL,34.333333333333336,103,3
BLOOR AND TREMONT,10.0,10,1
BLOOR AND WEST MALL,22.5,45,2
BLOOR AND WILMAR,45.0,45,1
BLOOR AND WINDERMERE,7.5,15,2
BLOOR AND WINDERMERE A,0.0,0,1
BLOOR AND WUNDERMERE,25.0,25,1
BLOOR AND YONGE,13.941176470588236,237,17
BLOOR OSSINGTON TO SHA,51.0,51,1
BLOOR ST AND KINGSWAY,20.0,20,1
BLOOR ST W AND MARKLAN,30.0,30,1
BLOOR STATION,5.0,10,2
BLOOR STREET,0.0,0,1
BLOOR W AND LOTHIAN,15.0,15,1
BLOOR W AND MILL,0.0,0,1
BLOOR WEST OF ISLINGTO,12.0,12,1
BLUFFER'S PARK,0.0,0,2
BLUFFERS PARK,38.333333333333336,115,3
BLUFFERS PARK RD AND B,15.0,15,1
BLUFFERS PARK ROAD,22.0,22,1
BLUFFERS PK AND BEACH,100.0,100,1
BLUFFS PARK,15.0,15,1
BOMBAY LOOP,39.72222222222222,715,18
BOMBAY LOOP (AVENUE AN,0.0,0,1
BOMBAY LOOP AND AVENUE,9.0,18,2
BOMBAY LOOP AT AVENUE,26.0,26,1
BONAVENTURE AND DOMINI,12.0,12,1
BORADVIEW AND POTTERY,22.0,22,1
BORADVIEW AND PRETORIA,10.0,10,1
BORADVIEW STATION,10.0,10,1
BOROUGH AND OMNI,0.0,0,1
BOROUGH AND TRITON,15.0,15,1
BOUCHETTE AND COMMISSI,9.0,9,1
BOULTBEE AND JONES,0.0,0,1
BOWIE AND CALEDONIA,20.0,20,1
BOWIE AND LITTLE,40.0,40,1
BOYLAN AND WOODWARD AV,0.0,0,1
BRACREST AND ROYAL YOR,18.0,18,1
BRAD AND DUNDAS ST W,8.0,8,1
BRADSTOCK AND RIVALDA,8.5,34,4
BRADSTOCK AND WESTON,9.955223880597014,667,67
BRADSTOCK AND WESTON R,6.5,39,6
BRADSTOCK RD AND RIVAL,8.0,8,1
BRADSTOCK RD AND WESTO,20.0,40,2
BRAECREST AND ROYAL YO,69.5,139,2
BRAECREST AND THE WEST,18.77777777777778,338,18
BRAECREST AND WEST WAY,20.0,20,1
BRAECREST AND WESTWAY,20.6,103,5
BRAIN AND VAN HORNE,30.0,30,1
BRAODVIEW AND BAIN,49.0,49,1
BRAODVIEW AND COSBURN,13.0,13,1
BRAODVIEW AND PRETORIA,11.5,23,2
BRAODVIEW STATION,26.333333333333332,158,6
BREARCREST AND THE WES,19.0,19,1
BRENTCLIFFE AND VANDEE,10.0,10,1
BRENTCLIFFE AND VANDER,24.5,49,2
BRENTCLIFFE AND WICKST,12.0,12,1
BRENYON AND TRAIL,22.0,22,1
BRENYON AND WICKSON,24.0,24,1
BRENYON AND WICKSTON T,22.0,22,1
BRENYON WAY AND JOHN T,25.0,25,1
BRENYON WAY AND PIONEE,25.0,25,1
BRENYON WAY AND SEWELL,19.25,77,4
BRENYON WAY AND SHEPPA,41.0,82,2
BREYON WAY AND SEWELLS,25.0,25,1
BRIAN AND VAN HORNE,30.0,300,10
BRIAN AND VAN HORRNE,30.0,30,1
BRICHMOUNT AND GLEN DO,10.0,10,1
BRICHMOUNT AND LAWRENC,25.0,25,1
BRICHMOUNT GARAGE,20.0,60,3
BRICK WORKS,22.0,22,1
BRICKSWORTH AND BAYVIE,31.0,31,1
BRICKWORDS AND DON VAL,26.0,26,1
BRICKWORKS AND DON VAL,24.666666666666668,74,3
BRICKWORKS AT DON VALL,24.0,24,1
BRIDAL PATH AND LAWREN,426.0,426,1
BRIDGE POINT HOSPITAL,15.0,15,1
BRIDGELAND ( BETWEEN C,17.0,17,1
BRIDGELAND AND CALEDON,46.8,468,10
BRIDGELAND AND DUFFERI,23.333333333333332,210,9
BRIDGEPOINT HOSPITAL,18.23076923076923,237,13
BRIDGMAN AND BATHURST,0.0,0,1
BRIDGMAN LOT,0.0,0,1
BRIDLE PATH AND LAWREN,604.5,1209,2
BRIDLE PATH AND PARK L,557.0,557,1
BRIDLE WALK AND CASTLE,30.0,30,1
BRIDLEPATH AND LAWRENC,331.6666666666667,995,3
BRIDLETOWN CIRCLE AND,67.0,67,1
BRIMELY AND ARNPRIOR,20.0,20,1
BRIMELY AND EGLINTON,20.0,40,2
BRIMELY AND ELLESMERE,15.0,15,1
BRIMELY AND HUNTINGWOO,22.0,22,1
BRIMELY AND LAWRENCE,94.0,188,2
BRIMELY AND MCNICOLL,139.0,139,1
BRIMELY AND ST CLAIR,20.0,20,1
BRIMELY AND STEELES,13.0,52,4
BRIMINGHAM AND KIPLING,10.0,10,1
BRIMLEY AND ANSON,21.0,42,2
BRIMLEY AND APPLEFIELD,18.0,90,5
BRIMLEY AND BARKDENE H,9.0,18,2
BRIMLEY AND BRIMLEY WO,13.0,26,2
BRIMLEY AND BRIMORTON,30.0,30,1
BRIMLEY AND BRIMWOOD,7.5,15,2
BRIMLEY AND CHARTLEY,30.0,30,1
BRIMLEY AND CITADEL,19.0,19,1
BRIMLEY AND COMRIE,22.5,45,2
BRIMLEY AND COMRIE TER,15.0,15,1
BRIMLEY AND DALLYN,0.0,0,1
BRIMLEY AND DANFORTH,13.714285714285714,96,7
BRIMLEY AND DANFORTH R,30.0,30,1
BRIMLEY AND DEERFIELD,121.5,243,2
BRIMLEY AND DENNETT,8.0,8,1
BRIMLEY AND DENNETT DR,20.0,20,1
BRIMLEY AND EAGLEDANCE,20.0,20,1
BRIMLEY AND EGLINTON,33.03488372093023,2841,86
BRIMLEY AND ELGAR,0.0,0,1
BRIMLEY AND ELLESLMERE,40.0,40,1
BRIMLEY AND ELLESMERE,19.05,381,20
BRIMLEY AND FINCH,19.125,153,8
BRIMLEY AND FRASERTON,22.0,22,1
BRIMLEY AND GOLDEN GAT,18.0,54,3
BRIMLEY AND GROVELEAF,18.0,18,1
BRIMLEY AND HEATHER,17.5,35,2
BRIMLEY AND HUNTINGWOO,21.0,42,2
BRIMLEY AND KENNEDY,10.0,10,1
BRIMLEY AND KINGSTON,17.833333333333332,107,6
BRIMLEY AND KINGSTON R,10.0,10,1
BRIMLEY AND LARGO,7.5,15,2
BRIMLEY AND LAWRENCE,23.133333333333333,347,15
BRIMLEY AND MANDARIN,0.0,0,1
BRIMLEY AND MCNICOLL,15.0,30,2
BRIMLEY AND OAKRIDGE,20.0,20,1
BRIMLEY AND OMNI,12.6,63,5
BRIMLEY AND OMNI DRIVE,4.0,4,1
BRIMLEY AND PORT ROYAL,15.0,15,1
BRIMLEY AND PROGRESS,77.0,308,4
BRIMLEY AND SEMINOLE,0.0,0,1
BRIMLEY AND SHEDIAC,20.0,20,1
BRIMLEY AND SHEPPARD,18.3,366,20
BRIMLEY AND SKAGWAY,20.5,82,4
BRIMLEY AND ST ANDREW,20.0,20,1
BRIMLEY AND ST ANDREWS,20.0,20,1
BRIMLEY AND ST CLAIR,40.1,401,10
BRIMLEY AND ST. CLAIR,105.33333333333333,316,3
BRIMLEY AND STEELES,18.333333333333332,550,30
BRIMLEY AND STEELES LO,20.0,20,1
BRIMLEY AND TRITION,108.0,108,1
BRIMLEY AND TRITON,191.32142857142858,5357,28
BRIMLEY AND WALKWAY TO,15.0,15,1
BRIMLEY AND WETHERBY,14.0,28,2
BRIMLEY NORTH OF ST CL,10.0,10,1
BRIMNLEY AND EGLINTON,15.0,15,1
BRIMORTON AND DALEHURS,25.0,50,2
BRIMORTON AND DALHURST,50.0,50,1
BRIMORTON AND MARKHAM,30.0,30,1
BRIMORTON AND MID PINE,22.25,89,4
BRIMORTON AND SCARBORO,0.0,0,1
BRIMPLEY AND COMRIE TE,54.0,54,1
BRINLEY AND LAWRENCE,8.0,8,1
BROADIVEW AND PRETORIA,10.0,10,1
BROADIVEW AND WITHROW,89.0,89,1
BROADOAKS AND KEELE (N,14.0,14,1
BROADVEW STATION,8.0,16,2
BROADVIEW,0.0,0,1
BROADVIEW AND BAIN,30.25,121,4
BROADVIEW AND BATER,25.6,256,10
BROADVIEW AND BLOOR,10.0,10,1
BROADVIEW AND BROWNING,12.0,72,6
BROADVIEW AND CHESTER,8.0,48,6
BROADVIEW AND COSBURN,10.642857142857142,447,42
BROADVIEW AND DANFORTH,18.5,333,18
BROADVIEW AND DEERBOUR,59.0,118,2
BROADVIEW AND DON VALL,6.833333333333333,41,6
BROADVIEW AND DUNDAS,10.0,10,1
BROADVIEW AND ERINALE,24.0,24,1
BROADVIEW AND ERINDALE,13.785714285714286,193,14
BROADVIEW AND FULTON,9.25,37,4
BROADVIEW AND GERRARD,22.058823529411764,375,17
BROADVIEW AND GOWAN,9.5,19,2
BROADVIEW AND HILLSIDE,10.5,84,8
BROADVIEW AND JACK LAY,45.833333333333336,275,6
BROADVIEW AND LANGLEY,11.0,22,2
BROADVIEW AND MILLBROO,21.333333333333332,64,3
BROADVIEW AND MORTIMER,18.823529411764707,320,17
BROADVIEW AND NEALON,39.0,78,2
BROADVIEW AND O'CONNOR,77.75,622,8
BROADVIEW AND PAPE,8.0,8,1
BROADVIEW AND PETROLIA,0.0,0,1
BROADVIEW AND POTTERY,7.333333333333333,22,3
BROADVIEW AND PRETORIA,9.484848484848484,313,33
BROADVIEW AND SPARKHAL,34.0,68,2
BROADVIEW AND TENNIS C,25.0,25,1
BROADVIEW AND TORRENS,33.666666666666664,101,3
BROADVIEW AND VICTOR,20.0,20,1
BROADVIEW AND WESTWOOD,6.2,31,5
BROADVIEW AND WITHROW,28.77777777777778,259,9
BROADVIEW AND WOLFE,9.0,9,1
BROADVIEW AND WOLFREY,21.6,108,5
BROADVIEW STATION,9.434173669467787,6736,714
BROADVIEW STATION TO D,0.0,0,3
BROADVIEW STATION TO W,0.0,0,1
BROADVIEW STN,10.0,10,1
BROADVIEW STN TO DON M,0.0,0,1
BROAVIEW STATION,10.0,10,1
BROCKPORT AND BELFIELD,14.0,42,3
BROOKBANKS AND UNDERHI,64.0,128,2
BROOKBANKS AND VALLEY,24.333333333333332,73,3
BROOKBANKS AND VALLEYW,25.0,25,1
BROOKERS LANE AND LAKE,8.0,8,1
BROOKHAVEN AND FOX POI,8.0,8,1
BROOKLAWN AND BARKDENE,20.5,41,2
BROOKLAWN AND KINGSTON,39.285714285714285,275,7
BROOKLAWN AND SLOLEY,47.333333333333336,142,3
BROOKLAWN AVE AND BROA,27.0,27,1
BROOKMERE AND ELMHURST,61.25,245,4
BROOKMERE AND KIPING,20.0,20,1
BROOKMERE AND KIPLING,12.375,99,8
BROOKMILLL AND BROOKMI,10.0,10,1
BROOKVIEW AND LAWRENCE,11.0,11,1
BROOOKMERE AND ELLESME,0.0,0,1
BROWN'S LINE AND COULE,18.0,36,2
BROWN'S LINE AND DOVER,25.0,25,1
BROWN'S LINE AND HORNE,16.0,48,3
BROWN'S LINE AND JELIC,20.0,40,2
BROWN'S LINE AND JELLI,19.0,38,2
BROWN'S LINE AND LAKE,13.75,55,4
BROWN'S LINE AND LAKES,0.0,0,1
BROWN'S LINE AND RIMIL,30.0,30,1
BROWN'S LINE AND WOODB,14.0,14,1
BROWNLINE AND HORNER,30.0,30,1
BROWNS AND EVANS,0.0,0,1
BROWNS AND WOODBURY,7.0,7,1
BROWNS LINE AND COULES,17.0,34,2
BROWNS LINE AND DOVER,19.0,19,1
BROWNS LINE AND EVANS,16.333333333333332,49,3
BROWNS LINE AND HORNER,16.8,84,5
BROWNS LINE AND JELLIC,19.2,96,5
BROWNS LINE AND LAKE S,19.0,76,4
BROWNS LINE AND RIMITI,26.0,26,1
BROWNS LINE AND WOODBU,15.75,63,4
BROWNSLINE AND AND EVA,38.0,38,1
BROWNSLINE AND EVANS,5.0,5,1
BROWNSLINE AND SHELDON,11.0,11,1
BROWNSLINE AND WOODBUR,20.0,20,1
BUCKLAND AND SHEPPARD,30.0,30,1
BURHAMTHORPE AND EAST,20.0,20,1
BURHAMTHORPE AND KIPLI,20.0,20,1
BURHAMTHORPE AND MARTI,128.0,128,1
BURHAMTHORPE AND OLD B,15.0,15,1
BURHAMTHORPE AND RENFO,15.0,15,1
BURHAMTHORPE AND SILVE,15.0,15,1
BURHAMTHORPE AND THE W,20.0,20,1
BURHANTHORPE AND RENFO,9.0,9,1
BURNAMTHORPE AND DUNDA,20.0,20,1
BURNAMTHORPE AND OLD B,15.0,15,1
BURNHAMORPE RD AND THE,0.0,0,1
BURNHAMTHORPE AND BURN,16.0,32,2
BURNHAMTHORPE AND DUND,70.0,70,1
BURNHAMTHORPE AND EAST,45.0,45,1
BURNHAMTHORPE AND KIPL,18.333333333333332,55,3
BURNHAMTHORPE AND MART,15.0,15,1
BURNHAMTHORPE AND OLD,20.333333333333332,61,3
BURNHAMTHORPE AND RENF,11.5,46,4
BURNHAMTHORPE AND REXD,0.0,0,1
BURNHAMTHORPE AND ROYA,21.0,21,1
BURNHAMTHORPE AND SATU,20.0,20,1
BURNHAMTHORPE AND SILV,20.0,20,1
BURNHAMTHORPE AND THE,8.142857142857142,57,7
BURNHAMTHORPE AND WIND,14.0,14,1
BURNHAMTHORPE LOOP,20.0,20,1
BURNHAMTHORPE ROAD AND,18.0,18,1
BURNHAMTHROPE RD AND S,30.0,30,1
BUSBY AND MCCOWAN,18.0,18,1
BUSBY DR AND GRANGEWAY,16.0,16,1
BUSBYWAY AND GRANGEWAY,8.0,8,1
BUSHBAY AND GRANGEWAY,177.0,177,1
BUSHBEE AND GRANGEWAY,28.0,28,1
BUSHBY AND GRANGEWAY,14.0,70,5
BUSHBY AND MCCOWAN,16.68421052631579,317,19
BUSHBY DR AND MCCOWAN,7.5,15,2
BUSHBY DRIVE AT GRANGE,30.0,30,1
BYNG AND WILLDOWDALE,28.0,28,1
CACTUS AND CONNAUGHT,22.0,44,2
CACTUS AND DREWRY,22.0,22,1
CACTUS AND GOULDING,25.0,25,1
CACTUS AND GREEN BUSH,23.25,93,4
CACTUS AND MOORE PARK,25.0,25,1
CALADONIA AND EGLINTON,123.0,123,1
CALDEONIA AND CARTWRIG,20.0,20,1
CALDEONIA AND EGLINTON,12.5,25,2
CALEDDONIA AND TYCOS,18.0,18,1
CALEDOINA AND BENTWORT,0.0,0,1
CALEDOINA AND LESWYN R,0.0,0,1
CALEDONIA AND BENTWORT,15.333333333333334,46,3
CALEDONIA AND BRIDGELA,19.0,57,3
CALEDONIA AND CASTLEFI,13.5,135,10
CALEDONIA AND CORBY,42.2,211,5
CALEDONIA AND EGLINTON,45.794871794871796,1786,39
CALEDONIA AND GLEN PAR,20.0,20,1
CALEDONIA AND GLENCAIR,19.25,231,12
CALEDONIA AND GLENCARI,8.0,8,1
CALEDONIA AND GLENGROV,9.0,9,1
CALEDONIA AND INNES,14.666666666666666,44,3
CALEDONIA AND JOYCE,10.0,10,1
CALEDONIA AND KEITH,19.0,38,2
CALEDONIA AND KITCHENE,18.0,36,2
CALEDONIA AND LANE SOU,17.0,17,1
CALEDONIA AND LAWRENCE,17.75,213,12
CALEDONIA AND LESWYN,71.6,358,5
CALEDONIA AND MARCIA,24.0,24,1
CALEDONIA AND NORMAN,16.5,66,4
CALEDONIA AND ORFIS,10.0,10,1
CALEDONIA AND ORFUS,12.666666666666666,38,3
CALEDONIA AND PLAYFAIR,18.0,18,1
CALEDONIA AND PLAYFI,10.0,10,1
CALEDONIA AND RAITHERM,17.5,140,8
CALEDONIA AND RAITHERN,12.5,25,2
CALEDONIA AND ROGERS,15.0,135,9
CALEDONIA AND ST CLAIR,0.0,0,1
CALEDONIA AND ST. CLAI,16.0,32,2
CALEDONIA AND SUMMIT,302.0,906,3
CALEDONIA AND TYCOS,13.0,26,2
CALEDONIA PARK AND ST,18.0,18,1
CALEDONIA SHOP - 9A RA,0.0,0,1
CALENDONIA AND CARTWRI,17.0,17,1
CALENDONIA AND EGLINTO,5.333333333333333,16,3
CALIDONIA AND NORMAN,71.0,71,1
CALINGVIEW AND RENFORT,185.0,185,1
CALVINGTON AND DALSBY,10.0,10,1
CALVINGTON AND KEELE,50.0,100,2
CALVINGTON AND LEXFIEL,30.0,30,1
CALVINGTON AND RENSHAW,86.0,172,2
CALVINGTON AND RODING,30.0,30,1
CAMFORTH AND LAWRENCE,21.5,43,2
CANADA AND MANITOBA,0.0,0,2
CANADA AND PRINCES,241.0,241,1
CANADA AND PRINCESS,16.0,16,1
CANADA BLDV AND MANITO,16.0,16,1
CANADA BLVD ABD MANITO,0.0,0,1
CANADA BLVD AND MANITO,19.0,19,1
CANADA BLVD AND PRINCE,30.0,30,1
CANADA BLVD LOOP - CAN,25.0,25,1
CANADIAN AND WARDEN,8.0,8,1
CANFORTH AND LAWRENCE,0.0,0,1
CANIFF AND STRACHAN,0.0,0,1
CANLISH AND LAWRENCE,0.0,0,1
CANMORE AND CONLINS,8.0,8,1
CANNIFF AND STRACHAN,5.0,5,1
CARBOROUGH COLLEGE LOO,15.0,15,1
CARL HALL AND CENTENNI,31.5,63,2
CARL HALL AND DOWNSVIE,76.0,76,1
CARL HALL AND JOHN DRU,14.0,14,1
CARL HALL AND RAILWAY,55.0,55,1
CARLAW AND COLGATE,8.0,8,1
CARLAW AND COMMISSIONA,135.0,135,1
CARLAW AND COMMISSIONE,9.266666666666667,139,15
CARLAW AND DINGWALL,9.0,9,1
CARLAW AND DUNDAS,9.384615384615385,122,13
CARLAW AND EASTERN,11.608695652173912,267,23
CARLAW AND GERRARD,47.416666666666664,569,12
CARLAW AND LAKE SHORE,6.333333333333333,38,6
CARLAW AND LAKESHORE,21.125,338,16
CARLAW AND LANGLEY,17.4,87,5
CARLAW AND PAPE,6.0,6,1
CARLAW AND QUEEN,7.7272727272727275,85,11
CARLAW AND SIMPSON,0.0,0,1
CARLAW AND VICTOR,8.0,8,1
CARLHALL RD LOOP,1.0,1,1
CARLINGVIEW AND ATTWEL,17.333333333333332,104,6
CARLINGVIEW AND ATWELL,20.0,40,2
CARLINGVIEW AND DIXON,64.6,969,15
CARLINGVIEW AND FASKIN,14.0,14,1
CARLINGVIEW AND INTERN,20.428571428571427,143,7
CARLINGVIEW AND METEOR,23.0,23,1
CARLINGVIEW AND RENFOR,23.0,46,2
CARLINGVIEW DRIVE AND,22.0,22,1
CARLTON AND CHURCH,0.0,0,1
CARLTON AND ONTARIO,13.0,13,1
CARLTON AND PALIAMENT,13.0,13,1
CARLTON AND PARLIAMENT,12.0,36,3
CARLTON AND SHERBOURNE,11.5,23,2
CARLUCKE AND FIFESHIRE,20.0,20,1
CARLUKE AND FIFESHIER,25.0,25,1
CARLUKE AND FIFESHIRE,19.916666666666668,239,12
CARLUKE AND FIFRESHIRE,21.0,21,1
CARNFORTH AND LAWRENCE,16.5,33,2
CARPENTER AND STEELES,38.09090909090909,419,11
CARRIER AND ALBION,18.09090909090909,199,11
CARRIER AND ALBION (NO,0.0,0,1
CARRIER AND DANSK,15.0,30,2
CARRIER AND HWY 27,20.0,20,1
CARRIER AND WOODBINE,18.0,18,1
CARRIER DR SOUTH OF AL,20.0,20,1
CARRIER DRIVE AND HUMB,121.0,121,1
CARRIER LOOP,15.435897435897436,602,39
CARRIER LOOP (ALBION A,20.0,20,1
CASLTEFRANK STATION,17.666666666666668,53,3
CASSANDRA AND UNDERHIL,16.272727272727273,179,11
CASTFLE FRANK STATION,9.0,9,1
CASTLE FIELD AND CALED,9.0,9,1
CASTLE FRANK,15.5,62,4
CASTLE FRANK STATION,13.581196581196581,3178,234
CASTLE FRANK STATON,13.0,13,1
CASTLE FRANKSTATION,10.0,10,1
CASTLEFIELD AND CALEDO,119.14285714285714,834,7
CASTLEFIELD AND DANESB,40.0,40,1
CASTLEFIELD AND DUFFER,12.5,25,2
CASTLEFIELD AND EGLINT,585.0,585,1
CASTLEFIELD AND KINCOR,17.5,35,2
CASTLEFIELD AND WOODBO,0.0,0,1
CASTLEFIRLED AND FAIRB,25.0,25,1
CASTLEFRANK AND BLOOR,15.0,15,1
CASTLEFRANK STATION,13.05,261,20
CASTLEMOOR AND MINGAY,118.0,118,1
CASTLEMORE AND BRIDAL,28.0,28,1
CASTLEMORE AND BRIDLEW,41.333333333333336,124,3
CASTLEMORE AND EVEREST,30.0,30,1
CASTLEMORE AND MARKHAM,48.0,48,1
CASTLEMORE AND RIDGECR,14.0,42,3
CASTLEMORE AND THE BRI,14.666666666666666,44,3
CASTLETON AND HENRIETT,37.75,151,4
CASTLR FRANK STATION,10.0,10,1
CATUS AND GREEN BUSH R,23.0,23,1
CAVEHILL CRESCENT AND,24.0,24,1
CAVELL AND ROYAL YORK,41.0,41,1
CEDARVALE STATION,12.232558139534884,526,43
CEDARVALE STATION - BU,5.0,10,2
CEDARVALE STATION / EG,12.0,12,1
CEDARVALE YU STATION,3.0,6,2
CEDARVALESTATION,5.0,5,1
CEDERVALE STATION,14.0,84,6
CEENTENNIAL BUS LOOPS,10.0,10,1
CENNTENARY LOOP,27.0,27,1
CENNTENIAL COLLEGE,46.0,138,3
CENNTENNIAL COLLEGE,0.0,0,1
CENNTENNIAL COLLEGE -,12.0,12,1
CENTENARY HOSIPTAL LOO,0.0,0,1
CENTENARY HOSPITAL,18.333333333333332,55,3
CENTENARY HOSPITAL BUS,12.0,12,1
CENTENARY HOSPITAL LOO,12.25,49,4
CENTENARY HOSPTITAL LO,12.0,12,1
CENTENIAL COLLEGE,9.0,18,2
CENTENIAL COLLEGE AND,0.0,0,2
CENTENIARY HOSPITAL GR,15.0,15,1
CENTENNARY HOSPITAL LO,138.0,138,1
CENTENNIAL AND COLLEGE,16.0,16,1
CENTENNIAL AND LAWSON,12.0,12,1
CENTENNIAL AND MILITAR,12.0,12,1
CENTENNIAL BUS TERMINA,8.0,8,1
CENTENNIAL CICIREL LOO,0.0,0,1
CENTENNIAL CIRCLE,0.0,0,1
CENTENNIAL CIRCLE AND,15.0,15,1
CENTENNIAL COLLEGE,28.441176470588236,1934,68
CENTENNIAL COLLEGE - L,8.0,8,1
CENTENNIAL COLLEGE - P,20.0,20,1
CENTENNIAL COLLEGE AND,26.0,156,6
CENTENNIAL COLLEGE BUS,9.692307692307692,252,26
CENTENNIAL COLLEGE ENT,109.0,109,1
CENTENNIAL COLLEGE LOO,77.18181818181819,849,11
CENTENNIAL COLLEGE STO,658.0,1316,2
CENTENNIAL COLLEGE TER,16.0,48,3
CENTENNIAL N OF DERRY,14.0,14,1
CENTENNNIAL COLLEGE BU,22.0,22,1
CENTENTIAL COLLEGE,11.0,22,2
CENTINNIAL COLLEGE BUS,15.0,15,1
CERAMIC AND ASHWARREN,38.0,38,1
CERAMIC AND ST REGIS,122.0,122,1
CERAMIC RD AND LEPAGE,18.0,18,1
CETENNIAL COLLEGE CAMP,8.0,8,1
CHAMPAGNE AND CHESSWOO,165.0,330,2
CHAMPAGNE AND CHESTWOO,265.0,265,1
CHAMPAGNE AND FINCH,0.0,0,1
CHAMPAGNE DR AND CHESS,0.0,0,1
CHAPLAIN AND ROSELAWN,71.0,71,1
CHAPLIN (EGLINTON TO R,117.0,117,1
CHAPLIN AND AVENUE,54.333333333333336,326,6
CHAPLIN AND COLIN,31.333333333333332,94,3
CHAPLIN AND DAVISVILLE,26.0,26,1
CHAPLIN AND DUNCANNON,26.0,26,1
CHAPLIN AND DUPLEX,39.833333333333336,239,6
CHAPLIN AND EGLINTON,42.76923076923077,556,13
CHAPLIN AND LASCELLES,980.0,980,1
CHAPLIN AND N OF EGLIN,143.0,143,1
CHAPLIN AND ORIOLE PKW,9.0,18,2
CHAPLIN AND ROSELAWN,98.6,493,5
CHAPLIN AND RUSSELL WE,22.0,22,1
CHAPLIN AND S OF ROSEL,18.0,18,1
CHAPLIN AND SPADINA,130.16666666666666,781,6
CHAPLIN BETWEEN EGLINT,29.0,29,1
CHAPLIN CRES,22.0,22,1
CHAPLIN CRES AND WARRE,25.0,25,1
CHAPLIN CRESCENT,26.0,52,2
CHAPLIN CRESCENT AND O,22.0,22,1
CHAPLIN CRESCENT SOUTH,260.5,521,2
CHAPLING AND DUPLEX,30.0,30,1
CHERRY AND COMMISIONER,12.0,12,1
CHERRY AND COMMISSIONE,4.0,20,5
CHERRY AND FRONT,21.333333333333332,128,6
CHERRY AND LAKE SHORE,17.857142857142858,125,7
CHERRY AND LAKESHORE,35.3,353,10
CHERRY AND MILL,0.0,0,1
CHERRY AND POLSON,3.75,15,4
CHERRY AND UNWIN,11.5,23,2
CHERRY BEACH,8.571428571428571,60,7
CHERRY BEACH AND CLARK,25.0,25,1
CHERRY BEACH LOOP,21.25,85,4
CHERRY BEACH PARK,0.0,0,2
CHERRY BRIDGE,86.0,86,1
CHERRY ST AND COMMISSI,12.0,12,1
CHESSWOOD AND FINCH,0.0,0,1
CHESSWOOD AND SHEPPARD,84.0,84,1
CHESSWOOD AND STEEPROC,29.428571428571427,206,7
CHESSWOOD AND STEPROCK,32.0,32,1
CHESTER STATION,0.0,0,1
CHESTWOOD AND STEEPROC,10.0,10,1
CHESWOOD AND SHEPPARD,50.0,50,1
CHILTEN AND O'CONNOR,67.0,67,1
CHISHOLM AND CREWE,25.0,25,1
CHISHOLM AND EPSOM,18.0,18,1
CHISHOLM AND LUMSDEM,539.0,539,1
CHISHOLM AND LUMSDEN,15.0,30,2
CHISHOLM AVE AND ORLEY,20.0,20,1
CHRISTIE AND BARTON,11.0,33,3
CHRISTIE AND BENSON,30.0,30,1
CHRISTIE AND BLOOR,42.0,84,2
CHRISTIE AND DAVENPORT,114.77777777777777,1033,9
CHRISTIE AND DAVEPORT,30.0,30,1
CHRISTIE AND DUPONT,110.75,443,4
CHRISTIE AND FOLLIS,18.0,18,1
CHRISTIE AND LAMBERTLO,30.0,30,1
CHRISTIE AND MELITA,20.0,40,2
CHRISTIE AND ST CLAIR,24.22222222222222,218,9
CHRISTIE AND ST. CLAIR,18.0,18,1
CHRISTIE AND TYRREL,140.0,140,1
CHRISTIE STATION,14.272727272727273,157,11
CHRSITIE AND ST CLAIR,4.0,4,1
CHURCH AND ADELAIDE,8.0,8,1
CHURCH AND ESPLANADE,13.333333333333334,40,3
CHURCH AND FRONT,15.0,15,1
CHURCH AND GLOUCESTER,10.0,10,1
CHURCH AND JANE,21.666666666666668,65,3
CHURCH AND KING GEORGE,34.0,34,1
CHURCH AND PINE,104.0,208,2
CHURCH AND QUEEN,10.0,10,1
CHURCH AND ROSEMOUNT,112.0,224,2
CHURCH AND THE ESPLANA,19.5,39,2
CHURCH AND UPHILL,48.0,144,3
CHURCH AND WELLESLEY,36.25,145,4
CHURCH AND WESTON,9.45,189,20
CHURCHILL AND VICTORY,23.5,47,2
CLAIRE PORT LOOP,21.0,21,1
CLAIREPOINT AND ALBION,24.0,48,2
CLAIREPORT AND ALBION,25.09090909090909,276,11
CLAIREPORT CRES AND AL,24.0,24,1
CLAIREPORT CRESCENT AN,0.0,0,1
CLAIREPORT LOOP,22.0,22,1
CLAIREPORT LOOP- ALBIO,19.0,19,1
CLAIREVILLE AND HUDDER,20.0,20,1
CLAIREVILLE AND HUMBER,10.0,10,1
CLAIREVILLE DR AND HUM,20.0,20,1
CLAIRPORT AND ABLION,22.0,22,1
CLAIRPORT AND ALBION,19.454545454545453,214,11
CLAIRVILLE AND HUMBERL,14.0,14,1
CLARK AND BATHURST,12.5,25,2
CLAYSON AND BARTOR,14.333333333333334,43,3
CLAYSON AND HUXLEY,55.0,165,3
CLAYSON AND WILSON,17.666666666666668,106,6
CLEARVILLE AND HUMBERL,10.0,10,1
CLIFF AND ALLIANCE,106.0,106,1
CLIFF AND CORDELLA,22.5,45,2
CLONMORE AND CORNELL,22.0,22,1
CLONMORE AND GERRARD S,815.0,815,1
CLONMORE AND QUEENSBUR,22.0,22,1
CLONMORE DRIVE AND QUE,45.0,45,1
CLUB HOUSE AND JANE,0.0,0,1
CNE (SPRINGHURST) LOOP,8.0,8,1
CNE LOOP,30.0,30,1
CNE LOOP EASTERN ENTRA,10.0,10,1
COE HILL AND ELLIS GAR,15.0,15,1
COE HILL AND THE QUEEN,15.0,15,1
COE HILL AND WINDERMER,9.0,9,1
COL SAM SMITH LOOP,18.5,37,2
COL SAM SMITH/LOOP,17.0,17,1
COL SAMUEL SMITH LOOP,8.0,8,1
COLENEL SAMUEL SMITH P,10.0,10,1
COLINS AND CHALLENGER,21.0,21,1
COLINS AND ELLESMERE,16.0,16,1
COLLEGE AND BAY,25.0,25,1
COLLEGE AND CRAWFORD,14.0,14,1
COLLEGE AND GRACE,0.0,0,1
COLLEGE AND HENRY,15.0,15,1
COLLEGE AND HENRY STRE,9.0,9,1
COLLEGE AND OSSINGTON,15.0,45,3
COLLEGE AND QUEENS PAR,0.0,0,1
COLLEGE AND UNIVERSITY,70.5,141,2
COLLEGE AND YONGE,0.0,0,2
COLLEGE PARK AND UNIVE,0.0,0,1
COLLINGGROVE AND LAWRE,7.0,7,1
COLLINGSGROVE AND LAWR,9.666666666666666,29,3
COLLINS GROVE AND LAWR,10.0,20,2
COLLINSGROVE AND COLLI,16.0,16,1
COLLINSGROVE AND KINGS,10.0,20,2
COLLINSGROVE AND LAWRE,13.533333333333333,203,15
COLONEL SAM SMITH AND,10.0,10,1
COLONEL SAM SMITH LOOP,8.5,17,2
COLONEL SAM SMITH PARK,10.0,10,1
COLONEL SAMUAL SMITH L,44.0,44,1
COLONEL SAMUEL AND HUM,7.2,36,5
COLONEL SAMUEL LOOP,9.0,9,1
COLONEL SAMUEL LOOP (L,5.0,5,1
COLONEL SAMUEL PARK,7.666666666666667,23,3
COLONEL SAMUEL PARK AN,8.9,89,10
COLONEL SAMUEL PARK LO,7.0,21,3
COLONEL SAMUEL PK AND,6.0,6,1
COLONEL SAMUEL SMIH PA,7.0,7,1
COLONEL SAMUEL SMITH,15.0,15,1
COLONEL SAMUEL SMITH A,8.333333333333334,25,3
COLONEL SAMUEL SMITH D,7.0,7,1
COLONEL SAMUEL SMITH L,7.6923076923076925,100,13
COLONEL SAMUEL SMITH P,7.461538461538462,291,39
COLONEL SMITH PARK LOO,8.0,8,1
COLONELS SAMUELS LOOP,12.0,12,1
COLONIAL SAMUEL SMITH,4.0,4,1
COLVILLE AND SHEFFIELD,50.0,50,1
COMMANDER AND HUNTINGW,45.0,45,1
COMMANDER AND MCCOWAN,33.0,594,18
COMMANDER AND NORTH WI,25.0,50,2
COMMISIONER AND SAULTE,8.0,8,1
COMMISIONERS AND LESLI,22.0,132,6
COMMISIONERS AND LOGAN,14.5,29,2
COMMISIONERS AND SAULT,9.5,95,10
COMMISIONERS ST AND CA,10.0,10,1
COMMISSION AND SAULTER,0.0,0,1
COMMISSIONER AND CARLA,8.0,8,1
COMMISSIONER AND LAKES,10.0,10,1
COMMISSIONER AND LESLI,8.25,33,4
COMMISSIONER AND LOGAN,12.0,12,1
COMMISSIONER AND SAULT,107.0,107,1
COMMISSIONERS (RIGHT A,30.0,30,1
COMMISSIONERS AND BOUC,7.666666666666667,46,6
COMMISSIONERS AND CARL,13.5,108,8
COMMISSIONERS AND DON,10.0,10,1
COMMISSIONERS AND LAKE,10.0,10,1
COMMISSIONERS AND LESL,14.125,113,8
COMMISSIONERS AND LOGA,11.714285714285714,82,7
COMMISSIONERS AND SAUL,8.162162162162161,302,37
COMMISSIONERS AND SHUT,8.0,8,1
COMMISSIONERS STREET,12.0,12,1
COMMISSONERS AND SAULT,9.0,9,1
COMMMSIONERS AND SAULT,8.0,8,1
COMSTOCK AND PHARMACY,0.0,0,1
COMSTOCK AND SIMMOTT,0.0,0,1
COMSTOCK AND WARDEN,0.0,0,2
COMSTOCK AND WYNFORD,5.0,5,1
COMSUMERS AND YORKLAND,31.0,31,1
CONACHER AND CUMMER,121.0,121,1
CONCORD AND BLOOR,16.666666666666668,50,3
CONCORD AND MCDONALDS,10.0,10,1
CONCORD AND WYNFORD,23.0,46,2
CONCORD GATE AND CONCO,5.333333333333333,16,3
CONCORD PL AND CONCORD,8.0,8,1
CONCORD PLACE,13.0,26,2
CONCORD PLACE AND CONC,8.0,16,2
CONCORD PLACE AND WYNF,11.5,23,2
CONCORD PLACE LOOP,20.0,20,1
CONCORDE AND CONCORDE,7.0,14,2
CONCORDE AND MCDONALD',10.0,10,1
CONCORDE AT MCDONALD'S,6.0,6,1
CONCORDE GATE AND CONC,20.0,20,1
CONCORDE PL AND CONCOR,9.5,38,4
CONCORDE PLACE,10.0,20,2
CONCORDE PLACE AND CON,5.894736842105263,112,19
CONCORDE PLACE AND COR,0.0,0,1
CONCORDE PLACE AND WYN,5.0,10,2
CONCORDE PLACE AT MCDO,9.0,9,1
CONFERENCE BLVD AND PO,12.0,12,1
CONLINS AND ELLESMERE,15.0,15,1
CONLINS RD ELLESMERE,0.0,0,1
CONSILIUM AND CORPORAT,87.0,87,1
CONSILLIUM AND CORPORA,8.0,8,1
CONSILLIUM AND PROGRES,81.0,81,1
CONSILLIUM PL AND PROG,10.0,10,1
CONSUMER AND YORKLAND,89.0,89,1
CONSUMERS AND HALLCROW,0.0,0,2
CONSUMERS AND LESLIE,10.0,10,1
CONSUMERS AND SHEPPARD,24.25,97,4
CONSUMERS AND VICTORIA,41.857142857142854,293,7
CONSUMERS AND YORKLAND,83.7,837,10
CONSUMERS RD AND VICTO,22.0,22,1
COOKFIELD AND WILMINGH,9.0,9,1
COOPER AND QUEENS QUAY,6.0,6,1
COPORATE AND LEE CENTR,13.0,13,1
COPRORATE AND LEE,15.0,15,1
CORDELLA AND LOUVAIN,243.0,243,1
CORDOVA AND DUNDAS,25.2,126,5
CORDOVA AND ISLINGTON,45.0,135,3
CORNATION AND WALLSEND,18.0,18,1
CORONATION AND BEECHGR,18.0,18,1
CORONATION AND CHEMICA,24.0,48,2
CORONATION AND WALLAND,20.0,20,1
CORONATION AND WALLS,20.0,20,1
CORONATION AND WALLSEN,18.9375,303,16
CORONATION DR AND WALL,18.0,36,2
CORPORATE AND CONSILIU,0.0,0,1
CORPORATE AND CONSILLI,15.0,15,1
CORPORATE AND LEE,8.0,8,1
CORPORATE AND LEE CENT,12.88888888888889,116,9
CORPORATE AND MCCOWAN,14.0,14,1
CORPORATE AND PROGRESS,598.0,598,1
CORPORATE DR AND CONSI,15.0,15,1
CORPORATE DR AND LEE,8.0,8,1
COSBURN - BETWEEN PAPE,40.0,40,1
COSBURN AND BROADVIEW,10.5,42,4
COSBURN AND CEDARVALE,360.0,720,2
COSBURN AND COXWELL,18.77777777777778,338,18
COSBURN AND DONLANDS,10.0,50,5
COSBURN AND DURANT,10.0,10,1
COSBURN AND GLEDHIL,10.0,10,1
COSBURN AND GLEDHILL,10.0,10,1
COSBURN AND GREENWOOD,10.0,30,3
COSBURN AND HALDON,254.33333333333334,763,3
COSBURN AND HALDON AVE,0.0,0,1
COSBURN AND HAMSTEAD,125.0,125,1
COSBURN AND LINSMORE,10.0,10,1
COSBURN AND LOGAN,7.857142857142857,55,7
COSBURN AND OAK PARK,10.0,10,1
COSBURN AND OAKPARK,10.0,10,1
COSBURN AND PAPE,89.2,892,10
COSBURN AND ROOSEVELT,10.0,10,1
COSBURN AND TODMORDEN,8.0,40,5
COSBURN AND TODMORTEN,10.0,10,1
COSBURN AND VIRGINIA,10.0,10,1
COSBURN AND VIRGINIA A,15.0,15,1
COSBURN AND WESTLAIKE,10.0,10,1
COSBURN AND WESTLAKE,5.0,10,2
COSBURN AND WOODBINE,13.666666666666666,164,12
COSBURN AND WOODMOUNT,32.333333333333336,97,3
COSBURN E OF PAPE,10.0,10,1
COSBURN ROUTE,504.0,504,1
COVINGTON AND BATHURST,9.0,18,2
COXELL STATION,10.0,10,1
COXWELL - GERRARD TO F,40.0,40,1
COXWELL ADN COSBURN,0.0,0,1
COXWELL AND BARKER,53.0,53,1
COXWELL AND CASCI,10.0,10,1
COXWELL AND CASCIE,10.0,10,1
COXWELL AND COSBURN,43.44444444444444,391,9
COXWELL AND DANFORTH,16.25,455,28
COXWELL AND DUNDAS,12.857142857142858,90,7
COXWELL AND EARL HAIG,5.0,10,2
COXWELL AND EASTERN,77.25,309,4
COXWELL AND EASTWOOD,12.2,122,10
COXWELL AND FAIRFORD,7.5,30,4
COXWELL AND GERRARD,23.2,232,10
COXWELL AND GLEBEHOLME,10.0,20,2
COXWELL AND HANSEN,0.0,0,1
COXWELL AND HANSON,16.666666666666668,50,3
COXWELL AND LOWER GERR,6.8,34,5
COXWELL AND MORTIMER,16.4,82,5
COXWELL AND MORTIMOR,11.0,11,1
COXWELL AND O'CONNOR,10.333333333333334,31,3
COXWELL AND PLAINS,14.0,98,7
COXWELL AND PLAINS RD,10.0,10,1
COXWELL AND PLANES,16.0,16,1
COXWELL AND QUEEN,20.785714285714285,291,14
COXWELL AND QUEENSDALE,252.0,252,1
COXWELL AND ROBBINS,10.0,10,1
COXWELL AND ROBINS,0.0,0,1
COXWELL AND ROBINSON,10.0,10,1
COXWELL AND SAMMON,27.428571428571427,192,7
COXWELL AND SPRINGDALE,10.666666666666666,32,3
COXWELL AND STRATHEARN,10.0,10,1
COXWELL AND STRATHMORE,94.0,94,1
COXWELL AND UPPER GERR,9.5,19,2
COXWELL AND VICTORIA P,30.0,30,1
COXWELL AND WOLVERLEIG,30.0,30,1
COXWELL AND WOODROW,10.0,10,1
COXWELL N OF MORTIMER,10.0,10,1
COXWELL STATION,14.166037735849057,3754,265
COXWELL STATION - BUS,10.0,10,1
COXWELL STATION ON STR,0.0,0,1
COXWELL SUBSTATION,0.0,0,1
COZWELL STATION,9.0,9,1
CRAIGHTON AND VICTORIA,11.0,11,1
CRAIGTON AN PHARMACY,15.0,15,1
CRAIGTON AND PHARMACY,12.0,252,21
CRAIGTON AND RANNOCK,8.0,8,1
CRAIGTON AND VICTORIA,10.0,10,1
CRAIGTON DR AND PHARMA,3.0,3,1
CRAIGTON DRIVE AND PHA,448.0,448,1
CRAOGTON AND PHARMACY,10.0,10,1
CRESCENT AAND MOUNT PL,25.0,25,1
CRESCENT AND CLUNY,104.75,419,4
CRESCENT AND MT PLEASA,24.0,24,1
CRESCENT AND ROSEDALE,24.5,49,2
CRESCENT AND SOUTH,25.0,50,2
CRESCENT AND WRENTHAM,25.0,25,1
CRESCENT AND YONGE,0.0,0,1
CRESCENT RD AND MOUNT,25.0,25,1
CRESCENT RD BEWTEEN YO,531.0,531,1
CRESENT AND MT. PLEASA,275.0,275,1
CRESENT TOWN RD TO DEN,0.0,0,1
CROSLAND AND PENWORTH,23.0,46,2
CROSLAND AND REDDINS,14.571428571428571,102,7
CROSSLAND AND PENWORTH,8.0,8,1
CROSSLAND AND REDDINS,17.0,51,3
CROSSLANDS AND REDDINS,10.0,10,1
CROW TRAIL AND BALDON,18.0,18,1
CROW TRAIL AND BALDOON,19.0,38,2
CROW TRAIL AND CARRYIN,18.0,18,1
CROW TRAIL AND HORSELE,0.0,0,1
CROW TRAIL AND NEILSON,17.5,35,2
CULFORD AND GEORGE AND,63.5,127,2
CULFORD AND GEORGE HEN,135.0,135,1
CULFORD AND GULLIVER,0.0,0,1
CULFORD AND HARROW,26.0,78,3
CULFORD AND LAWRENCE,36.0,36,1
CULFORD AND MAPLE LEAF,0.0,0,1
CULFORD AND WOOLTON,0.0,0,1
CULFORD AND WOOLTOWN,562.0,562,1
CULFORD AND WYNDALE,31.0,31,1
CUMMER AND BAYVIEW,22.304347826086957,513,23
CUMMER AND BEARDMORE,13.333333333333334,40,3
CUMMER AND CONACHER,38.0,38,1
CUMMER AND CRAIGMONT,13.5,27,2
CUMMER AND DON MILLS,9.0,9,1
CUMMER AND FLEMING,9.0,9,1
CUMMER AND LELIE,9.0,9,1
CUMMER AND LESLIE,17.0,170,10
CUMMER AND LESLIE TO C,135.0,135,1
CUMMER AND LESLIR,9.0,9,1
CUMMER AND MAXOME,5.333333333333333,16,3
CUMMER AND PINEWAY,55.333333333333336,166,3
CUMMER AND SILVERVIEW,37.0,37,1
CUMMER AND SNOWCREST,87.5,525,6
CUMMER AND WILLOW HEIG,9.0,9,1
CUMMER AND WILLOWDALE,106.0,848,8
CUMMER AND YONGE,16.0,256,16
CURITY AND O'CONNOR,13.333333333333334,40,3
CURITY AND O'CONNOR DR,0.0,0,1
CURITY AVE AND CRANFIE,26.0,26,1
D L GUNN BUILDING,0.0,0,1
DAN LECKIE AND QUEENS,2.0,2,1
DANESBURY AVENUE AND R,24.0,24,1
DANFORHT AND MAIN,11.0,11,1
DANFORTH AND ALBERT KA,0.0,0,1
DANFORTH AND AMROTH,0.0,0,1
DANFORTH AND AUGUST,56.333333333333336,169,3
DANFORTH AND BARINGTON,16.0,16,1
DANFORTH AND BARRINGTO,12.75,51,4
DANFORTH AND BARRYMORE,15.0,30,2
DANFORTH AND BING,12.0,12,1
DANFORTH AND BIRCHMOUN,16.071428571428573,450,28
DANFORTH AND BRIMLEY,36.42857142857143,255,7
DANFORTH AND BROADVIEW,5.75,23,4
DANFORTH AND BYNG,29.75,238,8
DANFORTH AND CAITHNESS,8.0,8,1
DANFORTH AND CARLAW,18.333333333333332,55,3
DANFORTH AND CARSLAKE,12.0,12,1
DANFORTH AND COTTON,20.0,20,1
DANFORTH AND COTTON (W,30.0,30,1
DANFORTH AND COXWELL,25.72222222222222,463,18
DANFORTH AND DANFORTH,10.272727272727273,226,22
DANFORTH AND DAVIDSON,25.0,25,1
DANFORTH AND DAWES,16.838709677419356,522,31
DANFORTH AND DONLANDS,15.75,63,4
DANFORTH AND DOWES,14.0,28,2
DANFORTH AND EASTWOOD,18.0,36,2
DANFORTH AND EATON,119.0,119,1
DANFORTH AND EDGELY,10.0,10,1
DANFORTH AND EGLINTON,12.857142857142858,180,14
DANFORTH AND ELDON,30.0,30,1
DANFORTH AND ELWARD,10.0,10,1
DANFORTH AND EMMOTT,15.0,30,2
DANFORTH AND GILLARD,0.0,0,2
DANFORTH AND GLEBEMOUN,15.0,15,1
DANFORTH AND GLEDHILL,150.5,301,2
DANFORTH AND GLENSHEPH,15.0,15,1
DANFORTH AND GLENSHEPP,10.0,10,1
DANFORTH AND GORDONRID,12.0,12,1
DANFORTH AND GREENWOOD,31.333333333333332,94,3
DANFORTH AND HART,7.666666666666667,23,3
DANFORTH AND HIGHVIEW,16.0,16,1
DANFORTH AND HILLINGTO,30.0,30,1
DANFORTH AND HOLLYHEDG,12.0,12,1
DANFORTH AND HUNTINGTO,13.333333333333334,40,3
DANFORTH AND JONES,8.0,16,2
DANFORTH AND KELVIN,18.0,18,1
DANFORTH AND LEYTON,18.0,18,1
DANFORTH AND LILY CUP,10.0,10,1
DANFORTH AND LINDEN,35.0,35,1
DANFORTH AND LINNSMORE,12.0,84,7
DANFORTH AND MAC,20.0,20,1
DANFORTH AND MACEY,25.0,25,1
DANFORTH AND MACK,21.333333333333332,64,3
DANFORTH AND MADELINE,30.0,30,1
DANFORTH AND MAGNOLIA,12.0,12,1
DANFORTH AND MAIN,11.916666666666666,286,24
DANFORTH AND MCDONALD,18.0,18,1
DANFORTH AND MCDONAOLD,16.0,16,1
DANFORTH AND MEDFORD,5.0,10,2
DANFORTH AND MIDLAND,17.88888888888889,161,9
DANFORTH AND MONARCH,13.5,54,4
DANFORTH AND MONARCH P,10.0,30,3
DANFORTH AND MORTON,0.0,0,1
DANFORTH AND N WOODROW,0.0,0,1
DANFORTH AND NESTON,37.5,75,2
DANFORTH AND PAPE,29.636363636363637,326,11
DANFORTH AND PARKETTE,121.0,242,2
DANFORTH AND PHARMACY,66.71428571428571,467,7
DANFORTH AND PILKINGTO,16.0,16,1
DANFORTH AND PLAYTER,10.0,10,1
DANFORTH AND RHODES,15.0,15,1
DANFORTH AND ROBINSON,15.0,15,1
DANFORTH AND ROSEHEATH,72.0,72,1
DANFORTH AND SCOTIA,16.0,16,1
DANFORTH AND SEMINOLE,9.0,18,2
DANFORTH AND SIBLEY,40.92307692307692,532,13
DANFORTH AND ST CLAIR,22.2,222,10
DANFORTH AND ST DUNSTO,0.0,0,1
DANFORTH AND THORA,16.0,16,1
DANFORTH AND TRENT,0.0,0,1
DANFORTH AND TRUDELLE,11.5,46,4
DANFORTH AND TYNE,9.0,9,1
DANFORTH AND VICTORIA,21.17948717948718,826,39
DANFORTH AND WARDEN,17.31578947368421,658,38
DANFORTH AND WINTER,0.0,0,1
DANFORTH AND WOLFE,14.75,59,4
DANFORTH AND WOODBINE,9.375,75,8
DANFORTH AND WOODINGTO,20.0,20,1
DANFORTH AND WOODMOUNT,14.0,14,1
DANFORTH AV AND BIRCHM,60.0,60,1
DANFORTH AVE AND BIRCH,60.0,60,1
DANFORTH AVE AND DANFO,38.0,228,6
DANFORTH AVE AND DAWES,12.666666666666666,38,3
DANFORTH AVE AND DUNST,22.0,22,1
DANFORTH AVE AND JONES,30.0,30,1
DANFORTH AVE AND MONAR,12.0,12,1
DANFORTH AVE AND PAPE,15.0,15,1
DANFORTH AVE AND ROBIN,0.0,0,2
DANFORTH AVE AND SIBLE,0.0,0,1
DANFORTH AVE AND VICTO,15.0,15,1
DANFORTH AVE AND WARDE,5.4,27,5
DANFORTH AVENUE AND LI,17.0,17,1
DANFORTH AVENUE AND WE,15.0,15,1
DANFORTH DIVISION,0.0,0,3
DANFORTH HAND EGLINTON,0.0,0,1
DANFORTH RD AND BIRCHM,22.0,22,1
DANFORTH RD AND BRIMLE,69.5,139,2
DANFORTH RD AND DANFOR,0.0,0,1
DANFORTH RD AND DAWES,10.0,20,2
DANFORTH RD AND EGLINT,10.0,10,1
DANFORTH RD AND ELWARD,18.0,18,1
DANFORTH RD AND HOLLYH,10.0,10,1
DANFORTH RD AND MAIN,8.0,8,1
DANFORTH RD AND NORTH,9.0,9,1
DANFORTH RD AND PILKIN,10.0,10,1
DANFORTH RD AND SEMINO,12.0,12,1
DANFORTH RD AND ST CLA,20.0,20,1
DANFORTH RD AND TRUDEL,10.0,10,1
DANFORTH RD AND WARDEN,11.5,69,6
DANFORTH ROAD AND ST.,30.0,30,1
DANFORTHA ND COXWELL,10.0,10,1
DANFOTH AND PAPE,0.0,0,1
DANFROTH AND LEYTON,15.0,15,1
DANFROTH AND MAIN,16.0,16,1
DANTON AND MACEY,0.0,0,1
DAVEAN AND WOODSNORTH,22.0,22,1
DAVEAN AND WOODSWORTH,23.571428571428573,165,7
DAVEAN AND WOODWORTH,25.0,25,1
DAVENPORT (SYMINGTON A,37.0,37,1
DAVENPORT AND ALBERTA,0.0,0,1
DAVENPORT AND AVENUE,50.4,504,10
DAVENPORT AND AVENUE T,98.0,98,1
DAVENPORT AND BATHRUST,0.0,0,1
DAVENPORT AND BATHURST,51.86666666666667,778,15
DAVENPORT AND BEDFORD,311.6666666666667,935,3
DAVENPORT AND BELMONT,38.6,193,5
DAVENPORT AND BERRYMAN,21.0,42,2
DAVENPORT AND CALADONI,0.0,0,1
DAVENPORT AND CALEDONI,30.0,30,1
DAVENPORT AND CHRISTIE,57.8,289,5
DAVENPORT AND DARTWELL,22.0,22,1
DAVENPORT AND DOVERCOU,110.0,110,1
DAVENPORT AND DUFFERIN,24.857142857142858,174,7
DAVENPORT AND DUNDAS,10.0,10,1
DAVENPORT AND DUPONT,23.526315789473685,447,19
DAVENPORT AND EMERSON,105.0,105,1
DAVENPORT AND LANSDOWN,26.0,104,4
DAVENPORT AND LAUGHTON,53.166666666666664,319,6
DAVENPORT AND MACPHERS,5.0,5,1
DAVENPORT AND NEW,22.0,22,1
DAVENPORT AND OAKWOOD,23.88888888888889,215,9
DAVENPORT AND OLD WEST,15.0,30,2
DAVENPORT AND OSLER,42.714285714285715,598,14
DAVENPORT AND OSLER ST,39.0,39,1
DAVENPORT AND OSSINGTO,32.5,195,6
DAVENPORT AND SHAW,15.0,15,1
DAVENPORT AND SPADINA,0.0,0,1
DAVENPORT AND SYMINGTO,20.88235294117647,355,17
DAVENPORT AND WALMER,24.5,49,2
DAVENPORT AND WELMER,0.0,0,1
DAVENPORT AND YONGE,0.0,0,1
DAVENPORT BUILDING -,0.0,0,1
DAVENPORT CLOSED GILLE,134.0,134,1
DAVENPORT RD AND AVENU,30.0,30,1
DAVENPORT RD AND SYMIN,15.0,15,1
DAVERNPORT AND OLD WES,0.0,0,1
DAVESVILLE AND MT PLEA,91.0,91,1
DAVISIVILLE AND YONGE,30.0,30,1
DAVISVILL AND YONGE,25.0,25,1
DAVISVILLE AND ACACIA,10.0,30,3
DAVISVILLE AND BAYVIEW,30.333333333333332,273,9
DAVISVILLE AND BELLE A,126.0,378,3
DAVISVILLE AND CLEVELA,34.75,139,4
DAVISVILLE AND FOREMAN,928.0,928,1
DAVISVILLE AND FORMAN,110.0,330,3
DAVISVILLE AND FORSYTH,45.0,45,1
DAVISVILLE AND MCCORD,18.0,18,1
DAVISVILLE AND MOUNT P,53.09090909090909,584,11
DAVISVILLE AND MT PLEA,18.0,18,1
DAVISVILLE AND MT. PLE,10.0,20,2
DAVISVILLE AND PAILTON,20.571428571428573,144,7
DAVISVILLE AND THE BRI,0.0,0,1
DAVISVILLE AND Y ONGE,22.0,22,1
DAVISVILLE AND YONGE,20.875,501,24
DAVISVILLE AND YONGE S,0.0,0,1
DAVISVILLE AT FORMAN,26.0,26,1
DAVISVILLE CARHOUSE,0.0,0,1
DAVISVILLE E OF PAILTO,10.0,10,1
DAVISVILLE STATION,23.53125,3012,128
DAVISVILLE STATION (EN,439.0,439,1
DAVISVILLE STATION (TU,18.0,18,1
DAVISVILLE STATION BUS,22.0,22,1
DAVISVILLE STN TO YORK,0.0,0,1
DAVISVILLE YARD,0.0,0,5
DAVSIVILLE AND MOUNT P,10.0,10,1
DAWES AND BALFOUR,10.0,10,1
DAWES AND BERTH,10.0,10,1
DAWES AND BETH,5.0,10,2
DAWES AND BRENTON,12.0,12,1
DAWES AND CRECENT TOWN,24.0,24,1
DAWES AND CRESENT TOWN,42.5,85,2
DAWES AND DANFORTH,10.0,20,2
DAWES AND DENTONIA,10.0,20,2
DAWES AND DENTONIA PAR,10.0,20,2
DAWES AND DOLLER,0.0,0,1
DAWES AND DONORA,12.0,24,2
DAWES AND FERRIS,14.2,71,5
DAWES AND GOODWOOD PAR,6.666666666666667,20,3
DAWES AND GOVER,10.0,10,1
DAWES AND GOWER,22.333333333333332,134,6
DAWES AND PARK VISTA,11.0,22,2
DAWES AND VICTORIA PAR,10.0,10,1
DAWES RD AND DENTONIA,0.0,0,1
DE BOERS AND OLD TORON,11.0,11,1
DEAN PARK AND SHEPPARD,15.0,15,1
DEAUVILLE AND GRENOBLE,0.0,0,1
DEAUVILLE AND ST DENNI,5.5,44,8
DEAUVILLE AND ST. DENN,0.0,0,1
DEAUVILLE LANE AND GRE,6.0,6,1
DEAUVILLE LANE AND ST,0.0,0,1
DEAUVILLE LN AND ST. D,9.0,9,1
DELAWARE SUBSTATION,0.0,0,1
DENISON AND JANE,15.0,30,2
DENTON AND MACEY,10.0,80,8
DENTON AND MADELAINE,5.0,10,2
DENTON AND PHARMACY,26.0,26,1
DENTON AND ST DUNSTAN,16.333333333333332,49,3
DENTON AND VICTORIA PA,12.666666666666666,38,3
DENVALE AND ST CLAIR,0.0,0,1
DERRYDOWN AND BROADOAK,15.0,15,1
DEXTON AND MACEY,10.0,10,1
DINGWALL AND CARLAW,9.0,9,1
DINGWALL AND CARLAW (W,8.0,8,1
DINGWALL AND PAPE,9.0,9,1
DIRECTOR CT AND STEELE,15.0,15,1
DISCO AND ATTWELL,56.857142857142854,398,7
DISCO AND ATWELL,16.0,16,1
DISCO AND BROCKPORT,23.0,23,1
DISCO AND CARLINGVIEW,216.0,864,4
DIXFIELD AND WELLESWOR,0.0,0,1
DIXION AND CELESTINE,29.0,29,1
DIXION AND HIGHWAY 427,9.0,9,1
DIXN AND CARLINGTONQ,20.0,20,1
DIXON AND ATTWELL,13.0,65,5
DIXON AND ATWELL,17.5,35,2
DIXON AND CARLINGVIEW,19.869565217391305,457,23
DIXON AND CELESTINE,11.5,46,4
DIXON AND CELESTINE DR,21.0,42,2
DIXON AND CHETTA,15.0,30,2
DIXON AND CITY VIEW DR,20.0,20,1
DIXON AND DIXINGTON,14.5,29,2
DIXON AND GOLFWOODB,20.0,20,1
DIXON AND GOLLFWOOD HE,18.0,18,1
DIXON AND HAVENRIDGE,20.0,40,2
DIXON AND HWY 27,20.0,20,1
DIXON AND INCLIFFE,55.0,55,1
DIXON AND ISLINGTON,33.125,1325,40
DIXON AND JETLINER,30.0,30,1
DIXON AND KELFIELD,18.5,74,4
DIXON AND KILPING,10.0,10,1
DIXON AND KIPLING,19.87878787878788,656,33
DIXON AND MARTIN GROVE,16.384615384615383,213,13
DIXON AND MARTINGROVE,65.0,130,2
DIXON AND MCMANUS,15.0,45,3
DIXON AND NORTHCREST,68.0,68,1
DIXON AND RIVERVIEW,22.0,44,2
DIXON AND RIVERVIEW HE,16.0,32,2
DIXON AND ROXALINE,20.666666666666668,62,3
DIXON AND ROYAL YORK,16.23076923076923,211,13
DIXON AND SCARLETT,18.0,18,1
DIXON AND SKYWAY,15.285714285714286,107,7
DIXON AND ST PHILIPS,319.0,638,2
DIXON AND ST PHILLIPS,30.0,30,1
DIXON AND WINCOTT,20.0,100,5
DIXON ROAD,14.0,14,1
DIXON WEST OF MARTIN G,20.0,20,1
DNCAN MILLS AND LESMIL,20.0,20,1
DOCKSIDE AND KNAPP,13.0,13,1
DOCKSIDE AND LAKESHORE,8.5,17,2
DOCKSIDE AND QUEEN'S Q,47.666666666666664,143,3
DOCKSIDE AND QUEENS QU,12.857142857142858,180,14
DOIN MILLS AND LAWRENC,10.0,10,1
DON AND EGLINTON,0.0,0,1
DON CASTER AND CHISHOL,20.0,20,1
DON LAKE AND BATHURST,5.4,54,10
DON LAKE AND BATHUST,10.0,10,1
DON MILL,0.0,0,1
DON MILL AND EGLINTON,50.0,50,1
DON MILL AND GATEWAY,6.0,6,1
DON MILL AND OVERLEA,5.0,5,1
DON MILL AND YORK MILL,10.0,10,1
DON MILL STATION,16.25,130,8
DON MILLS,11.2,56,5
DON MILLS AND BARBER G,44.375,355,8
DON MILLS AND BOND,0.0,0,1
DON MILLS AND CHIPPING,4.0,20,5
DON MILLS AND CLIFFWOO,9.2,46,5
DON MILLS AND CLIFTWOO,0.0,0,1
DON MILLS AND CLOCK TO,12.666666666666666,38,3
DON MILLS AND DEEFRORD,21.0,21,1
DON MILLS AND DON WAY,26.25,105,4
DON MILLS AND DONWAY,30.0,30,1
DON MILLS AND DUNCAN M,4.777777777777778,43,9
DON MILLS AND EESTERBR,8.0,8,1
DON MILLS AND EGLINTO,6.0,6,1
DON MILLS AND EGLINTON,8.768518518518519,947,108
DON MILLS AND ESTERBRO,15.0,105,7
DON MILLS AND FAIR VIE,10.0,10,1
DON MILLS AND FAIRVIE,10.0,10,1
DON MILLS AND FAIRVIEW,11.25,45,4
DON MILLS AND FARMCOTE,4.25,17,4
DON MILLS AND FINCH,8.2,205,25
DON MILLS AND FINCH TO,0.0,0,1
DON MILLS AND FOREST H,0.0,0,1
DON MILLS AND FRESH ME,6.0,6,1
DON MILLS AND FRESHMEA,9.3,186,20
DON MILLS AND GATEWAY,11.975,479,40
DON MILLS AND GEORGE H,6.0,6,1
DON MILLS AND GODSTONE,7.8,39,5
DON MILLS AND GOODVIEW,14.75,59,4
DON MILLS AND GRAYDON,7.375,118,16
DON MILLS AND GREEN BE,5.111111111111111,46,9
DON MILLS AND GREENBEL,35.333333333333336,106,3
DON MILLS AND HAVENBRO,5.0,10,2
DON MILLS AND HELEN,5.0,10,2
DON MILLS AND HELEN LU,6.0,36,6
DON MILLS AND HELLEN,0.0,0,1
DON MILLS AND KERN,2.3333333333333335,7,3
DON MILLS AND KERN ROA,10.0,10,1
DON MILLS AND LAPWORTH,16.0,16,1
DON MILLS AND LAWRENCE,7.891891891891892,292,37
DON MILLS AND LEGATO,9.0,9,1
DON MILLS AND LEITH HI,10.0,30,3
DON MILLS AND MALLARD,9.0,9,1
DON MILLS AND MARBLEMO,10.0,10,1
DON MILLS AND MC NICOL,8.0,8,1
DON MILLS AND MCNICOLL,7.833333333333333,47,6
DON MILLS AND MILLWOOD,0.0,0,2
DON MILLS AND MOATFIEL,10.0,10,1
DON MILLS AND MOGUL,8.5,17,2
DON MILLS AND MOGUL DR,0.0,0,1
DON MILLS AND NORTH YO,20.0,20,1
DON MILLS AND O'CONNER,21.0,21,1
DON MILLS AND OVERLEA,4.344827586206897,126,29
DON MILLS AND OVERLEAA,0.0,0,1
DON MILLS AND OVERLEAS,10.0,10,1
DON MILLS AND PARKWAY,19.181818181818183,211,11
DON MILLS AND PARKWY F,0.0,0,1
DON MILLS AND PREMIER,10.0,10,1
DON MILLS AND ROCHEFOR,8.0,16,2
DON MILLS AND SENECA H,10.5,21,2
DON MILLS AND SHADBERR,9.0,36,4
DON MILLS AND SHEPPARD,14.264705882352942,485,34
DON MILLS AND ST DENNI,10.16,254,25
DON MILLS AND STEELES,14.857142857142858,312,21
DON MILLS AND THE DON,15.0,15,1
DON MILLS AND THE DONW,10.090909090909092,111,11
DON MILLS AND TOWN SEN,25.0,25,1
DON MILLS AND VAN HORN,6.333333333333333,38,6
DON MILLS AND WYNDFORD,9.0,9,1
DON MILLS AND WYNFORD,7.7101449275362315,532,69
DON MILLS AND YORK MIL,14.464285714285714,405,28
DON MILLS AND YORK MLL,10.0,10,1
DON MILLS ANSD OVERLEA,0.0,0,1
DON MILLS AT EGLINTON,8.0,8,1
DON MILLS AT YORK MILL,6.0,6,1
DON MILLS BETWEEN ST D,0.0,0,1
DON MILLS OR GRAYDON H,9.0,9,1
DON MILLS RD,9.0,9,1
DON MILLS RD AND GATEW,0.0,0,1
DON MILLS STATAION,10.0,10,1
DON MILLS STATION,14.0509337860781,8276,589
DON MILLS STATION (SPA,10.0,10,1
DON MILLS STATION - EX,20.0,20,1
DON MILLS STATION TO M,0.0,0,1
DON MILLS STATION TO R,0.0,0,1
DON MILLS STATOIN,0.0,0,1
DON MILLS STYATION,8.0,8,1
DON MILLS SUBSTATION,0.0,0,1
DON MILLSSTATION,15.0,15,1
DON MILS AND DUNCAN,6.0,6,1
DON MILS AND THE DONWA,8.0,8,1
DON MILS STATION,12.0,12,1
DON MILSD AND DON WAY,116.0,116,1
DON VALLEY PARKWAY AND,0.0,0,1
DON VALLEY PARKWAY STA,8.0,8,1
DON VALLEY STATION,9.851851851851851,266,27
DON VALLY STATION,9.0,9,1
DON WAY AND LAWRENCE,0.0,0,1
DON WAY WEST AND LAWRE,30.0,30,1
DONAWAY AND LAWRENCE,133.0,133,1
DONCASTER AND BARRINGT,10.0,10,1
DONCASTER AND MAIN,18.5,185,10
DONCLIFFE AND GLEN ECH,27.0,27,1
DONCLIFFE LOOP,25.5,102,4
DONCLIFFE LOOP (MOUNT,25.0,25,1
DONCLIFFE LOOP (MT PLE,15.0,30,2
DONDONLANDS AND COSBUR,21.0,21,1
DONLAND AND O'CONNOR,15.0,15,1
DONLAND STATION,19.0,38,2
DONLANDS AND DANFORTH,13.0,13,1
DONLANDS AND ELMSDALE,18.333333333333332,55,3
DONLANDS AND FLOYD,15.0,15,1
DONLANDS AND MEMORIAL,6.0,6,1
DONLANDS AND MILLWOOD,9.5,19,2
DONLANDS AND MILVERTON,15.0,15,1
DONLANDS AND MORTIMER,33.5,67,2
DONLANDS AND MORTIRMER,20.0,20,1
DONLANDS AND O CONNOR,11.0,11,1
DONLANDS AND O'CONNER,15.0,15,1
DONLANDS AND O'CONNOR,12.090909090909092,133,11
DONLANDS AND OVERLEA T,0.0,0,3
DONLANDS AND PAPE,95.0,95,1
DONLANDS AND PAPE - AT,13.0,13,1
DONLANDS AND PLAINS,16.0,16,1
DONLANDS AND SAMMON,23.0,69,3
DONLANDS AND STRATHMOR,29.6,148,5
DONLANDS AND TORRENS,0.0,0,1
DONLANDS AND WOLVERTON,66.0,66,1
DONLANDS AND WOODVILLE,16.0,32,2
DONLANDS STATION,15.51685393258427,1381,89
DONLANDS STATION (OUTS,10.0,10,1
DONLANDS STATIONS,0.0,0,1
DONMILLS AND EGLINTON,46.5,93,2
DONMILLS AND FAIRVIEW,9.0,9,1
DONMILLS AND FRESHMEAD,11.0,11,1
DONMILLS AND GATEWAY,42.0,42,1
DONWAY AND GREENLAND,30.0,30,1
DONWAY AND LAWRENCE,26.666666666666668,240,9
DONWAY EAST AND LAWREN,30.0,30,1
DONWAY WEST AND DON MI,391.0,391,1
DONWAY WEST AND LAWREN,20.0,60,3
DORIS BETWEEN GREENFIE,60.0,60,1
DOUGLAS AND AVENUE,9.0,9,1
DOUGLAS AND DOUGLAS,20.0,20,1
DOUGLAS AND GLEN,92.33333333333333,277,3
DOUGLAS DRIVE AND GLEN,20.0,20,1
DOURO AND KING,10.0,10,1
DOVERCOURT AND BLOOR,71.0,71,1
DOVERCOURT AND DAVENPO,17.75,71,4
DOVERCOURT AND DUPONT,26.5,212,8
DOVERCOURT AND GEARY,12.0,60,5
DOVERCOURT AND HALLAM,21.625,173,8
DOVERCOURT AND NORTH H,20.0,20,1
DOVERCOURT AND NORTHHU,70.625,565,8
DOVERCOURT AND NORTHUM,25.88888888888889,233,9
DOVERCOURT AND NOTHUMB,15.0,15,1
DOVERCOURT AND SHANLEY,20.0,40,2
DOVERCOURT AND SHANLY,20.0,40,2
DOWNSVIEW PARK AND KEE,23.333333333333332,70,3
DOWNSVIEW PARK AND STA,28.0,56,2
DOWNSVIEW PARK STATION,42.0625,673,16
DOWNSVIEW SUBSTATION,0.0,0,1
DOWNSVIEWS PARK STATIO,30.0,30,1
DOWNVIEW PARK AND KEEL,18.0,18,1
DOWSNVIEW PARK STATION,230.0,230,1
DRAGON ALLEY,8.0,8,1
DREW AND SWISS (324 DR,41.0,41,1
DREWERY AND BATHURST,30.0,30,1
DREWERY AND GRANBROOK,24.0,24,1
DREWERY AND NORWIN,0.0,0,1
DREWERY AND YONGE,10.0,10,1
DREWRY AND ANTIBES,15.0,15,1
DREWRY AND BATHURST,17.75,71,4
DREWRY AND CHELMSFORD,11.0,22,2
DREWRY AND FAIRCHILD,0.0,0,1
DREWRY AND GRANDBROOKE,10.0,10,1
DREWRY AND GRANTBROOK,22.333333333333332,67,3
DREWRY AND HILDA,6.666666666666667,20,3
DREWRY AND MARTON,0.0,0,1
DREWRY AND NORWIN,22.5,45,2
DREWRY AND YONGE,9.166666666666666,55,6
DREWY AVE AND HILDA,0.0,0,1
DRIFTWOOD AND COBBLER,15.0,15,1
DRIFTWOOD AND DRIFTWOO,11.0,11,1
DRIFTWOOD AND FINCH,18.133333333333333,272,15
DRIFTWOOD AND GRANDRAV,20.0,60,3
DRIFTWOOD AND JANE,21.1875,339,16
DRIFTWOOD AND LASKAY,9.0,18,2
DRIFTWOOD AND NISKA,10.0,20,2
DRIFTWOOD AND STONG,17.5,70,4
DRIFTWOOD AND STRONG,20.0,20,1
DRIFTWOOD AND TOPCLIF,20.0,20,1
DRIFTWOOD AND TOPCLIFF,13.444444444444445,121,9
DRIFTWOOD AND WILMONT,14.25,57,4
DRIFTWOOD AND YEWTREE,18.375,147,8
DRIFTWOOD AND YORKWOOD,26.0,182,7
DRIFTWOOD AVE AND FINC,10.0,10,1
DRIFTWOOD COMMUNITY CE,0.0,0,1
DRITFWOOD AND YEWTREE,75.0,75,1
DSNFORTH AND WARDEN,18.0,18,1
DUDAS AND ACORN,30.0,30,1
DUFERIN AND DUFFERIN P,10.0,10,1
DUFERIN AND EGLINTON,20.0,20,1
DUFERIN AND STEELES,30.0,30,1
DUFERIN AND YORK UNIVE,10.0,10,1
DUFERIN GATE LOOP,9.0,9,1
DUFFEIN FROM OVERBROOK,133.0,133,1
DUFFEIRN AND SAMOR,10.0,10,1
DUFFEIRN BETWEENT AUBU,183.0,183,1
DUFFERI AND SHANLY,10.0,10,1
DUFFERIN & GORDON,16.0,16,1
DUFFERIN & SAMOR,0.0,0,1
DUFFERIN (LAWRENCE TO,0.0,0,1
DUFFERIN ADN EGLINTON,15.0,15,1
DUFFERIN ADN JANE OSLE,0.0,0,1
DUFFERIN ADN LAWRENCE,8.0,8,1
DUFFERIN ADN QUEEN,0.0,0,1
DUFFERIN AMD DOLOMITE,0.0,0,1
DUFFERIN AND 401,4.0,8,2
DUFFERIN AND ALMA,9.0,36,4
DUFFERIN AND ALMA AVE,20.0,20,1
DUFFERIN AND ANTHONY,10.0,10,1
DUFFERIN AND APEX,11.142857142857142,78,7
DUFFERIN AND APEX RD,8.0,8,1
DUFFERIN AND ARMSTRONG,16.0,16,1
DUFFERIN AND ASCOT,34.666666666666664,208,6
DUFFERIN AND AUBURN,5.75,46,8
DUFFERIN AND BANK,0.0,0,1
DUFFERIN AND BATHURST,0.0,0,1
DUFFERIN AND BELGRAVIA,8.0,8,1
DUFFERIN AND BENTWORTH,17.25,69,4
DUFFERIN AND BILL BISH,0.0,0,1
DUFFERIN AND BILLY BIS,7.6,76,10
DUFFERIN AND BLOOR,16.60759493670886,1312,79
DUFFERIN AND BOWIE,12.5625,201,16
DUFFERIN AND BRANDON,16.25,130,8
DUFFERIN AND BRENTWORT,0.0,0,1
DUFFERIN AND BRIAN HIL,10.0,10,1
DUFFERIN AND BRIAR HIL,10.142857142857142,71,7
DUFFERIN AND BRIDGELAN,5.0,20,4
DUFFERIN AND CASTFIELD,8.0,8,1
DUFFERIN AND CASTLEFIE,10.333333333333334,217,21
DUFFERIN AND CELT,8.0,24,3
DUFFERIN AND CHANDOS,0.0,0,1
DUFFERIN AND CLAVER,16.0,16,1
DUFFERIN AND CLAVIER,8.0,8,1
DUFFERIN AND CLOVERLAW,62.0,124,2
DUFFERIN AND COLLEGE,8.8,176,20
DUFFERIN AND CONFEDERA,23.0,23,1
DUFFERIN AND CROATIA,9.8,49,5
DUFFERIN AND DANE,10.0,40,4
DUFFERIN AND DAVENPORT,36.829787234042556,1731,47
DUFFERIN AND DAVEPORT,8.0,8,1
DUFFERIN AND DOLOMITE,11.285714285714286,79,7
DUFFERIN AND DUFFERIN,11.565217391304348,266,23
DUFFERIN AND DUNDAS,7.465116279069767,321,43
DUFFERIN AND DUNDAS ST,16.0,16,1
DUFFERIN AND DUPONT,23.02777777777778,829,36
DUFFERIN AND EGLINTON,13.060869565217391,1502,115
DUFFERIN AND EVERSFIEL,13.466666666666667,202,15
DUFFERIN AND FINCH,14.875,357,24
DUFFERIN AND FINCH (SO,0.0,0,1
DUFFERIN AND FITZGERAL,12.0,12,1
DUFFERIN AND FLORENCE,6.0,12,2
DUFFERIN AND GEARY,13.0,26,2
DUFFERIN AND GEARY AVE,10.0,10,1
DUFFERIN AND GERRY FIT,39.0,78,2
DUFFERIN AND GIBSON,10.5,84,8
DUFFERIN AND GLEN BELL,13.333333333333334,40,3
DUFFERIN AND GLEN PARK,15.0,15,1
DUFFERIN AND GLENCAIRN,8.444444444444445,152,18
DUFFERIN AND GLENCARIN,10.0,60,6
DUFFERIN AND GLENGROVE,9.5,57,6
DUFFERIN AND GOODWOOD,5.0,5,1
DUFFERIN AND GORDON,12.0,84,7
DUFFERIN AND HALLAM,6.875,55,8
DUFFERIN AND HIGHWAY 4,4.5,9,2
DUFFERIN AND HOLMESDAL,11.777777777777779,106,9
DUFFERIN AND HOLMSDALE,8.0,8,1
DUFFERIN AND HOMESDALE,77.0,77,1
DUFFERIN AND HOPE,14.4,72,5
DUFFERIN AND HOPE ST,5.0,5,1
DUFFERIN AND HOPE STRE,8.0,8,1
DUFFERIN AND HORBURN,0.0,0,1
DUFFERIN AND HUNTER,13.333333333333334,40,3
DUFFERIN AND JANE,22.2,111,5
DUFFERIN AND JANE OLSE,8.0,8,1
DUFFERIN AND JANE OSLE,9.785714285714286,137,14
DUFFERIN AND JANE OYST,8.0,8,1
DUFFERIN AND KENNARD,30.0,30,1
DUFFERIN AND KEYCREST,14.0,14,1
DUFFERIN AND KEYWEST,8.25,33,4
DUFFERIN AND KING,9.75,390,40
DUFFERIN AND LANE N PE,16.0,16,1
DUFFERIN AND LANE NORT,8.0,8,1
DUFFERIN AND LANSDOWNE,30.0,30,1
DUFFERIN AND LAPPIN,10.5,42,4
DUFFERIN AND LAWRENCE,17.901408450704224,2542,142
DUFFERIN AND LAWRENCE.,16.0,16,1
DUFFERIN AND LIBERTY,9.423076923076923,245,26
DUFFERIN AND LINDSEY,12.0,24,2
DUFFERIN AND MARTIN,30.2,151,5
DUFFERIN AND MARTIN RO,23.0,46,2
DUFFERIN AND MCADAM,40.5,162,4
DUFFERIN AND MCADAMS,4.0,4,1
DUFFERIN AND MELBORUNE,0.0,0,1
DUFFERIN AND MELBOURNE,18.2,91,5
DUFFERIN AND MORRISON,8.0,8,1
DUFFERIN AND MORRRISON,12.0,12,1
DUFFERIN AND NORTON,8.0,16,2
DUFFERIN AND ORFUS,8.846153846153847,115,13
DUFFERIN AND OVERBROOK,65.5,393,6
DUFFERIN AND PLAYFAIR,23.375,187,8
DUFFERIN AND PRESTON,41.5,166,4
DUFFERIN AND PRINCESS,2.6666666666666665,8,3
DUFFERIN AND QUEEN,11.566666666666666,694,60
DUFFERIN AND RAMSDEN,43.0,43,1
DUFFERIN AND RANEE,11.0,143,13
DUFFERIN AND RIDELLE,8.0,8,1
DUFFERIN AND ROGERS,16.466666666666665,741,45
DUFFERIN AND ROSELAWN,2.6666666666666665,8,3
DUFFERIN AND ROSEMOUNT,8.666666666666666,26,3
DUFFERIN AND ROWAN,9.941176470588236,169,17
DUFFERIN AND S OF FINC,4.0,4,1
DUFFERIN AND SAMOR,9.0,18,2
DUFFERIN AND SASKATCHE,10.333333333333334,31,3
DUFFERIN AND SASKCHEWA,385.0,385,1
DUFFERIN AND SHANLEY,9.333333333333334,28,3
DUFFERIN AND SHANLY,8.0,96,12
DUFFERIN AND SHEPPARD,80.25,321,4
DUFFERIN AND SPARROW,8.0,8,1
DUFFERIN AND SPRINGHUR,17.78787878787879,587,33
DUFFERIN AND SPRINHURS,31.5,63,2
DUFFERIN AND ST CLAIR,8.14,407,50
DUFFERIN AND ST. CLAIR,13.090909090909092,144,11
DUFFERIN AND STANSTEAD,18.0,72,4
DUFFERIN AND STAYNER,8.0,8,1
DUFFERIN AND STEELES,14.854166666666666,713,48
DUFFERIN AND STEEPROCK,20.666666666666668,62,3
DUFFERIN AND SUPERTEST,0.0,0,1
DUFFERIN AND SYLAN,8.0,8,1
DUFFERIN AND SYLVAN,8.833333333333334,212,24
DUFFERIN AND SYLVAN -,8.0,8,1
DUFFERIN AND SYLVAN AV,8.5,17,2
DUFFERIN AND TEMPLE,6.0,18,3
DUFFERIN AND THORNBURN,10.0,10,1
DUFFERIN AND WALLACE,8.0,8,1
DUFFERIN AND WENDERLY,11.75,47,4
DUFFERIN AND WHITLEY,16.0,16,1
DUFFERIN AND WHITMORE,11.8,59,5
DUFFERIN AND WILSON,47.80769230769231,2486,52
DUFFERIN AND WINGOLD,12.0,24,2
DUFFERIN AND YORK,8.0,8,1
DUFFERIN AND YORK UNIV,14.0,14,1
DUFFERIN AND YORKDALE,30.0,210,7
DUFFERIN ANE ORFUS,8.0,8,1
DUFFERIN AT CROATIA,0.0,0,1
DUFFERIN BETWEEN EGLIN,0.0,0,1
DUFFERIN BETWEEN ST CL,0.0,0,1
DUFFERIN GATE,6.833333333333333,41,6
DUFFERIN GATE LOOP,9.89655172413793,861,87
DUFFERIN GATE LOOP - N,8.0,8,1
DUFFERIN LOOP,67.2,672,10
DUFFERIN N OF KING,30.0,30,1
DUFFERIN SOUTH OF KING,10.0,10,1
DUFFERIN STATION,32.81818181818182,361,11
DUFFERINA AND BOWIE,5.0,5,1
DUFFERINA ND ROGERS,0.0,0,1
DUFFERINE AND MARTINS,8.0,8,1
DUFFERINE AND WILSON (,0.0,0,1
DUFFERING AND LAWRENCE,8.0,8,1
DUFFERN AND SHANLY,8.0,8,1
DUFFERRIN AND MORRSION,20.0,20,1
DUNAD AND GILMOUR,20.0,20,1
DUNCAN AND DON MILLS,14.0,56,4
DUNCAN AND LESMILL,12.0,12,1
DUNCAN MILL AND DON MI,10.0,20,2
DUNCAN MILL AND VALLEY,13.333333333333334,40,3
DUNCAN MILLS AND DON M,15.6,312,20
DUNCAN MILLS AND VALLE,20.0,20,1
DUNCAN SHOP,0.0,0,6
DUNCAN SHOP - HILLCRES,0.0,0,1
DUNCAN SHOP - NON REVE,0.0,0,1
DUNCAN SHOPS,0.0,0,2
DUNCAN SHOPS DOOR 4,0.0,0,1
DUNCAN SUBSTATION - 29,0.0,0,1
DUNDAD AND OLD DUNDAS,30.0,30,1
DUNDAS ADN ACORN,18.0,18,1
DUNDAS AN EAST MALL,8.0,8,1
DUNDAS AND 427,5.0,10,2
DUNDAS AND 427 N RAMP,0.0,0,1
DUNDAS AND ACORN,18.666666666666668,224,12
DUNDAS AND ANNETTE,24.6,123,5
DUNDAS AND AUCKLAND,14.2,71,5
DUNDAS AND AUKLAND,11.2,224,20
DUNDAS AND AVONHURST,30.0,30,1
DUNDAS AND BAY,110.0,110,1
DUNDAS AND BELLINGHAM,25.0,25,1
DUNDAS AND BILINGHAM,13.0,13,1
DUNDAS AND BILLINGHAM,11.125,89,8
DUNDAS AND BLOOR,63.25,759,12
DUNDAS AND BLOOR - CLO,15.0,15,1
DUNDAS AND CHELSEA,11.0,22,2
DUNDAS AND CHESTNUT HI,20.0,20,1
DUNDAS AND CLENDENAN,44.2,221,5
DUNDAS AND COLLEGE,75.0,75,1
DUNDAS AND CORDOVA,239.0,478,2
DUNDAS AND DUFFERIN,8.75,70,8
DUNDAS AND DUPONT,19.4,97,5
DUNDAS AND EAST MALL,10.72,536,50
DUNDAS AND EAST MALL C,9.625,77,8
DUNDAS AND EASTMALL,4.0,8,2
DUNDAS AND EDNA,17.0,34,2
DUNDAS AND FISKEN,0.0,0,1
DUNDAS AND GILMOR AVE,367.0,367,1
DUNDAS AND GILMORE,92.0,184,2
DUNDAS AND GILMOUR,21.0,84,4
DUNDAS AND GLENLAKE,19.8,99,5
DUNDAS AND HIGH PARK,26.0,52,2
DUNDAS AND HIGHWAY 427,62.5,125,2
DUNDAS AND HOWLAND,19.25,77,4
DUNDAS AND HUMBER HILL,50.25,201,4
DUNDAS AND HUMBERSIDE,24.0,24,1
DUNDAS AND INDIAN,22.0,22,1
DUNDAS AND INDIAN GROV,30.0,60,2
DUNDAS AND INDIAN RD,24.0,24,1
DUNDAS AND ISLINGTON,19.75,79,4
DUNDAS AND JANE,41.708333333333336,1001,24
DUNDAS AND JARVIS,0.0,0,2
DUNDAS AND JEROME,22.0,22,1
DUNDAS AND JOHN,20.0,20,1
DUNDAS AND JONES,16.0,16,1
DUNDAS AND JOPLING,10.0,10,1
DUNDAS AND KEELE,20.75862068965517,602,29
DUNDAS AND KIPLING,24.375,195,8
DUNDAS AND LANSDOWNE,8.0,16,2
DUNDAS AND MABELLE,74.0,74,1
DUNDAS AND MABLLE,30.0,30,1
DUNDAS AND MAYBELLE,80.0,80,1
DUNDAS AND MICHAEL POW,214.0,214,1
DUNDAS AND MOUNT DENNI,0.0,0,1
DUNDAS AND MUNRO,0.0,0,1
DUNDAS AND NOTTINGHAM,15.0,30,2
DUNDAS AND OAKLAND,20.0,20,1
DUNDAS AND OLD DUNDAS,174.54545454545453,1920,11
DUNDAS AND PACIFIC,24.5,196,8
DUNDAS AND PARLIAMENT,20.0,40,2
DUNDAS AND PAULART,13.166666666666666,79,6
DUNDAS AND POPLAR,13.0,52,4
DUNDAS AND PRINCE EDWA,0.0,0,1
DUNDAS AND PRISCILLA (,0.0,0,1
DUNDAS AND QUEBEC,25.0,25,1
DUNDAS AND REGENT PARK,9.0,18,2
DUNDAS AND RIVER,0.0,0,1
DUNDAS AND RONCESVALLE,8.0,8,1
DUNDAS AND ROYAL YORK,19.4,97,5
DUNDAS AND ROYALAVON,20.0,20,1
DUNDAS AND RUNNYMEDE,18.91304347826087,435,23
DUNDAS AND RUNNYMEDE L,20.0,20,1
DUNDAS AND SCARLETT,193.33333333333334,580,3
DUNDAS AND SHAVER,11.333333333333334,34,3
DUNDAS AND SHORNCLIFF,2.5,5,2
DUNDAS AND SHORNCLIFFE,58.733333333333334,881,15
DUNDAS AND ST JOHN,24.0,24,1
DUNDAS AND ST JOHN'S,20.0,20,1
DUNDAS AND STEELES,30.0,30,1
DUNDAS AND SUBWAY CRES,16.0,16,1
DUNDAS AND SUMMERLAND,30.0,30,1
DUNDAS AND THE EAST MA,10.176470588235293,173,17
DUNDAS AND THE WEST MA,20.444444444444443,184,9
DUNDAS AND THEEAST MAL,10.0,10,1
DUNDAS AND THOMAS RILE,9.0,9,1
DUNDAS AND VARSITY,74.5,149,2
DUNDAS AND VIKING LANE,19.0,19,1
DUNDAS AND WARREN PARK,603.0,603,1
DUNDAS AND WEST MALL,25.6,256,10
DUNDAS AND WIDERMERE,0.0,0,1
DUNDAS AND WILLARD,21.666666666666668,65,3
DUNDAS AND WILMAR,9.428571428571429,132,14
DUNDAS AND WILMER,9.0,9,1
DUNDAS AND WINDEMERE,26.0,52,2
DUNDAS AND YONGE,50.5,101,2
DUNDAS ANDS SCARLETT,20.0,20,1
DUNDAS ST W AND EAST M,0.0,0,1
DUNDAS ST W AND NEILSO,20.0,20,1
DUNDAS ST W AND RUNNYM,20.0,20,1
DUNDAS ST W AND THOMAS,10.0,10,1
DUNDAS ST WEST AND EAS,11.0,11,1
DUNDAS ST WEST AND OLD,30.0,30,1
DUNDAS ST WEST AND RUN,0.0,0,2
DUNDAS STREET AND CHES,22.0,22,1
DUNDAS STREET AND EAST,8.0,8,1
DUNDAS STREET WEST AND,12.0,60,5
DUNDAS W AND BLOOR,17.0,17,1
DUNDAS W AND EAST MALL,0.0,0,1
DUNDAS WESRT STATION,30.0,30,1
DUNDAS WEST AND AUKLAN,0.0,0,2
DUNDAS WEST AND BLOOR,16.75,67,4
DUNDAS WEST AND CHELSE,16.5,33,2
DUNDAS WEST AND CLENDE,30.0,30,1
DUNDAS WEST AND CORDOV,30.0,60,2
DUNDAS WEST AND EAST M,10.0,20,2
DUNDAS WEST AND HUMBER,0.0,0,1
DUNDAS WEST AND INDIAN,20.0,20,1
DUNDAS WEST AND KEELE,22.0,22,1
DUNDAS WEST AND PAULAR,0.0,0,1
DUNDAS WEST AND PRINCE,22.0,22,1
DUNDAS WEST AND ST JOH,24.0,24,1
DUNDAS WEST AND THE WE,10.0,10,1
DUNDAS WEST AND WILLAR,26.0,26,1
DUNDAS WEST STATION,17.563291139240505,2775,158
DUNDAS WEST STATION -,22.0,22,1
DUNFIELD AND EGLINTON,20.0,20,1
DUPLEX AND EGLINTON,8.321428571428571,233,28
DUPONG AND LANSDOWNE,30.0,30,1
DUPONT AND BARTLETT,0.0,0,2
DUPONT AND BATHURST,9.142857142857142,64,7
DUPONT AND BATHUST,20.0,20,1
DUPONT AND BEDFORD,63.111111111111114,568,9
DUPONT AND CHRISTIE,38.5,231,6
DUPONT AND CREAM TOP L,27.0,27,1
DUPONT AND DAVENPORT,134.83333333333334,809,6
DUPONT AND DAVENPORT (,22.0,22,1
DUPONT AND DOVERCOURT,13.545454545454545,149,11
DUPONT AND DUFFERIN,31.2,156,5
DUPONT AND DUNDAS,52.0,208,4
DUPONT AND EDWIN,25.0,25,1
DUPONT AND FRANKLIN,29.0,29,1
DUPONT AND HOWLAND,18.0,54,3
DUPONT AND HURON,25.0,25,1
DUPONT AND KENDAL,23.0,23,1
DUPONT AND LANSDOWNE,15.96875,511,32
DUPONT AND LAPPIN,8.0,8,1
DUPONT AND MANNING,24.0,24,1
DUPONT AND OSSINGTON,35.666666666666664,535,15
DUPONT AND SHAW,17.5,105,6
DUPONT AND SPADINA,91.5,366,4
DUPONT AND ST GEORGE,20.0,20,1
DUPONT AND ST. GEORGE,50.0,50,1
DUPONT AND SYMINGTON,17.6,88,5
DUPONT AND SYMMINGTON,20.0,20,1
DUPONT AND W OF DUFFER,30.0,30,1
DUPONT AND WALMER,24.0,24,1
DUPONT AND WILARD ( E,30.0,30,1
DUPONT AND WILLVALE,0.0,0,1
DUPONT BETWEEN LANSDOW,29.0,29,1
DUPONT ST AND BEDFORD,30.0,30,1
DUPONT STATION,8.666666666666666,26,3
DURNFORD AND DURNESS,18.0,18,1
DUVAL AND ST DENNIS,74.0,148,2
DVP AND NORTH OF LAWRE,0.0,0,1
DYMANIC AND PASSMORE,12.0,12,1
DYNAMIC AND MCNICOL,10.0,10,1
DYNAMIC AND MCNICOLL,10.74074074074074,290,27
DYNAMIC AND PASSMORE,124.8,624,5
DYNAMIC AND TURBINA,12.0,12,1
DYNAMIC DR AND MCNICOL,10.0,10,1
EARL COURT LOOP,35.0,35,1
EARLCOURT LOOP,14.0,28,2
EARLS COURT LOOP,11.714285714285714,82,7
EARLSCOURT LOOP,18.724137931034484,543,29
EASRLSCOURT LOOP,17.0,17,1
EAST AND KIRKDENE,16.0,16,1
EAST AND MABERLEY,16.4,82,5
EAST AND MABERLEY CRES,15.0,15,1
EAST AND MARBERLEY CRE,15.0,15,1
EAST AND WHEELING,10.0,10,1
EAST AVE AND GOLDERS G,12.0,12,1
EAST AVE AND LAWRENCE,18.0,18,1
EAST AVENUE AND MABERL,18.0,18,1
EAST AVENUE AND WHEELI,18.0,18,1
EAST LIBERTY AND ATLAN,90.33333333333333,271,3
EAST LIBERTY AND HANNA,54.0,108,2
EAST LIBERTY AND LYNN,10.0,10,1
EAST LIBERTY AND PIRAN,13.333333333333334,40,3
EAST LIBERTY AND STRAC,10.0,10,1
EAST MALL,10.0,10,1
EAST MALL & RATHBURN,27.0,27,1
EAST MALL AND BLOOR,7.444444444444445,67,9
EAST MALL AND BURNHAMT,4.5,18,4
EAST MALL AND BURNTHAM,33.0,33,1
EAST MALL AND CANTLE P,15.0,15,1
EAST MALL AND CAPRI,0.0,0,1
EAST MALL AND CAPRI RD,15.0,15,1
EAST MALL AND EGLINTON,11.0,22,2
EAST MALL AND EVANS,17.5,35,2
EAST MALL AND GIBBES R,0.0,0,1
EAST MALL AND GIBBS,8.285714285714286,116,14
EAST MALL AND GIBBS RD,10.0,20,2
EAST MALL AND GORDON P,16.0,16,1
EAST MALL AND KEANE,14.0,28,2
EAST MALL AND QUEENSWA,30.142857142857142,211,7
EAST MALL AND QUEENWAY,78.0,78,1
EAST MALL AND QUEESWAY,34.0,34,1
EAST MALL AND RATHBURN,34.5,138,4
EAST MALL AND ROBINGLA,7.0,7,1
EAST MALL AND THE QUEE,22.25,89,4
EAST MALL AND YARN,14.0,14,1
EAST MALLE AND TALGART,12.0,12,1
EAST YORK ACRES,142.5,1140,8
EAST YORK ACRES - HALD,10.0,10,1
EAST YORK ACRES AND HA,10.0,20,2
EAST YORK ACRES AND HO,0.0,0,1
EAST YORK LOOP (HALDON,35.0,35,1
EAST YORK TOWN CENTRE,0.0,0,1
EASTCOURT LOOP,15.0,15,1
EASTDALE AND GOODWOOD,83.375,667,8
EASTDALE AND LUMSDEN,10.0,10,1
EASTDALE AND SECORD,38.0,38,1
EASTER AND QUEEN,12.0,12,1
EASTERN AND BOOTH,0.0,0,1
EASTERN AND CARLAW,30.0,30,1
EASTERN AND COMMISIONE,297.0,297,1
EASTERN AND COXWELL,10.5,21,2
EASTERN AND EMDAABIIMO,34.0,68,2
EASTERN AND KINGSTON,10.0,10,1
EASTERN AND KNOX,80.33333333333333,241,3
EASTERN AND LAING,240.33333333333334,721,3
EASTERN AND LESLIE,12.857142857142858,90,7
EASTERN AND LIANG,638.0,638,1
EASTERN AND QUEEN,13.903225806451612,431,31
EASTERN AND QUEEN E,0.0,0,1
EASTERN AND WOODFIELD,10.8,54,5
EASTERN AND WOODWARD,12.0,12,1
EASTERN AVE AND QUEEN,8.0,8,1
EASTMALL AND NORTH QUE,36.0,36,1
EASTMALL AND RATHBURN,13.0,13,1
EASTON AND COXWELL,492.0,492,1
EASTON AND LESLIE,12.0,12,1
EASTYORK ACRES,64.0,64,1
EDNA AND DUNDAS,3.0,9,3
EGINGTON AND LEBOVIC,10.0,10,1
EGINTON AND LASCELLES,0.0,0,1
EGINTON AND MARTINGROV,14.0,14,1
EGINTON AND RUMSEY,20.0,20,1
EGINTON STATION,9.0,18,2
EGLINGTON AND BANFF,11.0,11,1
EGLINGTON GARAGE,10.0,10,1
EGLINGTON STATION,16.5,33,2
EGLINGTON WEST STATION,9.0,9,1
EGLINITON AND BATHURST,0.0,0,1
EGLINMTON AND MARLEE,10.0,10,1
EGLINOTN AND GENHOLME,11.0,11,1
EGLINOTN AND MARLEE,0.0,0,1
EGLINOTN STATION,15.5,31,2
EGLINRTON GARAGE,11.0,11,1
EGLINTN AND BAYVIEW,16.0,16,1
EGLINTO AND SUTHERLAND,15.0,15,1
EGLINTOIN WEST STATION,15.0,15,1
EGLINTON,25.0,50,2
EGLINTON (JANE TO MIWA,0.0,0,1
EGLINTON - KEELE TO BL,11.0,11,1
EGLINTON AMD MCCOWAN,18.0,18,1
EGLINTON AND ALAMEDA,10.0,20,2
EGLINTON AND ALBION,32.0,32,1
EGLINTON AND ALLEN,12.555555555555555,113,9
EGLINTON AND ALLEN RD,10.0,10,1
EGLINTON AND ALMEDA,5.0,5,1
EGLINTON AND ATLAS,7.666666666666667,23,3
EGLINTON AND AVENUE,13.517241379310345,392,29
EGLINTON AND AVENUE RD,34.5,69,2
EGLINTON AND AVENUE RO,0.0,0,1
EGLINTON AND BANFF,12.8125,205,16
EGLINTON AND BARBADOS,20.0,20,1
EGLINTON AND BATHURST,12.952380952380953,816,63
EGLINTON AND BATHUST,0.0,0,1
EGLINTON AND BAYVIEW,12.594202898550725,869,69
EGLINTON AND BEACHELL,12.076923076923077,157,13
EGLINTON AND BEECHHELL,24.0,24,1
EGLINTON AND BELLAMY,11.458333333333334,275,24
EGLINTON AND BEMERSYDE,36.25,145,4
EGLINTON AND BERMONDSE,11.625,93,8
EGLINTON AND BERWICK,18.5,37,2
EGLINTON AND BICKNELL,11.5,46,4
EGLINTON AND BIRCHMOUN,12.5,300,24
EGLINTON AND BIRCMOUNT,141.0,141,1
EGLINTON AND BLACK CRE,14.076923076923077,183,13
EGLINTON AND BLACKHORN,10.0,10,1
EGLINTON AND BLACKTHOR,10.5,126,12
EGLINTON AND BLAKTHORN,0.0,0,1
EGLINTON AND BRAEMAR,0.0,0,1
EGLINTON AND BRENTCLIF,12.423076923076923,323,26
EGLINTON AND BRIMLEY,119.5,4302,36
EGLINTON AND BRUCE PAR,24.0,24,1
EGLINTON AND CALDONIA,59.0,118,2
EGLINTON AND CALEDONIA,15.71875,503,32
EGLINTON AND CALIDONIA,10.0,10,1
EGLINTON AND CAMBERWEL,12.0,12,1
EGLINTON AND CASTLE KN,12.0,36,3
EGLINTON AND CEDAR,10.75,129,12
EGLINTON AND CENTRE,10.0,10,1
EGLINTON AND CHAPLIN,88.6923076923077,1153,13
EGLINTON AND CHILTERN,16.0,16,1
EGLINTON AND CHILTREN,11.0,11,1
EGLINTON AND COLIN,18.0,18,1
EGLINTON AND COLIN AVE,10.0,10,1
EGLINTON AND COMMERCE,19.0,38,2
EGLINTON AND CREDIT UN,5.2,26,5
EGLINTON AND CROHAM,14.0,14,1
EGLINTON AND DANFORTH,16.085714285714285,563,35
EGLINTON AND DON AVON,17.0,34,2
EGLINTON AND DON MILLS,15.671875,1003,64
EGLINTON AND DON VALLE,10.333333333333334,62,6
EGLINTON AND DONLEA,9.0,36,4
EGLINTON AND DUFFERIN,10.58695652173913,974,92
EGLINTON AND DUNCANNON,14.0,42,3
EGLINTON AND DUNFIELD,31.236842105263158,1187,38
EGLINTON AND DUPLEX,13.020408163265307,638,49
EGLINTON AND DUPLEX (,0.0,0,1
EGLINTON AND DVP,50.0,350,7
EGLINTON AND DVP STOP,10.0,10,1
EGLINTON AND EAST MALL,16.666666666666668,50,3
EGLINTON AND EASTBOURN,11.0,22,2
EGLINTON AND EDEN VALL,10.857142857142858,76,7
EGLINTON AND EGLINGTON,10.0,10,1
EGLINTON AND EGLINTON,10.0,70,7
EGLINTON AND ELHURST,0.0,0,1
EGLINTON AND ELMSTHORP,11.5,46,4
EGLINTON AND EMMERDALE,0.0,0,1
EGLINTON AND EMMETT,12.846153846153847,167,13
EGLINTON AND EMMITT,10.0,10,1
EGLINTON AND ENNERDALE,22.22222222222222,200,9
EGLINTON AND EVERDEN,10.0,10,1
EGLINTON AND EVERDEN (,12.0,12,1
EGLINTON AND FAIRBANK,20.0,20,1
EGLINTON AND FAIRLEIGH,10.0,10,1
EGLINTON AND FAIRMOUTH,18.0,18,1
EGLINTON AND FALCON,7.333333333333333,44,6
EGLINTON AND FALMOTH A,15.0,15,1
EGLINTON AND FALMOUTH,14.789473684210526,281,19
EGLINTON AND FALSMOUTH,8.0,8,1
EGLINTON AND FLANDERS,10.0,10,1
EGLINTON AND FOREMAN,9.0,18,2
EGLINTON AND FOREST HI,16.5,33,2
EGLINTON AND FORMAN,35.36363636363637,389,11
EGLINTON AND GABIAN,12.0,36,3
EGLINTON AND GABIAN WA,13.0,52,4
EGLINTON AND GABION WA,14.0,14,1
EGLINTON AND GARDINER,12.0,12,1
EGLINTON AND GERVAIS,32.6,163,5
EGLINTON AND GILDER,12.846153846153847,167,13
EGLINTON AND GILGORM,7.0,7,1
EGLINTON AND GLEN CEDA,11.333333333333334,34,3
EGLINTON AND GLEN SIDE,12.0,12,1
EGLINTON AND GLENARDEN,12.0,12,1
EGLINTON AND GLENHAVEN,10.666666666666666,32,3
EGLINTON AND GLENHOLME,12.857142857142858,180,14
EGLINTON AND GLENHOME,0.0,0,1
EGLINTON AND GLIDER,3.0,3,1
EGLINTON AND GUESTVILL,14.0,14,1
EGLINTON AND HAKIM,10.0,20,2
EGLINTON AND HAKIMI,7.25,29,4
EGLINTON AND HANNA,14.166666666666666,85,6
EGLINTON AND HARTLEY,10.0,10,1
EGLINTON AND HARVEY,12.0,12,1
EGLINTON AND HARVIE,57.0,228,4
EGLINTON AND HEDDINGTO,8.6,43,5
EGLINTON AND HENNING,13.571428571428571,95,7
EGLINTON AND HENNING A,14.0,14,1
EGLINTON AND HIGHBOURN,15.0,15,1
EGLINTON AND HILLTOP,10.0,10,1
EGLINTON AND HOYLE,21.0,42,2
EGLINTON AND HUNTINGTO,8.0,8,1
EGLINTON AND IONVIEW,11.363636363636363,125,11
EGLINTON AND ISLINGTON,13.35,267,20
EGLINTON AND JANE,15.285714285714286,535,35
EGLINTON AND JIMMY WIL,0.0,0,1
EGLINTON AND JONESVILL,9.0,45,5
EGLINTON AND KANE,9.333333333333334,28,3
EGLINTON AND KEEL,20.0,20,1
EGLINTON AND KEELE,15.474747474747474,1532,99
EGLINTON AND KEELE TO,0.0,0,1
EGLINTON AND KEELESDAL,13.5,27,2
EGLINTON AND KENNEDY,20.44,1533,75
EGLINTON AND KENNEDY S,208.0,208,1
EGLINTON AND KINGSTON,13.31578947368421,253,19
EGLINTON AND KIPLING,23.6875,379,16
EGLINTON AND KIRKNEWTO,12.0,12,1
EGLINTON AND LAIRD,12.904761904761905,813,63
EGLINTON AND LAIRD (EA,15.0,15,1
EGLINTON AND LASCELLES,18.0,198,11
EGLINTON AND LATIMER,8.5,17,2
EGLINTON AND LEBOVIC,13.45945945945946,498,37
EGLINTON AND LESLIE,28.625,1145,40
EGLINTON AND LESLIE (W,185.0,185,1
EGLINTON AND LILLIAN,256.3333333333333,769,3
EGLINTON AND LITTLE,14.0,14,1
EGLINTON AND LLOYD MAN,18.5,37,2
EGLINTON AND LLYOD MAN,5.0,5,1
EGLINTON AND LOBOVIC,0.0,0,1
EGLINTON AND LOCKSLEY,11.333333333333334,34,3
EGLINTON AND LONVIEW,9.0,9,1
EGLINTON AND MAKRHAM,10.0,10,1
EGLINTON AND MARHAM,8.0,8,1
EGLINTON AND MARKAHM,10.0,10,1
EGLINTON AND MARKHAM,13.384615384615385,1566,117
EGLINTON AND MARKHAM R,20.0,40,2
EGLINTON AND MARLEE,10.516129032258064,652,62
EGLINTON AND MARLEY,0.0,0,1
EGLINTON AND MARTIN GR,12.636363636363637,278,22
EGLINTON AND MARTINGRO,10.0,10,1
EGLINTON AND MASON,10.65,213,20
EGLINTON AND MAXWELL,15.0,15,1
EGLINTON AND MC COWAN,0.0,0,1
EGLINTON AND MCCOWAN,24.129032258064516,748,31
EGLINTON AND MCROBERTS,10.0,20,2
EGLINTON AND MIDLAND,13.64367816091954,1187,87
EGLINTON AND MONTCALM,20.0,20,1
EGLINTON AND MORNINGSI,11.0,22,2
EGLINTON AND MOUNT DEN,15.0,60,4
EGLINTON AND MOUNT PLE,14.08695652173913,324,23
EGLINTON AND MT DENNIS,23.0,23,1
EGLINTON AND MT PLEASA,13.428571428571429,282,21
EGLINTON AND MT PLEASE,19.666666666666668,59,3
EGLINTON AND MT. PLEAS,14.0,28,2
EGLINTON AND MT. PLESA,0.0,0,1
EGLINTON AND MUNICIPAL,30.0,30,1
EGLINTON AND NAIRN,65.0,325,5
EGLINTON AND NAIRN (W,12.0,12,1
EGLINTON AND NARIN,40.0,40,1
EGLINTON AND NORTH SER,17.428571428571427,122,7
EGLINTON AND NORTHCLIF,10.166666666666666,61,6
EGLINTON AND OAKWOOD,15.0,435,29
EGLINTON AND OLD FORES,18.692307692307693,243,13
EGLINTON AND OLD PARK,11.4,171,15
EGLINTON AND ORIOLE,10.8,54,5
EGLINTON AND ORIOLE PA,81.66666666666667,490,6
EGLINTON AND ORIOLE PK,6.142857142857143,43,7
EGLINTON AND PEAREN,13.0,13,1
EGLINTON AND PETMAN,26.0,78,3
EGLINTON AND PEVERIL,10.0,10,1
EGLINTON AND PHARMACY,10.59375,339,32
EGLINTON AND PLEASANT,13.0,26,2
EGLINTON AND RANGOON,14.0,42,3
EGLINTON AND RAWLINSON,30.0,30,1
EGLINTON AND RED PATH,20.0,20,1
EGLINTON AND REDPATH,29.8,745,25
EGLINTON AND RENFORTH,26.0,416,16
EGLINTON AND RICHARDSO,9.882352941176471,168,17
EGLINTON AND ROLAND,12.0,12,1
EGLINTON AND RONALD,23.1,231,10
EGLINTON AND RONALD AV,4.0,4,1
EGLINTON AND ROSELAWN,20.0,20,1
EGLINTON AND ROSEMOUNT,23.11111111111111,208,9
EGLINTON AND ROYAL YOR,17.071428571428573,239,14
EGLINTON AND RUMSAY,18.0,18,1
EGLINTON AND RUMSEY,8.166666666666666,49,6
EGLINTON AND RUMSEY RD,20.0,20,1
EGLINTON AND RUSSELL,16.4,82,5
EGLINTON AND SCARLET,12.0,24,2
EGLINTON AND SCARLETT,10.045454545454545,221,22
EGLINTON AND SCOTT,12.0,12,1
EGLINTON AND SERVICE R,8.0,8,1
EGLINTON AND SINNOT,8.0,8,1
EGLINTON AND SINNOTT,9.25,37,4
EGLINTON AND SINNOTT R,12.0,12,1
EGLINTON AND SIUTH SER,20.0,20,1
EGLINTON AND SKYMARK,21.0,21,1
EGLINTON AND SLOAN,21.0,42,2
EGLINTON AND SLOANE,13.75,55,4
EGLINTON AND SOUTH SER,28.53846153846154,371,13
EGLINTON AND SPADINA,25.9,259,10
EGLINTON AND STRATHEAR,14.0,28,2
EGLINTON AND SUTHERLAN,8.0,64,8
EGLINTON AND THE EAST,16.555555555555557,149,9
EGLINTON AND THRETHEWE,20.0,20,1
EGLINTON AND TIMES,12.0,12,1
EGLINTON AND TORRANCE,68.875,551,8
EGLINTON AND TRANSWAY,8.0,24,3
EGLINTON AND TRETHEWAY,8.0,24,3
EGLINTON AND TRETHEWEY,18.26923076923077,475,26
EGLINTON AND VENN,12.666666666666666,38,3
EGLINTON AND VESTA,49.333333333333336,148,3
EGLINTON AND VICTORIA,9.419354838709678,292,31
EGLINTON AND W OF MIDL,16.0,16,1
EGLINTON AND W OF YONG,15.0,15,1
EGLINTON AND WALKWAY,9.0,18,2
EGLINTON AND WALKWAY T,12.0,12,1
EGLINTON AND WARDAN,10.0,10,1
EGLINTON AND WARDEN,35.39473684210526,1345,38
EGLINTON AND WARREN,15.5,31,2
EGLINTON AND WESTCOVER,10.0,10,1
EGLINTON AND WESTON,39.19512195121951,1607,41
EGLINTON AND WESTON RD,4.0,4,1
EGLINTON AND WESTOVER,10.5,42,4
EGLINTON AND WESTWOOD,0.0,0,1
EGLINTON AND WIDDICOMB,14.0,42,3
EGLINTON AND WILLIAM R,12.0,12,1
EGLINTON AND WINCOT,17.0,17,1
EGLINTON AND WINCOTT,76.25,305,4
EGLINTON AND WINNETT,40.0,120,3
EGLINTON AND WINONA,26.5,53,2
EGLINTON AND WINTER,12.2,61,5
EGLINTON AND WYNFORD,12.75,153,12
EGLINTON AND YONGE,22.38888888888889,403,18
EGLINTON AT OPPOSITE W,0.0,0,1
EGLINTON AVE,25.0,25,1
EGLINTON AVE AND CALE,281.0,281,1
EGLINTON AVE AND DANFO,6.0,6,1
EGLINTON AVE AND DUFFE,0.0,0,1
EGLINTON AVE AND RICHA,10.0,10,1
EGLINTON AVE E AND BRO,30.0,30,1
EGLINTON AVE E AND DAN,98.0,98,1
EGLINTON AVE W,10.0,10,1
EGLINTON AVE W AND BAT,10.0,10,1
EGLINTON AVE W AND OLD,14.0,14,1
EGLINTON AVE W AND SCA,12.0,12,1
EGLINTON AVENUE EAST A,12.0,48,4
EGLINTON AVENUE WEST A,19.0,19,1
EGLINTON BETWEEN CALED,0.0,0,1
EGLINTON BETWEEN DUFFE,0.0,0,1
EGLINTON BETWEEN MENIN,8.0,8,1
EGLINTON BUS DIVISION,6.0,6,1
EGLINTON BUS GARAGE,10.0,30,3
EGLINTON BUS GARAGE -,0.0,0,1
EGLINTON BUS TERMINAL,0.0,0,3
EGLINTON DIVISION,7.0,98,14
EGLINTON DIVISON,0.0,0,1
EGLINTON E AND DON AVO,15.0,15,1
EGLINTON E AND VICTORI,10.0,10,1
EGLINTON E OF BAYVIEW,5.0,5,1
EGLINTON EAST IBM (EAS,17.0,17,1
EGLINTON EAST OF DANFO,8.0,8,1
EGLINTON FROM BAYVIEW,0.0,0,1
EGLINTON GARAGE,13.758426966292134,2449,178
EGLINTON JONESVILLE,10.0,10,1
EGLINTON OF BAYVIEW,20.0,20,1
EGLINTON SQUARE AND EG,75.0,75,1
EGLINTON SQUARE AND VI,27.0,27,1
EGLINTON STAITON,11.0,22,2
EGLINTON STARION,20.0,20,1
EGLINTON STATIO,10.0,10,1
EGLINTON STATION,14.610445205479452,17065,1168
EGLINTON STATION (56 B,11.0,11,1
EGLINTON STATION - 34,10.0,10,1
EGLINTON STATION - 925,15.0,15,1
EGLINTON STATION - 97,9.5,19,2
EGLINTON STATION - BUS,5.666666666666667,34,6
EGLINTON STATION - EGL,0.0,0,1
EGLINTON STATION - ELM,0.0,0,1
EGLINTON STATION BUS B,0.0,0,1
EGLINTON STATION BUS P,0.0,0,1
EGLINTON STATION TO DO,0.0,0,1
EGLINTON STATION TO RE,0.0,0,2
EGLINTON STATION TO WE,0.0,0,3
EGLINTON STATON,4.0,8,2
EGLINTON STN,7.5,30,4
EGLINTON STN 945,12.0,12,1
EGLINTON TO PEARSON AI,0.0,0,1
EGLINTON TO SHEPPARD,0.0,0,1
EGLINTON TO WESTWOOD M,0.0,0,1
EGLINTON TRAFFIC OFFIC,0.0,0,1
EGLINTON W AND ALLEN,9.0,9,1
EGLINTON W AND ATLAS,7.0,7,1
EGLINTON W AND FLANDER,14.0,14,1
EGLINTON W AND HARVIE,10.0,10,1
EGLINTON W AND MARLEE,16.0,16,1
EGLINTON W AND PARK HI,5.0,5,1
EGLINTON W AND WESTON,15.0,15,1
EGLINTON WEST,8.0,8,1
EGLINTON WEST - 32 BUS,12.0,12,1
EGLINTON WEST AND ALAM,20.0,20,1
EGLINTON WEST AND ALLE,104.0,104,1
EGLINTON WEST AND CALE,20.0,40,2
EGLINTON WEST AND CAST,10.0,10,1
EGLINTON WEST AND COMM,0.0,0,1
EGLINTON WEST AND DUFF,0.0,0,1
EGLINTON WEST AND DUPL,12.0,12,1
EGLINTON WEST AND ENNE,12.0,12,1
EGLINTON WEST AND ISLI,14.0,14,1
EGLINTON WEST AND JANE,108.0,108,1
EGLINTON WEST AND MART,75.0,75,1
EGLINTON WEST AND OAKW,4.0,8,2
EGLINTON WEST AND SCAR,0.0,0,1
EGLINTON WEST AND WEST,0.0,0,1
EGLINTON WEST STAITON,25.0,25,1
EGLINTON WEST STATIOM,5.0,5,1
EGLINTON WEST STATION,10.59016393442623,4522,427
EGLINTON WEST STATOIN,39.0,39,1
EGLINTON WEST STATON,10.0,10,1
EGLINTON WEST STN,9.0,18,2
EGLINTON WSET AND KEEL,15.0,15,1
EGLINTON YARD,17.5,35,2
EGLINTONG STATION,20.0,20,1
EGLINTONSTATION,10.5,21,2
EGLINTON|KEELE TO,0.0,0,1
EGLINTON|OAKWOOD - EGL,0.0,0,1
EGLINTOOPN STATION,10.0,10,1
EGLINTRON STATION,13.0,26,2
EGLITNON AND KENNEDY,25.0,25,1
EGLITON AND LEBOVIC,10.0,10,1
EGLITON AND REDPATH,0.0,0,1
EGLLINTON AND LEBOVIC,10.0,10,1
EGLNITON AND LASCELLES,0.0,0,1
EGLNTON STATION BUS PL,15.0,15,1
EGLNTON WEST STATION,11.0,22,2
EGLOINTON AND SLOANE,9.0,9,1
EGLONT AND MARLEE,12.0,12,1
EGLONTON WEST STATION,10.0,10,1
EGLTINON AND REDPATH,20.0,20,1
EGLTINTON AND SCARLETT,12.0,12,1
EIGHTH AND LAKESHORE,30.0,30,1
EIGHTH ST AND LAKESHOR,0.0,0,1
ELDER AND THIRTIETH,184.0,184,1
ELESMERE AND MORNINGSI,15.0,15,1
ELGINTON AND BLACK CRE,10.0,10,1
ELIZEBETH AND ELM,720.0,720,1
ELLEMERE AND MARKHAM R,12.0,12,1
ELLEMERE AND MCCOWAN,8.0,16,2
ELLEMERE AND MIDLAND,20.0,20,1
ELLEMERE AND MILITARY,10.0,20,2
ELLEMSERE AND NEILSON,22.0,22,1
ELLERMERE AND MCCOWAN,10.0,10,1
ELLESEMERE AND MIDLAND,15.0,15,1
ELLESEMERE AND MILITAR,11.0,33,3
ELLESEMERE AND PHARMAC,20.0,20,1
ELLESEMERE AND VICTORI,10.0,10,1
ELLESLMERE AND MILITAR,12.0,12,1
ELLESMEE AND KENNEDY,12.0,12,1
ELLESMEER AND BRIMLEY,18.0,18,1
ELLESMER AND HELICON,12.0,12,1
ELLESMER AND MIDLAND,12.0,12,1
ELLESMER AND MILITARY,15.0,15,1
ELLESMERE,15.0,15,1
ELLESMERE AAND MARKHAM,10.0,10,1
ELLESMERE ANBD DOLLY V,30.0,30,1
ELLESMERE AND BELLAMY,28.71875,919,32
ELLESMERE AND BIRCHMOU,27.647058823529413,470,17
ELLESMERE AND BIRKDALE,13.5,108,8
ELLESMERE AND BOBMAR,10.0,10,1
ELLESMERE AND BOROUGH,39.666666666666664,119,3
ELLESMERE AND BRIMLEY,11.076923076923077,288,26
ELLESMERE AND CALTHORP,10.0,30,3
ELLESMERE AND CALVERLE,12.0,12,1
ELLESMERE AND CLAUDIUS,11.0,22,2
ELLESMERE AND CONLINS,12.25,49,4
ELLESMERE AND DEWEY,12.5,25,2
ELLESMERE AND DOLLY VA,17.266666666666666,518,30
ELLESMERE AND DOLLY WA,10.0,10,1
ELLESMERE AND DOMINGTO,12.0,12,1
ELLESMERE AND DORMINGS,15.0,15,1
ELLESMERE AND DORMINGT,12.222222222222221,110,9
ELLESMERE AND DUNDALK,20.0,20,1
ELLESMERE AND GANDER,12.428571428571429,87,7
ELLESMERE AND GLADYS,10.0,10,1
ELLESMERE AND GRANGEWA,11.0,22,2
ELLESMERE AND HELICON,12.285714285714286,86,7
ELLESMERE AND HIGHLAND,10.0,10,1
ELLESMERE AND KENENDY,20.0,40,2
ELLESMERE AND KENNDY,20.0,20,1
ELLESMERE AND KENNEDY,11.687074829931973,1718,147
ELLESMERE AND KINGSTON,17.0,17,1
ELLESMERE AND MARKHAM,12.207317073170731,2002,164
ELLESMERE AND MCCOWAN,13.375,1605,120
ELLESMERE AND MCCOWN,15.0,15,1
ELLESMERE AND MEADOWAL,245.0,245,1
ELLESMERE AND MEADOWVA,10.933333333333334,328,30
ELLESMERE AND MEADVALE,10.0,10,1
ELLESMERE AND MEADWOVA,10.0,10,1
ELLESMERE AND MIDLAND,19.033898305084747,1123,59
ELLESMERE AND MIDLANDF,12.0,12,1
ELLESMERE AND MILBANK,12.0,12,1
ELLESMERE AND MILIARY,16.0,16,1
ELLESMERE AND MILITARY,13.044444444444444,1174,90
ELLESMERE AND MILITRAY,15.0,15,1
ELLESMERE AND MILLITAR,12.0,12,1
ELLESMERE AND MILTARY,12.0,12,1
ELLESMERE AND MILTIARY,10.0,10,1
ELLESMERE AND MILTRAY,8.0,8,1
ELLESMERE AND MONDEO D,18.0,18,1
ELLESMERE AND MORELLE,15.0,15,1
ELLESMERE AND MORISH R,12.0,12,1
ELLESMERE AND MORNELLE,19.666666666666668,118,6
ELLESMERE AND MORNING,6.0,6,1
ELLESMERE AND MORNINGI,10.0,10,1
ELLESMERE AND MORNINGS,51.475,2059,40
ELLESMERE AND MORRISH,12.666666666666666,114,9
ELLESMERE AND MUIRBANK,13.8,69,5
ELLESMERE AND NEILSEN,15.0,15,1
ELLESMERE AND NEILSON,11.25,360,32
ELLESMERE AND NELSON,10.0,10,1
ELLESMERE AND OAKLEY,11.5,46,4
ELLESMERE AND ORTON,21.333333333333332,128,6
ELLESMERE AND ORTON PA,16.0,304,19
ELLESMERE AND PACKARD,12.5,25,2
ELLESMERE AND PARKINGT,11.545454545454545,127,11
ELLESMERE AND PARKWOOD,10.0,20,2
ELLESMERE AND PHARMACY,9.285714285714286,130,14
ELLESMERE AND PHARMCY,10.0,10,1
ELLESMERE AND PRINCIPA,11.0,33,3
ELLESMERE AND ROLARK,6.0,6,1
ELLESMERE AND RYLANDER,10.0,20,2
ELLESMERE AND SANDOVER,0.0,0,1
ELLESMERE AND SCARBORO,19.153846153846153,249,13
ELLESMERE AND STONETON,15.0,15,1
ELLESMERE AND VICTORIA,16.379310344827587,475,29
ELLESMERE AND WARDEN,22.88,572,25
ELLESMERE AND WARDEN A,20.0,20,1
ELLESMERE AND WATSON,86.0,172,2
ELLESMERE AND WYE VALL,8.0,16,2
ELLESMERE AND YORK MIL,10.0,10,1
ELLESMERE AND ZAPH,11.0,22,2
ELLESMERE AND ZAPH AVE,10.0,10,1
ELLESMERE EAST OF MIDL,15.0,15,1
ELLESMERE RD AND MARKH,12.0,12,1
ELLESMERE STATION,15.0,15,1
ELLESMERES AND WARDEN,10.0,10,1
ELLIS AND LAKE SHORE,25.0,25,1
ELLIS AND LAKESHORE,17.5,35,2
ELLIS AND QUEENSWAY,156.5,313,2
ELLLESMERE AND DOLLY V,10.0,10,1
ELLLESMERE AND MCCOWAN,20.0,20,1
ELLLESMERE AND MILITAR,15.0,15,1
ELLSEMERE AND MIDLAND,9.0,9,1
ELLSEMERE AND NEILSON,14.0,28,2
ELLSESMERE AND VICTORI,9.0,9,1
ELLSMERE AND WYE VALLE,10.0,10,1
ELM AND ELIZABETH,384.0,384,1
ELM AND GLEN,9.0,9,1
ELM AND SHERBOURNE,6.666666666666667,20,3
ELM AND UNIVERSITY,25.0,50,2
ELMHURST AND ALBION,12.88888888888889,116,9
ELMHURST AND BROOKMERE,20.0,20,1
ELMHURST AND DRUMHELLE,15.0,15,1
ELMHURST AND ENDICOTT,12.0,12,1
ELMHURST AND FORDWICH,0.0,0,1
ELMHURST AND GENTHORN,20.0,20,1
ELMHURST AND HAREFIEL,5.0,5,1
ELMHURST AND HAREFIELD,17.5,35,2
ELMHURST AND HINTON,20.0,20,1
ELMHURST AND ISLINGTON,21.307692307692307,277,13
ELMHURST AND MUNCEY,8.0,16,2
ELMHURST AND REDWATER,10.0,10,1
ELMHURST AND TAYROW,20.0,20,1
ELMHURST AND YONGE,53.0,53,1
ELMHUSRST AND HENLEY,10.0,10,1
ELMHUSRT AND ALBION,20.0,20,1
ELVASTON AND SLOANE,25.0,25,1
EMDAABIIMOK AND QUEEN,15.0,15,1
EMERSON AND DUPONT,20.0,20,1
EMMET AND VERONA,19.0,76,4
EMMETT AND JANE,67.83333333333333,407,6
EMMETT AND VERONA,21.4,749,35
EMMETT AVE WEST OF JAN,22.0,22,1
EMMETTE AND JANE,24.0,24,1
ENTIRE LINE,0.0,0,4
ENTIRE ROUTE,1.375,55,40
ERIN GATE AND WELLESWO,23.0,23,1
ERINDALE AND BROADVIEW,8.666666666666666,104,12
ERINDALE AVE AND BROAD,0.0,0,1
ERINGATE AND RANGOON,12.0,12,1
ERINGATE AND SANCTBURY,18.0,18,1
ESNA AND STEELES,20.0,20,1
ESNA PARK DR LOOP AND,30.0,30,1
ESPLANADE AND BERKLEY,32.0,32,1
ESPLANADE AND CHRUCH S,289.0,289,1
ESPLANADE AND CHURCH,0.0,0,2
ESPLANADE AND FREDERIC,50.0,50,1
ESPLANADE AND LOWER JA,35.0,70,2
ESPLANADE AND MARKET,15.0,15,1
ESPLANADE AND PRINCESS,15.0,15,1
ESPLANADE AND SHERBOUR,8.0,8,1
ESPLANADE AND YONGE,52.5,105,2
ESPLANDE AND CHURCH,65.0,65,1
ESPLANDE AND LOWER SHE,40.0,40,1
ESPLANDE AND MARKET,0.0,0,1
ESPLANDE AND PRINCESS,9.0,9,1
ESPLENADE AND PRINCES,20.0,20,1
ESTHER SHINER AND OLD,24.0,24,1
EVANS ANBD N CARSON,14.0,14,1
EVANS AND ARNOLD,21.0,21,1
EVANS AND BELLMAN,30.0,30,1
EVANS AND BROWN LINE,27.0,27,1
EVANS AND BROWN'S LANE,19.0,19,1
EVANS AND BROWN'S LINE,18.0,72,4
EVANS AND BROWNS,17.0,34,2
EVANS AND BROWNS LINE,17.4,174,10
EVANS AND CARNARVON,25.0,25,1
EVANS AND EAST MALL,21.0,84,4
EVANS AND EATS MALL,10.0,10,1
EVANS AND GAIR,20.88888888888889,188,9
EVANS AND GAMMA,30.0,30,1
EVANS AND GARDENIER EX,40.0,40,1
EVANS AND HORNER,30.0,60,2
EVANS AND ISLINGOTN,25.0,25,1
EVANS AND ISLINGTON,20.782608695652176,478,23
EVANS AND KIPLING,8.694444444444445,313,36
EVANS AND OURLAND,15.0,15,1
EVANS AND QUEENSWAY,0.0,0,1
EVANS AND ROYAL YORK,22.153846153846153,288,13
EVANS AND SHELDON,26.75,107,4
EVANS AND SHERWAY,20.75,83,4
EVANS AND SHERWAY GATE,14.75,118,8
EVANS AND THE EAST MAL,14.8,74,5
EVANS AND THE WEST MAL,15.0,15,1
EVANS AND TREEVIEW,23.0,23,1
EVANS AND WEST MALL,212.0,212,1
EVANS AND WICKMAN,7.5,15,2
EVERGREEN BRICK WORKS,320.0,640,2
EVERGREEN BRICK WORKS-,30.0,30,1
EVERGREEN BRICKWORKS,125.0,250,2
EWGLINTON STATION,8.0,8,1
EXHIBITION EAST LOOP,16.666666666666668,50,3
EXHIBITION LOOP,15.26,763,50
EXHIBITION PLACE,526.0,1052,2
EXHIBITION WEST LOOP,8.533333333333333,128,15
EXHIBTION LOOP,774.0,774,1
EXIBITION LOOP,8.0,8,1
EXIHIBTION LOOP,252.0,252,1
F?INCH STATION,7.0,7,1
FAIRVIEW AND BOWDEN,10.0,10,1
FALLINGBROOK AND WINDS,0.0,0,1
FARNSWORTH AND GARY,360.0,360,1
FAYWOOD AND ALMORE,26.0,26,1
FAYWOOD AND ANSFORD,26.0,26,1
FAYWOOD AND BAINBRIDGE,22.0,44,2
FAYWOOD AND CLANON,22.0,22,1
FAYWOOD AND DRESDEN,22.0,22,1
FAYWOOD AND SHEPPARD,25.0,100,4
FELBRIGG AND YONGE BLV,51.0,51,1
FENELON (GRAYDON HALL),25.0,25,1
FENELON AND GRAYDON HA,5.0,10,2
FENELON AND UNDERPASS,10.0,10,1
FENELON LOOP,8.0,16,2
FENLEON DR LOOP,10.0,10,1
FENMAR AND KENHAR,250.0,250,1
FENMAR AND NORELCO,209.0,209,1
FENMAR AND ORMONT,189.66666666666666,569,3
FENMAR AND SIGNET,253.66666666666666,761,3
FENMAR AND SIGNNET,207.0,207,1
FENMAR AND SPIGNET,10.0,10,1
FENMAR AND WESTON,10.0,10,1
FENSIDE AND LYNEDOCK,5.0,10,2
FENSIDE AND ROYWOOD,10.6,106,10
FENSIDE AND SLIDELL,30.0,60,2
FENSIDE AND YORK MILLS,20.666666666666668,124,6
FENSIDE DR AND ROYWOOD,20.0,20,1
FENSIDE DR AND SLIDELL,10.0,10,1
FENSIDE DRIVE,12.0,12,1
FERMOY AND ST CLAIR,20.0,20,1
FERNSIDE AND YORK MILL,20.0,20,1
FERRIS AND CEDARVALE,8.0,8,1
FERRIS AND DAWES,10.2,51,5
FERRIS AND GLENBURN,12.0,12,1
FERRIS AND PLAXTON,0.0,0,1
FERRIS AND REXLEIGH,30.0,30,1
FERRIS AND SQUIRES,30.0,30,1
FERRIS DR AND DAWES RD,8.0,8,1
FERRIS RD AND REXLEIGH,10.0,10,1
FERRIS ROAD AND CURRAN,566.0,566,1
FIFESHIRE AND CARLUKE,0.0,0,1
FIFESHIRE AND CHIEFTAI,25.0,25,1
FIFESHIRE RD EAST,5.0,5,1
FIINCH WEST STATION,9.0,9,1
FINC HAND CHESSWOOD,5.0,5,1
FINC STATION,15.0,15,1
FINCH AN DUFFERIN,10.0,10,1
FINCH AND,0.0,0,1
FINCH AND 400,6.333333333333333,19,3
FINCH AND 404,30.333333333333332,91,3
FINCH AND ADIRONDACK,18.0,18,1
FINCH AND ADIRONDACK G,10.0,10,1
FINCH AND ALAMOSA DR,16.0,16,1
FINCH AND ALBION,29.25,468,16
FINCH AND ALENESS,77.0,77,1
FINCH AND ALEXDON,6.6,66,10
FINCH AND ALEXMUIR,19.666666666666668,59,3
FINCH AND ALNES,92.0,92,1
FINCH AND ALNESS,44.4,444,10
FINCH AND ALTAMOUNT (W,3.0,3,1
FINCH AND ARDWICK,5.666666666666667,51,9
FINCH AND ARROW,8.5,408,48
FINCH AND ARROW ROAD,9.0,9,1
FINCH AND ARWICK,6.0,6,1
FINCH AND AU LARGE,12.75,51,4
FINCH AND AVENUE,17.0,17,1
FINCH AND BALDOON,12.666666666666666,76,6
FINCH AND BATHURST,10.816901408450704,768,71
FINCH AND BAYLAWN,7.75,31,4
FINCH AND BAYVIEW,21.244444444444444,956,45
FINCH AND BEECROFT,7.6,38,5
FINCH AND BIRCHMOUNT,17.863636363636363,393,22
FINCH AND BLACKBIRD,13.25,53,4
FINCH AND BLACKBIRD GA,28.75,115,4
FINCH AND BRAHMS,13.4,67,5
FINCH AND BRIDLETOWN,16.333333333333332,49,3
FINCH AND BRIDLETOWNE,24.444444444444443,220,9
FINCH AND BRIMELY,30.0,30,1
FINCH AND BRIMLEY,14.0,378,27
FINCH AND BROADVIEW,18.0,18,1
FINCH AND CARNEY,5.0,5,1
FINCH AND CHAMPAGNE,0.0,0,1
FINCH AND CHARTLAND,15.333333333333334,92,6
FINCH AND CHEORKEE,10.0,10,1
FINCH AND CHEROKEE,15.285714285714286,107,7
FINCH AND CHESSWOOD,112.0,560,5
FINCH AND CHESTWOOD,163.0,163,1
FINCH AND CLARKHILL,5.0,10,2
FINCH AND CUMMER,20.0,20,1
FINCH AND DAMASCUS,3.0,3,1
FINCH AND DERRYDOWN,9.0,9,1
FINCH AND DON MILLS,12.134146341463415,995,82
FINCH AND DON MILLS (E,13.0,13,1
FINCH AND DON MILLS ST,11.0,11,1
FINCH AND DORIS,1.6666666666666667,5,3
FINCH AND DREWRY,5.0,5,1
FINCH AND DRFITWOOD,15.0,15,1
FINCH AND DRIFTWOOD,17.576923076923077,457,26
FINCH AND DRIFWOOD,10.0,10,1
FINCH AND DRITWOOD,87.0,87,1
FINCH AND DUDLEY,21.5,86,4
FINCH AND DUFFERIN,27.962264150943398,1482,53
FINCH AND DUNCANWOOD,10.0,10,1
FINCH AND DUNCANWOODS,6.0,12,2
FINCH AND DUPLEX,13.0,13,1
FINCH AND E OF BRIMLEY,10.0,10,1
FINCH AND EDITHVALE,6.0,6,1
FINCH AND ELANA,5.8,29,5
FINCH AND ELMVIEW,8.0,16,2
FINCH AND ENDELL,252.0,252,1
FINCH AND ESTELLE,12.0,36,3
FINCH AND FARR,9.0,9,1
FINCH AND FINCH DEAN S,72.66666666666667,218,3
FINCH AND FINCHDENE,12.909090909090908,142,11
FINCH AND FINCHDENE SQ,7.333333333333333,22,3
FINCH AND FINCHURST,161.5,323,2
FINCH AND GLENBOROUGH,4.0,8,2
FINCH AND GLENDOWER,7.0,7,1
FINCH AND GLENSBOROUGH,6.0,6,1
FINCH AND GOLD FINCH C,6.0,6,1
FINCH AND GOLDFINCH,8.125,65,8
FINCH AND GORDAN BAKER,65.0,130,2
FINCH AND GORDON BAKER,6.666666666666667,20,3
FINCH AND GRACEDALE,6.0,6,1
FINCH AND GRANBROOK,0.0,0,1
FINCH AND GRANTBROOK,3.0,3,1
FINCH AND GREENVIEW,10.666666666666666,32,3
FINCH AND HALESIA,9.666666666666666,29,3
FINCH AND HEATHVIEW,30.75,123,4
FINCH AND HIGHWAY 27,17.666666666666668,106,6
FINCH AND HIGHWAY 404,23.0,69,3
FINCH AND HIGHWAY 427,50.5,101,2
FINCH AND HUMBER COLLE,31.916666666666668,383,12
FINCH AND HUMBERLINE,10.125,81,8
FINCH AND HWY 27,21.6,108,5
FINCH AND HWY 400,10.0,20,2
FINCH AND HWY 404,14.0,28,2
FINCH AND ISLINGTON,14.852941176470589,505,34
FINCH AND JANE,20.86,1043,50
FINCH AND JAYZEL,9.5,38,4
FINCH AND JAYZEL (WEST,10.0,10,1
FINCH AND JOHN GARLAND,11.5,46,4
FINCH AND KEELE,5.666666666666667,85,15
FINCH AND KENNEDY,14.816326530612244,1452,98
FINCH AND KENNETH,16.0,48,3
FINCH AND KENNETH WOOD,15.0,15,1
FINCH AND KIPLING,10.545454545454545,232,22
FINCH AND KISKADEE,6.0,18,3
FINCH AND LESLIE,77.22857142857143,2703,35
FINCH AND LINUS,18.0,108,6
FINCH AND LONGMORE,16.0,32,2
FINCH AND LORRAINE,6.0,6,1
FINCH AND MARKHAM,18.258064516129032,566,31
FINCH AND MARTIN GROOV,6.0,6,1
FINCH AND MARTIN GROVE,61.0,1281,21
FINCH AND MARTINGROVE,9.333333333333334,28,3
FINCH AND MAXOME,17.857142857142858,125,7
FINCH AND MCCOWAN,15.723076923076922,1022,65
FINCH AND MIDDLEFIELD,12.083333333333334,145,12
FINCH AND MIDDLEFINCH,5.0,5,1
FINCH AND MIDLAND,21.183673469387756,1038,49
FINCH AND MILADY,6.0,24,4
FINCH AND MILIKEN,17.25,69,4
FINCH AND MILLIKEN,20.142857142857142,141,7
FINCH AND MILVAN,7.142857142857143,50,7
FINCH AND MORNIGNSIDE,0.0,0,1
FINCH AND MORNIGSIDE,15.0,15,1
FINCH AND MORNINGISDE,10.0,10,1
FINCH AND MORNINGSIDE,10.706666666666667,803,75
FINCH AND NEILSON,16.916666666666668,203,12
FINCH AND NEILSON ( W,9.0,9,1
FINCH AND NORFINCH,5.363636363636363,59,11
FINCH AND OAKDALE,15.6,156,10
FINCH AND PAGE,8.5,17,2
FINCH AND PAGE EAST O,20.0,20,1
FINCH AND PAPE,13.0,26,2
FINCH AND PEARDALE,5.0,5,1
FINCH AND PEARLDALE,8.2,41,5
FINCH AND PEARLDALE AV,6.0,6,1
FINCH AND PHARMACY,14.3125,229,16
FINCH AND RAINTHORPE,15.0,15,1
FINCH AND RAVEL ROAD,20.0,20,1
FINCH AND ROMFIELD,8.0,136,17
FINCH AND ROMFIELD LAN,9.0,9,1
FINCH AND RUMFEILD,7.0,7,1
FINCH AND RUMIKE,19.444444444444443,175,9
FINCH AND SANDERS,150.0,150,1
FINCH AND SANDHURST,16.166666666666668,194,12
FINCH AND SANDHURST CI,61.2,306,5
FINCH AND SCOTTFIELD,12.666666666666666,38,3
FINCH AND SCOTTSFIELD,18.0,18,1
FINCH AND SENEC HILL D,16.0,32,2
FINCH AND SENECA,10.666666666666666,32,3
FINCH AND SENECA HILL,10.916666666666666,131,12
FINCH AND SENLAC,15.2,152,10
FINCH AND SENTINAL,18.5,37,2
FINCH AND SENTINEL,10.666666666666666,256,24
FINCH AND SENTINEL (WE,6.0,6,1
FINCH AND SIGNET,29.357142857142858,411,14
FINCH AND SIGNET DR,230.0,230,1
FINCH AND SILVERSTONE,8.5,17,2
FINCH AND SKYMARK,5.0,5,1
FINCH AND TALBOT,10.571428571428571,74,7
FINCH AND TANGIERS,10.6,106,10
FINCH AND TAPSCOT,7.5,15,2
FINCH AND TAPSCOTT,8.604651162790697,370,43
FINCH AND TIFFIELD,66.0,66,1
FINCH AND TOBERMORY,6.8,68,10
FINCH AND TOBERMORY DR,6.0,6,1
FINCH AND TOLLERTON,8.5,17,2
FINCH AND TOPCLIFF,6.5,26,4
FINCH AND TORRESDALE,8.0,32,4
FINCH AND TRUDY,8.0,24,3
FINCH AND TRUDY (EAST,11.0,11,1
FINCH AND VICTORIA PAR,16.514285714285716,578,35
FINCH AND VIGILWOOD,7.0,7,1
FINCH AND VIRGILWOOD,11.4,57,5
FINCH AND W DON MILLS,17.0,17,1
FINCH AND W OF HWY 27,8.0,8,1
FINCH AND WALKWAY,18.5,37,2
FINCH AND WARDEN,12.5,400,32
FINCH AND WAYSIDE,30.333333333333332,91,3
FINCH AND WESTMOER,10.0,10,1
FINCH AND WESTMORE,10.333333333333334,124,12
FINCH AND WESTON,12.63953488372093,1087,86
FINCH AND WESTON RD,11.333333333333334,34,3
FINCH AND WESTON RD (E,6.0,6,1
FINCH AND WESTON ROAD,0.0,0,1
FINCH AND WILFRED,45.0,225,5
FINCH AND WILLMINGTON,5.0,5,1
FINCH AND WILLOWDALE,15.695652173913043,361,23
FINCH AND WILMINGTON,7.428571428571429,52,7
FINCH AND WINLOCK,10.0,10,1
FINCH AND WLFRED,14.0,14,1
FINCH AND WOODBINE,5.0,5,1
FINCH AND WOODBINE DOW,34.5,69,2
FINCH AND YONGE,12.511627906976743,538,43
FINCH AND YORK GATE,7.8,78,10
FINCH AND YORK GATE BL,8.0,8,1
FINCH AND YORKGATE,10.0,20,2
FINCH AVE E AND MORNIN,8.0,8,1
FINCH AVE E AND SENECA,15.0,15,1
FINCH AVE EAST AND LAR,17.0,17,1
FINCH AVE W,10.0,10,1
FINCH AVE W AND CHESSW,6.0,6,1
FINCH AVE W AND TORRES,7.0,7,1
FINCH AVE W AND YONGE,20.0,20,1
FINCH BUS TERMINAL,10.0,10,1
FINCH E AND MIDDLEFIEL,20.0,20,1
FINCH E AND MORNINGSID,0.0,0,1
FINCH EAST AND BAYLAWN,20.0,20,1
FINCH EAST AND KENNEDY,13.0,13,1
FINCH EAST OF BATHURST,8.0,8,1
FINCH EAST OF DUFFERIN,5.0,5,1
FINCH LRT STOP BY STEV,6.0,6,1
FINCH STAION,7.5,15,2
FINCH STATIOM,20.0,20,1
FINCH STATION,12.204125950054289,11240,921
FINCH STATION (JUST OU,90.0,90,1
FINCH STATION - BUS PL,0.0,0,1
FINCH STATION - NORTH,6.0,6,1
FINCH STATION -FEMALE,0.0,0,1
FINCH STATION BUS PLAT,10.0,20,2
FINCH STN,8.0,32,4
FINCH SUBWAY,10.0,10,1
FINCH TO KENNEDY,10.0,10,1
FINCH W AND 400,3.0,3,1
FINCH W AND CENTINEL,6.0,6,1
FINCH W AND JAYZEL,0.0,0,1
FINCH W OF YONGE,6.0,6,1
FINCH WEST,13.0,13,1
FINCH WEST AND BATHURS,6.0,6,1
FINCH WEST AND CLARKHI,6.0,6,1
FINCH WEST AND GREENVI,7.0,7,1
FINCH WEST AND HIGHWAY,0.0,0,1
FINCH WEST AND ISLINGT,5.0,5,1
FINCH WEST AND JANE,10.0,10,1
FINCH WEST AND SENTINE,6.0,6,1
FINCH WEST AND SIGNET,8.0,8,1
FINCH WEST AND ST WILF,6.0,6,1
FINCH WEST AND YONGE,6.0,6,1
FINCH WEST AND YORK GA,10.0,10,1
FINCH WEST BUS PLATFOR,3.0,3,1
FINCH WEST STATEION,8.0,8,1
FINCH WEST STATIOB,10.0,10,1
FINCH WEST STATION,8.734072022160666,3153,361
FINCH WEST STATION - B,12.0,12,1
FINCH WEST STATION TO,0.0,0,2
FINCH WEST STN,8.5,17,2
FINCH WESTON,15.0,15,1
"FINCH, NORTH YORK",9.0,9,1
FINCHA AND MARKHAM,17.0,17,1
FINCHDENE AND FINCH,6.448979591836735,316,49
FINCHDENE AND FINCH AV,0.0,0,1
FINCHDENE AND FINCH DE,0.0,0,1
FINCHDENE AND FINCHDEN,19.09090909090909,210,11
FINCHDENE AND PULLMAN,15.0,15,1
FINCHDENE AND TORHAM,16.0,16,1
FINCHDENE SQ AND FINCH,17.5,35,2
FINCHDENE SQUARE,17.5,35,2
FINCHDENE SQUARE AND F,7.045454545454546,155,22
FINCHDINE AND FINCH,7.0,7,1
FINCHENE SQUARE AND FI,0.0,0,1
FINH WEST STATION,20.0,20,1
FIRESHIRE AND CHIEFTAI,30.0,30,1
FIRWOOD AND LLOYD MANN,20.0,20,1
FISHERVILLE AND BATHUR,17.4,174,10
FISHERVILLE AND CARPEN,10.0,20,2
FLEET AND BATHURST,5.0,5,1
FLEET AND FORT YORK,15.0,15,1
FLEET AND FORT YORK BL,13.0,13,1
FLEET AND MARTIN ROSS,10.0,10,1
FLEET AND STRACHAN,8.6,43,5
FLEMINGTON AND BLOSSOM,0.0,0,1
FLEMINGTON AND RANEE,0.0,0,2
FLEMINGTON AND VARNA,18.0,18,1
FLINT AND MARTIN ROSS,16.0,48,3
FLORENCE AND ST CLAIR,0.0,0,1
FORRESDALE AVE AND ANT,10.0,10,1
FORT YORK AND BATHURST,0.0,0,1
FORT YORK AND FLEET,0.0,0,1
FORTHBRIDGE AND CALVIN,29.5,59,2
FOUR WIND AND TANGIERS,6.0,6,1
FOUR WINDS AND TANGIER,4.0,12,3
FOURWINDS AND TANGIERS,30.0,30,1
FOXWELL AND DUERN,0.0,0,1
FOXWELL AND FOXWELL,20.0,20,1
FOXWELL AND JANE,25.333333333333332,76,3
FOXWELL AND KINGHORN,15.0,15,1
FOXWELL AND SCARLETT,26.5,53,2
FOXWELL TO BLOOR STATI,0.0,0,1
FRASER AND KING,10.0,20,2
FRASER AND KING ST,0.0,0,1
FREASMEADOW DR AND DON,6.0,6,1
FREDERICK TISDALE AND,54.0,54,1
FREDRICK TISDALE AND L,30.0,30,1
FREDRICK TISDALE AND T,14.0,14,1
FRESDHMEADOW AND DON M,0.0,0,1
FRESH MEADOW AND DON M,12.75,51,4
FRESHMEADOW AND DON MI,12.152777777777779,875,72
FRESHMEADOW AND YELLOW,8.666666666666666,26,3
FRESHMEADOW DR AND DON,0.0,0,1
FRESHMEADOW DRIVE AND,30.0,30,1
FRESHMEADOWS AND DON M,30.0,30,1
FRESHMEDOW AND DON MIL,10.0,10,1
FRON AND BAY,20.0,20,1
FRONT AND BAY,20.341614906832298,3275,161
FRONT AND BAY ST,20.0,20,1
FRONT AND BAYVIEW,10.0,20,2
FRONT AND CHERRY,39.25,314,8
FRONT AND CHURCH,525.0,525,1
FRONT AND EASTERN,84.0,168,2
FRONT AND KING,10.0,10,1
FRONT AND LOWER SHERBO,66.5,133,2
FRONT AND PARLIAMENT,29.25,117,4
FRONT AND SCOTT,36.0,36,1
FRONT AND TRINITY,17.0,17,1
FRONT AND YONGE,73.25,586,8
GABIAN AND EGLINTON,29.0,29,1
GALLOWAY AND KINGSTON,38.5,77,2
GALLOWAY KINGSTON,24.0,24,1
GAMBLE AND PAPE,86.0,86,1
GARDINER AND ISLINGTON,0.0,0,1
GARDINER AND LOWER SHE,0.0,0,1
GARDINER DN GRAND,20.0,20,1
GARDINER EXPRESS WAY,26.0,26,1
GARDINER EXPRESSWAY AN,10.0,10,1
GARRARD BETWEEN COXWEL,33.0,33,1
GARRATT AND GILLEY,0.0,0,1
GARRATT ROAD AND REGEN,24.0,24,1
GARY AND DALBEATTIE,50.0,50,1
GARY AND LOCKERBIE,45.0,45,1
GARY AND WENDELL,7.0,14,2
GATEWAY AND DON MILLS,12.25,245,20
GATEWAY AND DUNNY GLEN,0.0,0,1
GATEWAY AND GRENOBLE,14.909090909090908,164,11
GATEWAY AND OVERLEA,5.0,5,1
GATEWAY AND SUNNY GLEN,5.25,21,4
GATEWAY BLVD AND DON M,7.6,38,5
GELNCARIN AND DUFFERIN,26.0,26,1
GENERAL DELAY,0.0,0,1
GENERATION AND MEADOWV,10.0,10,1
GENTIAN AMD RENFORTH,18.0,18,1
GENTIAN AND WELLESWORT,0.0,0,1
GENTIAN DR,22.0,22,1
GERNOBLE AND SPANBRIDG,8.0,8,1
GERRARAD AND ASHDALE A,0.0,0,1
GERRARAD AND PAPE,26.0,26,1
GERRARD AND BLACKBURN,18.333333333333332,55,3
GERRARD AND BLANTYRE,20.0,40,2
GERRARD AND BROADVIEW,16.166666666666668,97,6
GERRARD AND CARLAW,9.0,90,10
GERRARD AND CLONMORE,0.0,0,1
GERRARD AND COXWELL,6.0,30,5
GERRARD AND GREENWOOD,11.25,45,4
GERRARD AND HAMILTON,18.0,18,1
GERRARD AND JONES,23.0,46,2
GERRARD AND JONES.,20.0,20,1
GERRARD AND MAIN,155.0,465,3
GERRARD AND MALVERN,65.33333333333333,196,3
GERRARD AND MATTHEWS,16.8,84,5
GERRARD AND MUNRO,22.8,114,5
GERRARD AND OSBORNE,15.0,15,1
GERRARD AND PARLIAMENT,5.0,5,1
GERRARD AND RIVER,48.333333333333336,290,6
GERRARD AND SHERBOURNE,8.0,8,1
GERRARD AND ST MATTHEW,17.736842105263158,337,19
GERRARD AND VICTORIA P,15.0,60,4
GERRARD AND WAYLAND,0.0,0,1
GERRARD AND WOODBINE,8.0,8,1
GERRY FITZGERAL AND ST,124.0,124,1
GERRY FITZGERALD AND D,16.2,81,5
GERRY FITZGERALD AND S,13.666666666666666,41,3
GERVAIS AND EGLINTON,6.25,25,4
GERVAIS AND WYNFORD,21.333333333333332,128,6
GIBRALTAR AND HIGHWAY,20.0,20,1
GILLARD AND DANFORTH,0.0,0,1
GILLEY AND GARRATT,0.0,0,1
GILLWOOD AND PRINCE PH,8.0,8,1
GILTSPUR AND JANE,29.5,118,4
GILTSPUR AND MAGELLAN,35.0,35,1
GILTSPUR AND PETERDALE,25.0,25,1
GILTSPUR AND TURKS,25.0,25,1
GISBURN AND PARKWOODS,10.0,10,1
GISBURN ROAD,0.0,0,1
GLANHOLME AND ST CLAIR,20.0,20,1
GLEDHILL AND COSBURN,10.0,10,1
GLEN AND DOUGLAS,481.3333333333333,1444,3
GLEN AND ELM,23.0,207,9
GLEN AND ELM RD,9.0,9,1
GLEN AND MAPLE,175.0,175,1
GLEN AND SOUTH,11.25,45,4
GLEN PARK PARKETTE,9.0,9,1
GLEN RD AND ELM,8.0,8,1
GLEN RD AND ELM AVE,9.0,9,1
GLEN ROAD AND ELM AVE,21.0,21,1
GLENAYR SUB STATION,0.0,0,1
GLENCAIRN AND ALLEN,26.0,26,1
GLENCAIRN AND BATHURST,18.0,72,4
GLENCAIRN AND CALEDONI,22.23076923076923,289,13
GLENCAIRN AND DANESBUR,22.0,22,1
GLENCAIRN AND DUFFERIN,27.333333333333332,164,6
GLENCAIRN AND ENGLEMOU,30.0,30,1
GLENCAIRN AND GLENMOUN,26.0,26,1
GLENCAIRN AND HAVEN RD,30.0,30,1
GLENCAIRN AND LANSDOWN,15.0,30,2
GLENCAIRN AND MARLEE,28.25,113,4
GLENCAIRN STATION,24.8,372,15
GLENCARIN AND CALEDONI,30.0,30,1
GLENCARIN AND ENGLEMOU,22.0,22,1
GLENCARIN AND MARLEE,30.0,30,1
GLENCARIN STATION,30.0,30,1
GLENDONWYNNE AND BLOOR,15.0,15,1
GLENHOLME AND EARNSCLI,9.0,9,1
GLENHOLME AND ROGERS,0.0,0,1
GLENHOLME AND ST CLAIR,123.25,986,8
GLENHOLME TO EGLINTON,0.0,0,1
GLENHOME AND HOLLAND P,20.0,20,1
GLENHOME AND ROGERS,10.0,10,1
GLENORCHY AND SUN CRES,170.0,170,1
GLENORCHY AND SUNCREST,306.4,3064,10
GLENORCHY AT SUNCREST,26.0,26,1
GLENORCHY RD AND SUNCR,30.0,60,2
GLENWOOD AND O'CONNOR,15.0,15,1
GLENWOOD AND OCCONNOR,0.0,0,1
GLENWOOD AND REXLEIGH,0.0,0,1
GOOCH AND MAGWOOD,30.0,30,1
GOODWOOD PARK AND EAST,10.0,10,1
GOODWOOD PARK AND NEWM,0.0,0,1
GORDON BAKER AND 404,15.0,15,1
GORDON BAKER AND VICTO,0.0,0,1
GORDON BARKER,18.0,18,1
GOUDLING PARK AND CACT,32.0,32,1
GOULDING AND CACTUS,21.714285714285715,152,7
GOULDING AND CATCUS,24.0,24,1
GOWER AND DAWES,10.5,42,4
GRAND AND BEAVERDALE,15.0,15,1
GRAND AND MANITOBA,22.5,45,2
GRAND AVE AND DALESFOR,913.0,913,1
GRAND AVENUE AND MANIT,24.0,24,1
GRAND RAVINE AND ARLET,21.0,21,1
GRAND RAVINE AND DRIFT,71.0,71,1
GRAND RAVINE AND KEELE,12.0,12,1
GRANDRAVINE AND DRIFTW,8.0,8,1
GRANDRAVINE AND FUTURA,65.0,65,1
GRANDRAVINE AND KEELE,19.25,77,4
GRANDRAVINE AND SENTIN,20.0,20,1
GRANDRAVINE DR AND DRI,30.0,30,1
GRANDSTAND ENTRANCE AN,0.0,0,1
GRANDVINE AND FUTURA D,0.0,0,1
GRANGEWAY AND BUSHBY,16.75,201,12
GRANGEWAY AND BUSHBY D,15.0,15,1
GRANGEWAY AND BUSHY,20.0,20,1
GRANGEWAY AND MCCOWAN,18.0,18,1
GRANGEWAY AND PROGESS,37.0,37,1
GRANGEWAY AND PROGRESS,8.25,33,4
GRANTBROOK AND CLARK H,360.0,360,1
GRANTBROOK AND DREWRY,25.0,25,1
GRANTBROOK AND FINCH,20.0,20,1
GRANTBROOK AT DREWRY,44.0,44,1
GRAYDON AND DON MILLS,5.0,10,2
GRAYDON HALL AND DON M,37.4,187,5
GRAYDON HALL AND FENEL,9.0,9,1
GRAYDON HALL AND GRAY,0.0,0,1
GRAYDON HALL DR AND GR,12.0,12,1
GREENACRES AND KEELE,16.0,16,1
GREENCREST CIRCUIT AND,2.5,5,2
GREENDWOOD AND DANFORT,12.0,12,1
GREENDWOOD AND IVEY,15.0,15,1
GREENWIIN VILLAGE AND,10.0,10,1
GREENWIL VILLAGE AND B,0.0,0,1
GREENWIN AND BATHURST,10.25,164,16
GREENWIN AND REGATTA C,10.0,10,1
GREENWIN AND STEELES,10.0,10,1
GREENWIN VILALGE AND B,0.0,0,1
GREENWIN VILLAGE,10.0,10,1
GREENWIN VILLAGE AND,10.0,20,2
GREENWIN VILLAGE AND B,8.038461538461538,627,78
GREENWIN VILLAGE AND E,5.0,5,1
GREENWIN VILLAGE AND R,7.0,56,8
GREENWIN VILLAGE AND S,0.0,0,1
GREENWIN VILLAGE AND V,0.0,0,1
GREENWIN VILLAGE RD AN,6.666666666666667,20,3
GREENWIN VILLAGE ROAD,6.666666666666667,20,3
GREENWOOD AND DANFORTH,10.5,63,6
GREENWOOD AND DUNDAS,13.5,27,2
GREENWOOD AND FEISTEAD,12.0,12,1
GREENWOOD AND FELSTEAD,15.0,15,1
GREENWOOD AND GERRARD,12.181818181818182,134,11
GREENWOOD AND IVY,14.0,42,3
GREENWOOD AND KERR,6.0,12,2
GREENWOOD AND OAKVALE,15.0,15,1
GREENWOOD AND QUEEN,19.625,157,8
GREENWOOD AND SAMMON,0.0,0,1
GREENWOOD AND TORBRICK,60.0,60,1
GREENWOOD AND WALPOLE,12.0,12,1
GREENWOOD CARHOUSE,0.0,0,1
GREENWOOD COMPLEX,0.0,0,1
GREENWOOD SHOP,0.0,0,2
GREENWOOD SHOP - RSEM,0.0,0,1
GREENWOOD SHOPS,0.0,0,1
GREENWOOD STATION,10.5,42,4
GREENWOOD YARD,0.0,0,4
GREEWIN VILLAGE AND BA,30.0,30,1
GREEWIN VILLAGE GATE A,0.0,0,1
GRENOBILE AND SPANRIDG,20.0,20,1
GRENOBILE AND VENDOME,15.0,15,1
GRENOBLE AND DEAUVILLE,16.0,16,1
GRENOBLE AND GRENOBLE,7.5,15,2
GRENOBLE AND SPAINBRID,20.0,20,1
GRENOBLE AND SPANBRIDG,26.19047619047619,550,21
GRENOBLE AND SPRANBRID,10.0,10,1
GRENOBLE AND VENDOME,8.777777777777779,79,9
GRENOBLE AND VENDOME P,5.0,5,1
GRENOBLE AND VENDONE,8.0,8,1
GRENOBLE ANFD SPAINBRI,20.0,20,1
GRENOBLE AT SPANBRIDGE,8.0,8,1
GRENOBLE DR AND SPANBR,23.0,23,1
GRENOBLE DR AND SPANDB,0.0,0,1
GRENOBLE DR AND VENDOM,5.0,10,2
GREYDON HALL AND FENEL,7.0,7,1
GRNOBALE AND SPANBRIDG,0.0,0,1
GRNOBLE AND VENDOME,4.0,4,1
GROWER AND DAWES,0.0,0,1
GUILDWAY AND KINGSTON,10.0,10,1
GUILDWOOD AND CHANCERY,5.333333333333333,16,3
GUILDWOOD AND GALLOWAY,9.0,18,2
GUILDWOOD AND KINGSTON,7.1875,115,16
GUILDWOOD AND KINSTON,10.0,10,1
GUILDWOOD AND LIVINGST,6.666666666666667,20,3
GUILDWOOD AND NAVARRE,8.0,8,1
GUILDWOOD AND PRINCE P,9.333333333333334,28,3
GUILDWOOD AND PRTINCE,10.0,10,1
GUILDWOOD AND ROWATSON,9.333333333333334,28,3
GUILDWOOD GO,18.0,18,1
GUILDWOOD PARK AND PRI,10.0,10,1
GUILDWOOD PARKWAY AND,9.0,90,10
GUILDWOOD PRKWAY AND K,8.0,8,1
GUILDWOOD PRKWY AND PR,8.0,8,1
GULLIVER AND COMAY,50.0,50,1
GULLIVER AND CONWAY,0.0,0,1
GULLIVER AND CULFORD,0.0,0,1
GULLIVER AND KEELE,34.375,275,8
GUNN BLDG,0.0,0,1
GUNN BUILDING,0.0,0,6
GUNN BUILDING - HILLCR,0.0,0,1
GUNN BUILDING 2ND FLOO,0.0,0,1
"GUNN BUILDING, HILLCRE",0.0,0,1
GUNN'S LOOP @ 1306,25.0,25,1
GUNNS AND ST CLAIR,8.0,8,1
GUNNS LOOP,30.0,30,1
GUNNS RD AND WESTON RD,5.0,5,1
HABITANT AND WESTON,8.0,8,1
HACKBERRY AND WOODBINE,26.0,52,2
HACKLEBERRY AND WOODBI,10.0,10,1
HAHN AND LONGBOAT,20.0,20,1
HALDON AND COSBURN,10.0,40,4
HALDON AND EAST YORK A,121.0,242,2
HALDON AVE - EAST YORK,126.0,126,1
HAMBLEY AND QUEEN,5.0,5,1
HAMBLY AND QUEEN,118.1,1181,10
HAMBLY AND WILLIAMSON,10.0,10,1
HAMBLY AVE AND QUEEN S,30.0,30,1
HAMBY AND QUEEN,20.0,20,1
HAMELY AND QUEEN,98.0,98,1
HAMSTEAD AND WESTLAKE,0.0,0,1
HANE STATION,0.0,0,1
HANNA AND SUTHERLAND,529.0,529,1
HANNAH AND EAST LIBERT,264.0,264,1
HARBORD AND BATHURST,166.8,834,5
HARBORD AND BRUNSWICK,10.0,10,1
HARBORD AND CLINTON,20.0,20,1
HARBORD AND CRAWFORD,17.5,70,4
HARBORD AND EUCLID,20.0,20,1
HARBORD AND GRACE,20.0,40,2
HARBORD AND MANNING,48.5,194,4
HARBORD AND OSSIGTON,20.0,20,1
HARBORD AND PALMERSTON,15.0,15,1
HARBORD AND ROBERT,30.0,30,1
HARBORD AND SHAW,37.0,37,1
HARBORD AND SPADINA,95.5,764,8
HARBORD AND ST GEORGE,20.0,20,1
HARBOUR AND BAY,0.0,0,1
HAREFIELD AND ELMHURST,12.0,12,1
HARLANDALE AND YONGE,10.0,10,1
HAROLD EVANS AND TEMPO,17.0,17,1
HART AND SUMMER,8.0,8,1
HARVEY SHOP,0.0,0,12
HAWKSDALE AND TILBURY,0.0,0,1
HEALE AND AYLESWORTH,10.0,10,1
HEATHOW AND JANE,30.0,30,1
HEATHROW AND JANE,28.0,84,3
HEDGEWOOD RD,12.0,12,1
HENLEY AND KIPLING,50.0,50,1
HENNING AND EGLINTON,8.0,8,1
HENRIETTA AND CASTLETO,10.0,10,1
HENRY AND BALDWIN,10.0,10,1
HENRY KERSY PUBLIC SCH,20.0,20,1
HEPBOURNE AND OSSINGTO,10.0,10,1
HIGH CREEK OVERPASS AN,24.0,24,1
HIGH PARK,30.0,60,2
HIGH PARK AND ANNETTE,29.0,87,3
HIGH PARK AND BLOOR,54.25,217,4
HIGH PARK AND DUNDAS,25.428571428571427,178,7
HIGH PARK AND GLEN LAK,62.0,62,1
HIGH PARK AND GLENLAKE,24.5,98,4
HIGH PARK AND HUMBERSI,17.0,51,3
HIGH PARK STATION,23.53030303030303,1553,66
HIGH STREET AND QUEENS,0.0,0,1
HIGHLAND AND BINSCARTH,190.0,190,1
HIGHLAND AND CREEK AND,12.0,12,1
HIGHLAND CREEK AND KIN,20.0,120,6
HIGHLAND CREEK AND OLD,22.0,44,2
HIGHLAND CREEK OVERPAS,17.25,138,8
HIGHLAND CREEK TRAIL,10.0,10,1
HIGHT PARK AVE AND HUM,29.0,29,1
HIGHVIEW AND BAUDINA,16.0,16,1
HIGHVIEW AND BIRCHMOUN,6.0,6,1
HIGHVIEW AND KENNEDY,16.5,33,2
HIGHVIEW AND S WOODROW,65.0,65,1
HIGHVIEW AND SOUTH WOO,0.0,0,1
HIGHWAY 27 AND ALBION,102.0,102,1
HIGHWAY 27 AND BELFIEL,10.0,30,3
HIGHWAY 27 AND DIXON,16.0,16,1
HIGHWAY 27 AND FINCH,6.0,6,1
HIGHWAY 27 AND HIGHWAY,9.0,9,1
HIGHWAY 27 AND HUMBER,112.0,560,5
HIGHWAY 27 AND NEW PRO,0.0,0,1
HIGHWAY 27 AND QUEEN'S,7.818181818181818,86,11
HIGHWAY 27 AND QUEENS,10.4,52,5
HIGHWAY 27 AND REXDALE,20.25,81,4
HIGHWAY 27 AND ROYALCR,10.0,10,1
HIGHWAY 400 AND BLACK,0.0,0,1
HIGHWAY 400 AND FINCH,12.0,12,1
HIGHWAY 400 AND SHEPPA,10.0,10,1
HIGHWAY 400 AND STEELE,15.0,15,1
HIGHWAY 401 AND BAYVIE,8.0,8,1
HIGHWAY 401 AND JANE,8.0,8,1
HIGHWAY 401 AND KEELE,0.0,0,1
HIGHWAY 401 AND WESTON,5.0,5,1
HIGHWAY 409 AND MARTIN,0.0,0,1
HIGHWAY 427 - TERMINAL,0.0,0,1
HIGHWAY 427 AND 401,28.0,28,1
HIGHWAY 427 AND BURNHA,18.0,36,2
HIGHWAY 427 AND DIXON,0.0,0,2
HIGHWAY 427 AND DUNDAS,81.5,163,2
HIGHWAY 427 AND EASTMA,10.0,10,1
HIGHWAY 427 AND EGLINT,50.0,100,2
HIGHWAY 427 AND HIGHWA,0.0,0,1
HIGHWAY 427 AND OFF RA,15.0,15,1
HIGHWAY 427 AND RATHBU,0.0,0,1
HIGHWAY 427 AND VALHAL,13.0,13,1
HIGHWAY 7 AND EDGELEY,0.0,0,1
HIGHWAY 7 AND QUEEN'S,9.0,9,1
HIGHWAY 7 AND WARDEN,30.0,60,2
HIGHWAY27 AND QUEENS P,10.0,10,1
HIGHWAY427 BETWEEN DUN,0.0,0,1
HIGLAND CREEK AND OLD,15.0,15,1
HIGLAND CREEK OVERPASS,24.0,24,1
HIGWAY 427 AND DUNDAS,8.0,8,1
HILCREST COMPLEX,0.0,0,1
HILDA AND GREEN BUSH,26.5,53,2
HILDA AND MOORE,70.0,70,1
HILDA AND MOORE PARK,24.0,48,2
HILDA AND STEELES,44.30434782608695,1019,23
HILLCREST,0.0,0,2
HILLCREST - GATEHOUSE,0.0,0,1
HILLCREST - GUNNS,0.0,0,1
HILLCREST - INGLIS,0.0,0,1
HILLCREST - INGLIS BUI,0.0,0,2
HILLCREST - SUBWAY OPS,0.0,0,3
HILLCREST - SUPPORT SE,0.0,0,1
HILLCREST BLDG,0.0,0,1
HILLCREST BUILDING,0.0,0,1
HILLCREST COMPLEX,0.0,0,13
HILLCREST COMPLEX - DU,0.0,0,1
HILLCREST COMPLEX - GU,0.0,0,1
HILLCREST COMPLEX - IN,0.0,0,1
HILLCREST COOMPLEX,0.0,0,1
HILLCREST DUNCAN SHOP,0.0,0,1
HILLCREST GATE HOUSE,0.0,0,1
HILLCREST GATEHOUSE,0.0,0,2
HILLCREST GUNN BUILDIN,0.0,0,1
HILLCREST PARKING,0.0,0,1
HILLCREST PARKING LOT,0.0,0,2
HILLCREST PLANT REPAIR,0.0,0,1
HILLCREST YARD,0.0,0,2
HILLCREST YARD - STREE,0.0,0,1
HILLCREST YARD - SUBWA,0.0,0,1
HILLCREST- SUBWAY OPS,0.0,0,1
HINTON AND ELMHURST,19.0,38,2
HMBER COLLEGE BLVD AT,10.0,10,1
HOLINGEER RD AND DOHME,0.0,0,1
HOLINGER AND CURITY,18.0,18,1
HOLINGER AND NORTHLAND,24.0,24,1
HOLLINGER AND CURITY,12.5,25,2
HORNER AND 30TH,30.0,30,1
HORNER AND 30TH STREET,21.0,42,2
HORNER AND 38TH,0.0,0,1
HORNER AND ALDERCREST,13.0,13,1
HORNER AND BROWN'S LIN,16.0,16,1
HORNER AND BROWNS LINE,70.5,141,2
HORNER AND CONNORVALE,0.0,0,1
HORNER AND DELTA,22.0,22,1
HORNER AND EDILOU,30.0,30,1
HORNER AND FIMA,25.0,25,1
HORNER AND JUDSON,3.5,7,2
HORNER AND KIPLING,57.55555555555556,518,9
HORNER AND SHELDON,23.0,23,1
HORNER AND THIRTIETH,11.0,44,4
HORNER AND TUPPER,18.0,18,1
HOSKIN AND DEVONSHIRE,0.0,0,1
HOSKIN AND QUEEN'S PAR,24.0,24,1
HOSKIN AND QUEENS PARK,7.5,30,4
HOSKIN AND ST GEORGE,372.0,372,1
HOSKIN AND ST. GEORGE,10.0,10,1
HOSKIN AVENUE AND ST G,0.0,0,1
HOSPITAL AND WELLNESS,29.0,58,2
HOT SPUR AND BATHURST,50.0,50,1
HOTSPUR AND BATHURST,6.666666666666667,20,3
HOTSPUR AND NEPTUNE,114.83333333333333,689,6
HOWARD MOSCOE AND NEW,16.0,16,1
HOWARD MOSCOE AND NW G,12.0,12,1
HOWARD MOSCOE AND STEE,14.0,14,1
HOWARD MOSCOE WAY,10.0,20,2
HOWARD MOSCOE WAY (PIO,10.0,10,1
HOWARD PARK AND DUNDAS,8.0,8,1
HOWARDS MOSCOE WAY (OU,10.0,10,1
HOWLAND AND DUPONT,0.0,0,1
HUCKNALL AND BROADOAKS,20.0,20,1
HUDDERS FIELD ROAD AND,20.0,20,1
HUDDERSFIELD AND HUMBE,0.0,0,1
HUDDLESTON COURT,10.0,10,1
HULIMAR AND SHOREHAM,15.0,15,1
HULLMAR AND BIMINI,12.0,12,1
HULLMAR AND BLOOMINGTO,24.5,49,2
HULLMAR AND HISEY,136.0,544,4
HULLMAR AND PETER KAIS,6.0,6,1
HULLMAR AND RUTHMAR,19.0,38,2
HULLMAR AND SHOREHAM,13.5,27,2
HULLMAR AND YORK GATE,938.0,938,1
HULLMAR AND YORKGATE,665.5,1331,2
HULLMAR DR AND JANE,10.0,10,1
HULLMARK AND SHOREHAM,0.0,0,1
HULMAR AND HILSEY,20.0,20,1
HUMBER AND MORNING STA,6.0,6,1
HUMBER AND WESTON,20.0,40,2
HUMBER BLCD AND LUVINE,20.0,20,1
HUMBER BLVD AND AVON A,139.0,139,1
HUMBER BLVD AND LOUVAI,420.0,420,1
HUMBER BLVD AND WESTON,17.0,51,3
HUMBER COLLEGE,12.21505376344086,1136,93
HUMBER COLLEGE ( HUMBE,18.0,18,1
HUMBER COLLEGE (BY FIN,10.0,10,1
HUMBER COLLEGE (COLONE,10.0,10,1
HUMBER COLLEGE - BUS T,27.0,27,1
HUMBER COLLEGE AND BEE,10.0,20,2
HUMBER COLLEGE AND ETO,20.0,20,1
HUMBER COLLEGE AND FIN,8.357142857142858,117,14
HUMBER COLLEGE AND HIG,17.842105263157894,339,19
HUMBER COLLEGE AND HU,5.0,5,1
HUMBER COLLEGE AND HUM,17.0,170,10
HUMBER COLLEGE AND HWY,10.714285714285714,150,14
HUMBER COLLEGE AND JOH,12.5,50,4
HUMBER COLLEGE AND LYN,10.0,30,3
HUMBER COLLEGE AND SIL,154.6,773,5
HUMBER COLLEGE AND WES,15.428571428571429,108,7
HUMBER COLLEGE BEECH F,10.0,10,1
HUMBER COLLEGE BLVD,9.333333333333334,28,3
HUMBER COLLEGE BLVD AN,15.76923076923077,205,13
HUMBER COLLEGE BOULEVA,10.0,10,1
HUMBER COLLEGE BUS BAY,10.0,10,1
HUMBER COLLEGE BUS LOO,16.0,48,3
HUMBER COLLEGE BUS TE,10.0,10,1
HUMBER COLLEGE BUS TER,11.097560975609756,455,41
HUMBER COLLEGE BUSTERM,10.0,10,1
HUMBER COLLEGE LOOP,13.25,318,24
HUMBER COLLEGE LOOP (S,9.0,9,1
HUMBER COLLEGE NORTH C,20.5,41,2
HUMBER COLLEGE STATION,11.4,114,10
HUMBER COLLEGE TEMINAL,12.0,12,1
HUMBER COLLEGE TERMINA,10.897435897435898,425,39
HUMBER COLLEGE TO YORK,0.0,0,1
HUMBER COLLEGE/ EAST,0.0,0,1
HUMBER HILL AND DUNDAS,20.0,20,1
HUMBER LINE LOOP,0.0,0,1
HUMBER LOOP,16.217391304347824,373,23
HUMBER LOOP AND THE QU,25.5,51,2
HUMBER TERMINAL,0.0,0,2
HUMBER WOOD BUS LOOP,30.0,30,1
HUMBERLAND AND KINGSPL,18.0,18,1
HUMBERLINE AND ALBION,42.333333333333336,381,9
HUMBERLINE AND CLAIREV,18.285714285714285,128,7
HUMBERLINE AND CLAIRVE,20.0,20,1
HUMBERLINE AND FINCH,20.954545454545453,461,22
HUMBERLINE AND HOLYOAK,13.0,65,5
HUMBERLINE AND HUMBER,18.25,219,12
HUMBERLINE AND HUMBERW,5.5,11,2
HUMBERLINE AND VIEWCRE,9.0,36,4
HUMBERLINE AND WOODLOT,15.0,30,2
HUMBERLINE AND YORK MI,0.0,0,2
HUMBERLINE COLLEGE BUS,30.0,30,1
HUMBERLINE DR AND FINC,0.0,0,1
HUMBERLINE DR AND HUMB,6.0,6,1
HUMBERLINE DR TO YORK,0.0,0,1
HUMBERLINE DRIVE,10.0,20,2
HUMBERLINE DRIVE AND F,0.0,0,1
HUMBERLINE DRIVE- SCAR,0.0,0,1
HUMBERLINE LOOP,15.958333333333334,383,24
HUMBERLINE LOOP AND AL,20.0,40,2
HUMBERLINE TO YORK MIL,0.0,0,4
HUMBERLOOP,41.0,41,1
HUMBERLOOP LOOP,7.0,7,1
HUMBERWOD LOOP,15.0,15,1
HUMBERWOOD AND ABORWOO,10.0,10,1
HUMBERWOOD AND ARBORWO,20.0,60,3
HUMBERWOOD AND GREEN C,30.0,30,1
HUMBERWOOD AND HULLRIC,15.666666666666666,47,3
HUMBERWOOD AND HUMBERL,5.5,11,2
HUMBERWOOD AND KINGSPL,19.0,76,4
HUMBERWOOD AND MORNING,6.7368421052631575,128,19
HUMBERWOOD AND PINECON,4.5,9,2
HUMBERWOOD AND REXDALE,36.0,108,3
HUMBERWOOD AND TOPBANK,6.0,6,1
HUMBERWOOD AND VIEW GR,9.0,45,5
HUMBERWOOD AND WESTON,0.0,0,1
HUMBERWOOD AND WILSON,0.0,0,1
HUMBERWOOD BLVD,15.0,30,2
HUMBERWOOD BLVD AND HU,15.0,15,1
HUMBERWOOD BLVD AND MO,10.0,10,1
HUMBERWOOD BLVD AND PI,5.5,11,2
HUMBERWOOD BLVD AND VI,8.2,41,5
HUMBERWOOD BLVD LOOP,1.5,3,2
HUMBERWOOD BLVD LOOP A,18.0,18,1
HUMBERWOOD BOULEVARD,13.5,27,2
HUMBERWOOD LOOP,15.872727272727273,1746,110
HUMBERWOOD LOOP AND VI,8.333333333333334,25,3
HUMBERWOOD LOOP TO SCA,0.0,0,1
HUMBERWOOD TO SCARBORO,0.0,0,1
HUMER COLLEGE,10.0,10,1
HUMER COLLEGE BUS TERM,12.0,12,1
HUMERWOOD LOOP,13.0,13,1
HUNTINGWOOD AND BELGRE,30.0,30,1
HUNTINGWOOD AND BIRCHM,23.22222222222222,209,9
HUNTINGWOOD AND BLUEBE,15.0,15,1
HUNTINGWOOD AND BRIMEL,30.0,30,1
HUNTINGWOOD AND BRIMLE,30.0,90,3
HUNTINGWOOD AND KENNED,35.666666666666664,107,3
HUNTINGWOOD AND KILKEN,30.0,30,1
HUNTINGWOOD AND MIDLAN,30.0,90,3
HUNTINGWOOD AND PHARMA,30.0,30,1
HUNTINGWOOD AND PRINCE,66.0,66,1
HUNTINGWOOD AND VICTOR,30.0,30,1
HUNTINGWOOD AND WARDEN,22.0,66,3
HUPEFIELD AND SEWELLS,22.0,22,1
HUPFIELD AND HORSESHOE,23.5,47,2
HUPFIELD AND LADY BOWE,22.0,22,1
HUPFIELD AND OVERLORD,24.0,24,1
HUPFIELD AND PENNY HIL,22.0,22,1
HUPFIELD AND SEWELLS,25.6,128,5
HUPFIELD TRAIL AND MCL,24.0,24,1
HUPFIELD TRAIL AND ROV,25.0,25,1
HWY 2 AND MILITARY TRA,12.0,12,1
HWY 27 AND 401,10.0,10,1
HWY 27 AND BELFIELD,7.5,15,2
HWY 27 AND DIXON,123.0,615,5
HWY 27 AND GRANDSTAND,10.0,10,1
HWY 27 AND HUMBER COLL,10.0,10,1
HWY 27 AND QUEEN'S PLA,10.0,10,1
HWY 27 AND QUEENS PLAT,10.0,30,3
HWY 27 AND REXDALE,14.333333333333334,43,3
HWY 27 AND STEELES,68.0,68,1
HWY 27 AND VICE REGENT,18.0,18,1
HWY 400 AND BLACK CREE,0.0,0,1
HWY 400 AND FINCH,6.0,6,1
HWY 400 AND HWY 401,6.0,12,2
HWY 400 AND N OF SHEPP,0.0,0,1
HWY 400 SOUTH OF FINCH,0.0,0,1
HWY 401 AND KEELE,2.0,4,2
HWY 401 BAYVIEW,0.0,0,1
HWY 401 TO HWY 400 RAM,15.0,15,1
HWY 409 (BELFIELD EXPR,0.0,0,1
HWY 427,25.0,25,1
HWY 427 AND 401,70.0,70,1
HWY 427 AND BURHNAMTHO,0.0,0,1
HWY 427 AND BURNHAMTHO,15.0,15,1
HWY 427 AND DIXON,385.0,385,1
HWY 427 AND DUNDAS,0.0,0,1
HWY 427 AND EGLINTON,17.333333333333332,52,3
HWY 427 AND HWY 401,15.0,15,1
HWY 427 AND N OF BLOOR,10.0,10,1
HWY 427 AND RATHBURN,13.333333333333334,40,3
HWY 427 ON RAMP TO HWY,10.0,10,1
HWY 427 RAMP AT DUNDAS,9.0,9,1
HWY 7 AND MCCOWAN,70.0,70,1
IAN AND MACDONALD,10.0,10,1
IAN DONALD BLVD AND TH,0.0,0,1
IAN MACDONALD AND CHIM,13.8,276,20
IAN MACDONALD AND FOUN,13.333333333333334,40,3
IAN MACDONALD AND NORT,13.0,26,2
IAN MACDONALD AND THE,14.625,117,8
IAN MACDONALD AND THOM,10.0,10,1
IAN MACDONALD AND VANI,8.5,17,2
IAN MACDONALD AND YORK,10.0,10,1
IAN MACDONALD BLVD AND,16.25,65,4
IAN MCDONALD AND CHIMN,6.0,12,2
IAN MCDONALD AND VANIE,10.0,10,1
IN FRONT OF 1875 STEEL,9.0,9,1
INDIAN GROVE AND HOWAR,7.0,7,1
INDUSTRY AND BERTAL,12.5,25,2
INDUSTRY AND RAY,12.11111111111111,109,9
INDUSTRY AND TODD,27.0,27,1
INDUSTRY AND TODD BAYL,8.5,68,8
INDUSTRY STREET AND RA,0.0,0,1
INDUSTRY STREET AND TO,14.0,14,1
INDUSTY AND TODD BAYLI,24.0,24,1
INGLIS BUILDING,0.0,0,2
INGLIS BUILDING 3RD FL,0.0,0,1
INGRAM AND KEELE,209.5,419,2
INGRAM AND KINCORT,30.0,30,1
INGRAM AND KINCOURT,80.0,80,1
INGRAM AND KINGCORT,110.0,110,1
INSLINGTON AND BEAUMON,0.0,0,1
INTERCHANGE WAY AND HI,10.0,10,1
INTERNATIONAL AND CARL,18.2,91,5
INTERNATIONAL AND VOYA,23.0,23,1
INVERMAY AND BATHURST,8.0,8,1
IRCHMOUNT GARAGE,12.0,12,1
IRON AND BELFIELD,30.0,30,1
IRONSIDE AND MCNICOLL,20.0,20,1
IRONSIDE AND TAPSCOTT,15.0,15,1
ISGLINGTON AND BERGAMO,20.0,20,1
ISGLINTON AND ATHOL,20.0,20,1
ISGLINTON STATION,15.0,45,3
ISLAND AND EAST,15.0,30,2
ISLAND AND PORT UNION,16.0,32,2
ISLAND ROAD AND EAST A,18.0,36,2
ISLAND ROAD AND EAST D,15.0,15,1
ISLAND ROAD AND PORT U,9.0,9,1
ISLIGNTON AND ATHOL,22.0,22,1
ISLINGOTN AND BLOOR,10.0,10,1
ISLINGOTN AND FORDWICH,20.0,20,1
ISLINGTING AND KINGSVI,18.0,18,1
ISLINGTON AD BERGAMOT,79.0,79,1
ISLINGTON ADN ELMHURST,10.0,10,1
ISLINGTON AMD KINGSVIE,20.0,20,1
ISLINGTON AND 401,62.0,248,4
ISLINGTON AND ABERFOYL,15.0,75,5
ISLINGTON AND ADVANCE,19.5,39,2
ISLINGTON AND ALBION,23.08695652173913,531,23
ISLINGTON AND ALBION R,22.0,22,1
ISLINGTON AND ALLENBY,21.333333333333332,64,3
ISLINGTON AND AMBLESID,27.5,55,2
ISLINGTON AND ANGLESEY,25.0,25,1
ISLINGTON AND ANGLESLE,18.0,18,1
ISLINGTON AND AVIEMORE,16.0,32,2
ISLINGTON AND AYLESBUR,13.5,27,2
ISLINGTON AND BARKER,21.0,63,3
ISLINGTON AND BARKWIN,14.0,28,2
ISLINGTON AND BEAUMODE,12.0,12,1
ISLINGTON AND BEAUMOND,20.0,20,1
ISLINGTON AND BERGAMON,15.0,15,1
ISLINGTON AND BERGAMOT,21.666666666666668,195,9
ISLINGTON AND BERING,25.0,25,1
ISLINGTON AND BIRMINGH,21.833333333333332,131,6
ISLINGTON AND BLOOR,17.21212121212121,568,33
ISLINGTON AND BRADBROO,0.0,0,2
ISLINGTON AND BURGAMOT,131.0,131,1
ISLINGTON AND BYWOOD,20.0,20,1
ISLINGTON AND CENTRAL,14.375,115,8
ISLINGTON AND CHESTNUT,10.0,10,1
ISLINGTON AND CORDOVA,19.2,96,5
ISLINGTON AND DEERFOOT,24.0,48,2
ISLINGTON AND DIXION,290.0,290,1
ISLINGTON AND DIXON,29.6,296,10
ISLINGTON AND DUNCANWO,14.0,14,1
ISLINGTON AND DUNDAS,13.428571428571429,94,7
ISLINGTON AND EDGECROF,25.0,25,1
ISLINGTON AND EGLINTON,15.23076923076923,396,26
ISLINGTON AND ELMHURST,30.235294117647058,514,17
ISLINGTON AND ELMHURTS,14.0,14,1
ISLINGTON AND EVANS,20.27777777777778,365,18
ISLINGTON AND FINCH,23.4375,375,16
ISLINGTON AND FORDWICH,16.88888888888889,152,9
ISLINGTON AND GOLFDOWN,13.0,13,1
ISLINGTON AND GREAT OA,20.0,20,1
ISLINGTON AND HIGHWAY,20.0,20,1
ISLINGTON AND HOLGATE,16.0,16,1
ISLINGTON AND HORNER,24.0,24,1
ISLINGTON AND HUMBER S,17.0,34,2
ISLINGTON AND HWY 401,0.0,0,1
ISLINGTON AND IRWIN,31.0,31,1
ISLINGTON AND JUDSON,28.444444444444443,256,9
ISLINGTON AND JUDSON (,27.0,27,1
ISLINGTON AND JUTLAND,19.0,76,4
ISLINGTON AND KINGSMOO,15.0,15,1
ISLINGTON AND KINGSVIE,16.0,48,3
ISLINGTON AND KINGSWAY,19.0,38,2
ISLINGTON AND LAKE SHO,20.666666666666668,62,3
ISLINGTON AND LAKESHOR,47.18181818181818,519,11
ISLINGTON AND LEMFORD,13.0,13,1
ISLINGTON AND LEMSFORD,20.0,20,1
ISLINGTON AND MARKET G,26.0,26,1
ISLINGTON AND MEADOWVA,50.0,50,1
ISLINGTON AND MILLWICK,86.0,86,1
ISLINGTON AND MILWICK,14.0,14,1
ISLINGTON AND MONOGRAM,24.428571428571427,171,7
ISLINGTON AND MUIR,23.0,23,1
ISLINGTON AND NEW TORO,20.5,41,2
ISLINGTON AND NORDIN,24.666666666666668,74,3
ISLINGTON AND NORSEMAN,43.833333333333336,263,6
ISLINGTON AND ORRELL,16.0,16,1
ISLINGTON AND PRINCE,20.0,20,1
ISLINGTON AND PRINCE G,21.0,42,2
ISLINGTON AND QUEENSWA,28.714285714285715,201,7
ISLINGTON AND RATHBURN,22.642857142857142,634,28
ISLINGTON AND RESOURCE,18.0,18,1
ISLINGTON AND REXDALE,18.36842105263158,349,19
ISLINGTON AND RIDGE VA,18.0,18,1
ISLINGTON AND RIDGEVAL,20.0,40,2
ISLINGTON AND RIDGEWAY,20.0,20,1
ISLINGTON AND RIVERBAC,15.0,15,1
ISLINGTON AND RIVERBAN,20.0,20,1
ISLINGTON AND ROWNTREE,20.0,20,1
ISLINGTON AND SANDHILL,19.5,39,2
ISLINGTON AND SANHILL,18.0,18,1
ISLINGTON AND SOUTH OF,20.0,20,1
ISLINGTON AND ST ANDRE,12.6,63,5
ISLINGTON AND ST GEORG,20.0,20,1
ISLINGTON AND ST. ANDR,73.0,73,1
ISLINGTON AND STEELE,0.0,0,1
ISLINGTON AND STEELES,38.95,779,20
ISLINGTON AND SUMMITCR,27.5,165,6
ISLINGTON AND THE KING,15.166666666666666,91,6
ISLINGTON AND THE QUEE,21.384615384615383,278,13
ISLINGTON AND THE WEST,15.125,121,8
ISLINGTON AND THOROLD,15.666666666666666,94,6
ISLINGTON AND TITAN,22.5,45,2
ISLINGTON AND TORBOLTO,18.0,18,1
ISLINGTON AND VAN DUSE,15.0,30,2
ISLINGTON AND VANHILL,11.2,56,5
ISLINGTON AND VELMA,58.0,58,1
ISLINGTON AND WARDLAW,16.0,32,2
ISLINGTON AND WESTHAMP,20.0,40,2
ISLINGTON AND WESTWAY,13.2,66,5
ISLINGTON AND WINNIPEG,11.0,11,1
ISLINGTON ANDF ADVANCE,25.0,25,1
ISLINGTON ANF FINCH,20.0,20,1
ISLINGTON AVE AND BARK,15.0,15,1
ISLINGTON LOOP,25.0,25,1
ISLINGTON STAION,18.0,18,1
ISLINGTON STATIN,18.0,18,1
ISLINGTON STATIOM,30.0,30,1
ISLINGTON STATION,17.174657534246574,5015,292
ISLINGTON STATION - EX,18.0,18,1
ISLINGTON STEELES LOOP,200.5,401,2
ISLINGTON STN,6.0,12,2
ISLINGTONSTATION,14.0,14,1
ISLINTON AND ELMHURST,0.0,0,1
ISLINTON AND FAIRWAY,20.0,20,1
ISLINTON AND GOFLDOWN,14.0,14,1
ISLINTON AND JUDSON,25.0,25,1
ISLINTON AND THE QUEEN,7.5,15,2
ISLINTON STATION,27.5,165,6
ISLLINGTON STATION,16.0,16,1
JACK LAYTON AND BLUE R,18.75,75,4
JACK LAYTON AND BROADV,19.0,38,2
JACK LAYTON AND ST MAT,21.0,42,2
JACK LAYTON AND ST. MA,22.0,22,1
JACK LAYTON WAY AND BL,22.5,90,4
JACK LAYTON WAY AND BR,12.666666666666666,38,3
JACK LAYTON WAY AND ST,18.333333333333332,55,3
JAME AND WRIGHT,10.0,10,1
JAMES AND PARLIAMENT,20.0,20,1
JAND AND FALLSTAFF,14.0,14,1
JAND AND SHOREHAM,50.0,50,1
JANE (BETWEEN WILSON A,0.0,0,1
JANE AND (S) FALSTAFF,10.0,10,1
JANE AND 401,27.333333333333332,82,3
JANE AND ALLIANCE,12.692307692307692,330,26
JANE AND ALLIANCE TO O,0.0,0,2
JANE AND ANNETT,12.0,12,1
JANE AND ANNETTE,20.125,322,16
JANE AND ARDAGH,27.75,111,4
JANE AND ARROW,10.0,10,1
JANE AND BABY POINT,10.0,10,1
JANE AND BEVERLY,9.5,19,2
JANE AND BEVERLY HILLS,6.0,12,2
JANE AND BLACK CREEK,67.75,271,4
JANE AND BLACKCREEK,12.0,12,1
JANE AND BLOOR,13.619047619047619,286,21
JANE AND BRADLEY,0.0,0,1
JANE AND CHALK FARM,30.0,30,1
JANE AND CHALKFARM,11.818181818181818,130,11
JANE AND CHALKFARM DR,12.0,12,1
JANE AND CHAUKFARM,0.0,0,1
JANE AND CHURCH,11.222222222222221,101,9
JANE AND CLAIR,6.0,6,1
JANE AND CLAIR ROAD,12.0,12,1
JANE AND COBALT,7.0,7,1
JANE AND COLBALT,19.0,19,1
JANE AND COLBECK,43.333333333333336,650,15
JANE AND COLLBECK,10.0,10,1
JANE AND CORNELL,15.0,15,1
JANE AND COURAGE,28.666666666666668,86,3
JANE AND DENISON,10.142857142857142,71,7
JANE AND DOWNSVIEW,8.0,8,1
JANE AND DOWNSVIEW AVE,12.0,12,1
JANE AND DRIFTWOOD,23.5,423,18
JANE AND DUNDAS,19.102564102564102,745,39
JANE AND DUNDAS WEST,10.0,10,1
JANE AND EAST,7.333333333333333,22,3
JANE AND EDDYSTONE,11.6,58,5
JANE AND EDDYSTONE AVE,14.0,14,1
JANE AND EGLINTON,12.3125,788,64
JANE AND EGLINTON TO P,113.0,113,1
JANE AND ELLIS,20.0,20,1
JANE AND ELLIS ( S OF,12.0,12,1
JANE AND EXBURY,7.8,39,5
JANE AND EXBURY (NORTH,30.0,30,1
JANE AND EXBURY ROAD,120.0,120,1
JANE AND FALSTAFF,26.6,266,10
JANE AND FINCH,11.209302325581396,482,43
JANE AND FINCH AND FIN,0.0,0,1
JANE AND FIRGROVE,10.166666666666666,61,6
JANE AND FIRGROVE CRES,12.0,12,1
JANE AND FOLKES,13.333333333333334,40,3
JANE AND FOXWELL,25.8,258,10
JANE AND FOXWELL ST,30.0,30,1
JANE AND FRITH,6.4,32,5
JANE AND GILSPUR,15.0,15,1
JANE AND GILTSPUR,19.0,152,8
JANE AND GITSPUR,26.666666666666668,80,3
JANE AND GODON MACKAY,12.0,12,1
JANE AND GOLDWIN,19.333333333333332,58,3
JANE AND GORD MACKAY,0.0,0,1
JANE AND GORDON MACKAY,209.0,627,3
JANE AND GORDON MCKAY,12.0,24,2
JANE AND GRANDRAVINE,21.272727272727273,234,11
JANE AND HANEY,15.0,15,1
JANE AND HANLEY,13.5,27,2
JANE AND HARDING,11.625,186,16
JANE AND HEATHROW,12.0,48,4
JANE AND HEATHROW DR,12.0,12,1
JANE AND HIGHWAY 401,0.0,0,1
JANE AND HULLMAR,78.3,783,10
JANE AND HULMAR,12.0,12,1
JANE AND HWY 400,10.5,21,2
JANE AND HWY 401,10.0,10,1
JANE AND JOHN,20.857142857142858,146,7
JANE AND JOHN BEST AVE,8.0,8,1
JANE AND KING,15.0,15,1
JANE AND LAMBTON,10.4,52,5
JANE AND LAWRENCE,13.470588235294118,687,51
JANE AND LAWRENCE W,0.0,0,1
JANE AND LAWRENCVE,12.0,12,1
JANE AND MAPLE LEAF,9.285714285714286,130,14
JANE AND MAPLE LEAF DR,11.5,23,2
JANE AND METHUEN,6.0,12,2
JANE AND NELLIS,30.0,30,1
JANE AND OUTLOOK,16.0,48,3
JANE AND PAGE,8.0,24,3
JANE AND PRICHARD,0.0,0,1
JANE AND PRITCHARD,18.5,148,8
JANE AND RITA,0.0,0,1
JANE AND RIVERCREST,16.0,32,2
JANE AND ROMANOWAY,6.0,6,1
JANE AND ROYAL YORK,12.0,12,1
JANE AND SAN ROMANOWAY,16.666666666666668,50,3
JANE AND SEELES,15.0,15,1
JANE AND SHEPPARD,15.974358974358974,623,39
JANE AND SHEPPARD - 26,16.0,16,1
JANE AND SHEPPARD AVE,12.0,12,1
JANE AND SHEPPARD TO W,0.0,0,1
JANE AND SHOREHAM,25.5,714,28
JANE AND SPENVALLEY,5.0,5,1
JANE AND ST CLAIR,15.3,306,20
JANE AND ST CLAIR WEST,22.5,45,2
JANE AND ST JOHN'S,13.0,13,1
JANE AND ST JOHNS,8.0,8,1
JANE AND ST MARKS,30.0,30,1
JANE AND ST. JONES,20.0,20,1
JANE AND STANLEY,10.0,20,2
JANE AND STEELES,15.68421052631579,596,38
JANE AND STONG,18.25,73,4
JANE AND THETHEWEY,13.5,27,2
JANE AND THRETHEWEY,4.0,8,2
JANE AND TRETHEWAY,14.2,284,20
JANE AND TRETHEWAY DR,0.0,0,1
JANE AND TRETHEWEY,16.574468085106382,2337,141
JANE AND TROUTBROOK,16.0,32,2
JANE AND TROUTBROOKE,9.2,46,5
JANE AND WEATHERELL,30.0,30,1
JANE AND WESTON,18.46511627906977,794,43
JANE AND WESTON RD,0.0,0,1
JANE AND WILLIAM CRAGG,9.4,47,5
JANE AND WILLIAM CRAIG,12.0,12,1
JANE AND WILLIAMS CRAG,11.0,11,1
JANE AND WILSON,13.538461538461538,1408,104
JANE AND WOOLNER,20.142857142857142,141,7
JANE AND WRIGHT,26.0,234,9
JANE AND WRIGHT AVE,16.0,32,2
JANE AND YEWTREE,44.44444444444444,400,9
JANE AND YORK GATE,10.333333333333334,31,3
JANE AND YORKGATE,10.0,20,2
JANE AND YORKWOODS,11.5,23,2
JANE AND YORKWOODS GAT,12.333333333333334,37,3
JANE SOUTH OF YEWTREE,10.0,10,1
JANE STATIION,10.0,10,1
JANE STATION,13.553935860058308,4649,343
JANE STATION - BUS PL,0.0,0,1
JANE STATION - BUS PLA,5.0,5,1
JANE STN,15.0,15,1
JANE STREET,30.0,30,1
JANE STREET AND BABY P,20.0,20,1
JANE STREET AND QUEENS,10.0,10,1
JARVIS AND ESPLANADE,0.0,0,1
JARVIS AND KING,0.0,0,1
JARVIS AND LAKESHORE,311.0,622,2
JARVIS AND QUEEN,7.0,7,1
JARVIS AND QUEENS QUAT,20.0,20,1
JARVIS AND QUEENS QUAY,15.45,309,20
JARVIS AND THE ESPLAND,22.0,22,1
JARVIS AND WELLESLEY,22.5,45,2
JARVIS AND YONGE,118.0,118,1
JERRY FITZGERALD AND S,10.0,10,1
JESMOND AND OAKWOOD,11.333333333333334,34,3
JESMOND AND ROBINA,19.0,38,2
JESMOND AND VAUGHAN,8.0,8,1
JESSMOND AND OAKWOOD,9.0,9,1
JET LINER AND AIRPORT,10.0,10,1
JETIINER AND AIRPORT,12.0,12,1
JETLINER AND AIRPOR,0.0,0,1
JETLINER AND AIRPORT,11.909090909090908,131,11
JETLINER AND AIRPORT R,10.5,21,2
JETLINER AND DIXON,36.0,36,1
JNAE AND OUTLOOK,0.0,0,1
JOE SHUSTER AND KING,8.333333333333334,25,3
JOHN AND JANE,8.0,8,1
JOHN AND WESTON,10.0,10,1
JOHN GARLAND AND FINCH,12.0,12,1
JOHN GARLAND AND HUMBE,23.0,23,1
JOHN GARLAND AND JAMES,10.666666666666666,32,3
JOHN GARLAND AND KIPLI,14.0,42,3
JOHN GARLAND AND MARTI,27.125,434,16
JOHN GARLAND AND MOSQU,15.0,30,2
JOHN STONER AND MORNIN,7.5,15,2
JONE AND GERARRD,18.0,18,1
JONE AND QUEEN,20.0,20,1
JONES (BETWEEN GERRARD,0.0,0,1
JONES AND BAIRD,7.5,15,2
JONES AND BAULTBEE,125.0,125,1
JONES AND BOULTBEE,19.0,38,2
JONES AND DANFORTH,17.666666666666668,106,6
JONES AND DUNDAS,39.75,159,4
JONES AND GERRARD,17.857142857142858,125,7
JONES AND HAZELWOOD,5.0,5,1
JONES AND MYRTLE,20.0,20,1
JONES AND QUEEN,20.0,80,4
JONES AND SPROAT,23.5,47,2
JUDSON AND HORNER,18.0,72,4
JUDSON AND ISLINGTON,27.0,27,1
KAWREBCE AND PHARMACY,20.0,20,1
KEEELE AND DUNDAS,10.0,10,1
KEEL ST AND JUNCTION R,10.0,10,1
KEEL STATION,8.333333333333334,25,3
KEELE AND 401,38.5,154,4
KEELE AND AND FALSTAFF,10.0,10,1
KEELE AND ANNETTE,11.785714285714286,165,14
KEELE AND BEECHBOROUGH,22.0,66,3
KEELE AND BIRCHBOROUGH,0.0,0,1
KEELE AND BLOOR,16.5,99,6
KEELE AND BRADOAKS,10.0,10,1
KEELE AND BROADOAK DR,10.0,10,1
KEELE AND BROADOAKS,10.4,52,5
KEELE AND BROADOAKS DR,30.0,30,1
KEELE AND CALVINGTON,26.666666666666668,80,3
KEELE AND CANARCTIC,20.0,20,1
KEELE AND CANNON JACKS,10.0,10,1
KEELE AND CANON JACKSO,3.5,7,2
KEELE AND CLEARVIEW,10.2,51,5
KEELE AND CLEARVIEW HE,10.0,20,2
KEELE AND COLVILLE,19.875,159,8
KEELE AND DENVER CRES,8.0,8,1
KEELE AND DIANA,14.4,72,5
KEELE AND DIANA DR,34.0,68,2
KEELE AND DONALD,10.0,40,4
KEELE AND DOVEHOUSE,8.833333333333334,53,6
KEELE AND DOWNSVIEW,318.0,318,1
KEELE AND DOWNSVIEW PA,48.0,336,7
KEELE AND DUFFERIN,10.0,10,1
KEELE AND DUNDAS,10.951612903225806,679,62
KEELE AND DUNDAS ST W,10.0,10,1
KEELE AND DUNDAS W,8.333333333333334,25,3
KEELE AND DUNDAS WEST,5.0,10,2
KEELE AND EGLINTON,13.9,695,50
KEELE AND FALLLSTAFF,0.0,0,1
KEELE AND FALSTAFF,6.833333333333333,41,6
KEELE AND FINCH,16.5,363,22
KEELE AND FLAMBOROUGH,14.25,57,4
KEELE AND FLORAL PKWY,10.0,10,1
KEELE AND FOUR WINDS,12.083333333333334,145,12
KEELE AND FOUR WINDS D,25.0,25,1
KEELE AND GEORGE APPLE,6.0,18,3
KEELE AND GLENDALE,10.0,10,1
KEELE AND GLENLAKE,10.161290322580646,315,31
KEELE AND GRANDRAVINE,12.11111111111111,109,9
KEELE AND GREENBROOK,18.0,18,1
KEELE AND GULIVER,20.0,20,1
KEELE AND GULLIVER,9.571428571428571,67,7
KEELE AND GULLIVER ( N,12.0,12,1
KEELE AND GUNNS,30.0,30,1
KEELE AND HIGHWAY 401,0.0,0,1
KEELE AND HILLARY,0.0,0,1
KEELE AND HIRONS,15.0,30,2
KEELE AND HUMBERERSIDE,20.0,20,1
KEELE AND HUMBERSIDE,8.916666666666666,107,12
KEELE AND INGRAM,12.4,62,5
KEELE AND JUNCTION,13.48,337,25
KEELE AND JUNCTION RD,25.0,25,1
KEELE AND KEELEGATE,22.666666666666668,68,3
KEELE AND LAWRENCE,15.842105263157896,602,38
KEELE AND LEPAGE,46.0,92,2
KEELE AND LLOYD,0.0,0,1
KEELE AND LOTHERHAM,0.0,0,1
KEELE AND MAPLE LEAF,10.0,10,1
KEELE AND MAPLE LEAF D,12.5,25,2
KEELE AND MILFORD,17.333333333333332,52,3
KEELE AND MURRAY ROSS,5.0,10,2
KEELE AND N OF DUNDAS,10.0,10,1
KEELE AND N PARK DR,10.0,10,1
KEELE AND NORTH PARK,0.0,0,1
KEELE AND PAXTONIA,29.0,29,1
KEELE AND ROGERS,27.307692307692307,355,13
KEELE AND ROGERS RD,15.0,15,1
KEELE AND RUSTIC,19.0,133,7
KEELE AND RUSTIC (SOUT,0.0,0,1
KEELE AND SHEPAPRD,8.0,8,1
KEELE AND SHEPPARD,27.838709677419356,863,31
KEELE AND SHEPPARD W,10.0,10,1
KEELE AND SIR WILLIAM,231.0,462,2
KEELE AND ST CLAIR,19.216216216216218,711,37
KEELE AND ST REGIS,25.266666666666666,379,15
KEELE AND ST REGIS CRE,10.0,10,1
KEELE AND ST. CLAIR,11.764705882352942,200,17
KEELE AND ST. CLAIR A,6.0,6,1
KEELE AND ST. CLAIR WE,10.0,10,1
KEELE AND ST. REGIS,17.166666666666668,103,6
KEELE AND ST.CLAIR,15.0,15,1
KEELE AND STEELES,18.166666666666668,109,6
KEELE AND TAUISTOCK,20.0,20,1
KEELE AND THE POND,126.66666666666667,380,3
KEELE AND THE POND RD,29.0,29,1
KEELE AND THE POND ROA,329.0,329,1
KEELE AND TILBURY,7.333333333333333,22,3
KEELE AND TORO,17.0,119,7
KEELE AND TORONTO,6.0,12,2
KEELE AND VICTORY,5.0,20,4
KEELE AND VICTORY DRIV,20.0,20,1
KEELE AND VINE,13.666666666666666,41,3
KEELE AND W TORONTO,5.0,5,1
KEELE AND WANDLE,10.0,10,1
KEELE AND WEST,6.0,6,1
KEELE AND WEST TORONTO,29.444444444444443,530,18
KEELE AND WESTON,10.0,20,2
KEELE AND WHITBURN,13.333333333333334,40,3
KEELE AND WILLIAM HEAR,10.0,10,1
KEELE AND WILSON,16.802083333333332,1613,96
KEELE AND WYCOMBE,86.5,173,2
KEELE AND WYCOMBE RD,8.0,8,1
KEELE AND WYNCOMBE (S,30.0,30,1
KEELE AND YONGE,7.0,7,1
KEELE AND YORE,10.0,10,1
KEELE AND YPRES,12.5,50,4
KEELE NORTH,8.0,8,1
KEELE NORTH OF BLOOR,26.0,26,1
KEELE SOUTH OF GLENLAK,20.0,20,1
KEELE ST AND REGIS CRE,8.0,8,1
KEELE STATIO N,10.0,10,1
KEELE STATION,12.824933687002652,4835,377
KEELE STATION - NORTH,10.0,10,1
KEELE STATION BUS PLAT,10.0,10,1
KEELE STREET AND WHITB,30.0,30,1
KEELE TO CALEDONIA,0.0,0,1
KEELEDALE STATION,15.0,15,1
KEELESDALE AND EGLINTO,16.125,129,8
KEELESDALE STATION,13.875,222,16
KEELSDALE STATION,8.0,8,1
KEENEDY STATION,7.0,7,1
KEENNEDY STATION,10.0,10,1
KELE AND ST REGIS,0.0,0,1
KELLE AND ST CLAIR,10.0,20,2
KELLE AND WILSON,13.0,13,1
KENDAL AND MACPHERSON,518.0,518,1
KENDAL AND MCPHERSON,300.0,300,1
KENDEL AVE AND DAVENPO,560.0,560,1
KENEDY STN,18.0,18,1
KENENDY AND LAWRENCE,0.0,0,1
KENENDY AND SHEPPARD,12.0,12,1
KENENDY AND SUMMER,16.0,16,1
KENENDY STATION,14.714285714285714,103,7
KENENDY STATION (SOUTH,10.0,10,1
KENNARD AND WILLIAM R,26.0,26,1
KENNARD AND WILSON HEI,25.0,25,1
KENNARD AVE AND WILSON,28.0,28,1
KENNDEDY AND FINCH,26.0,26,1
KENNDEY AND LAWRENCE,12.0,12,1
KENNDY AND EGLINTON,26.5,53,2
KENNDY STATION,20.0,20,1
KENNED STATION,18.0,18,1
KENNEDY - PLATFORM B,0.0,0,1
KENNEDY AND 401,10.0,20,2
KENNEDY AND ANTRIM,9.764705882352942,166,17
KENNEDY AND ANTRIM CRE,10.0,10,1
KENNEDY AND BELLBROOK,0.0,0,1
KENNEDY AND BERTRAND,11.8,59,5
KENNEDY AND BETRAND,8.5,17,2
KENNEDY AND BLOOR,7.0,14,2
KENNEDY AND BONIS,76.83333333333333,461,6
KENNEDY AND BRIDGESTOC,96.5,193,2
KENNEDY AND BRIGSTOCK,36.81818181818182,405,11
KENNEDY AND CARDWELL,10.0,20,2
KENNEDY AND COLLINGWOO,10.0,20,2
KENNEDY AND CORNWALIS,3.0,3,1
KENNEDY AND CORNWALL,15.0,15,1
KENNEDY AND CORNWALLIS,16.333333333333332,147,9
KENNEDY AND CORNWALLS,10.0,10,1
KENNEDY AND CORVETTE,56.333333333333336,169,3
KENNEDY AND COWDRAY,10.0,20,2
KENNEDY AND CRAIGLEE,10.0,10,1
KENNEDY AND CROMWELL,15.0,15,1
KENNEDY AND DANCY,16.666666666666668,50,3
KENNEDY AND DANFORTH,38.0,38,1
KENNEDY AND EGLINTON,26.585365853658537,1090,41
KENNEDY AND ELLENDALE,34.0,34,1
KENNEDY AND ELLESMERE,14.4,1368,95
KENNEDY AND FINCH,12.134615384615385,631,52
KENNEDY AND FLORA,9.4,47,5
KENNEDY AND FORBES,38.5,616,16
KENNEDY AND FORBES RD,0.0,0,1
KENNEDY AND GLAMORGAN,14.222222222222221,256,18
KENNEDY AND HAVENDALE,11.25,45,4
KENNEDY AND HIGHVIEW,14.0,14,1
KENNEDY AND HIGHWAY 40,0.0,0,1
KENNEDY AND HUNTINGWOO,23.9,239,10
KENNEDY AND JADE,7.0,14,2
KENNEDY AND KENMARK,59.0,118,2
KENNEDY AND KENNEDY PA,10.0,10,1
KENNEDY AND KINGSDOWN,14.0,42,3
KENNEDY AND LANDSEER,16.333333333333332,49,3
KENNEDY AND LANSDEER,10.0,10,1
KENNEDY AND LAWRENCE,23.829457364341085,3074,129
KENNEDY AND LAWRENCE (,15.0,15,1
KENNEDY AND LAWRENCE -,15.0,15,1
KENNEDY AND LAWRENCE E,15.0,15,1
KENNEDY AND LINWOOD,10.0,10,1
KENNEDY AND LOVERING,10.0,20,2
KENNEDY AND MARILYN,208.4,1042,5
KENNEDY AND MCNICOLL,28.73913043478261,661,23
KENNEDY AND MERIAN,25.0,25,1
KENNEDY AND MERRIAN,20.0,100,5
KENNEDY AND MEWBURN,17.0,34,2
KENNEDY AND MIKE MEYER,5.0,10,2
KENNEDY AND MIKE MYERS,10.0,10,1
KENNEDY AND MILIKEN,11.0,11,1
KENNEDY AND MUMHAM GAT,332.0,332,1
KENNEDY AND MUNHAM,36.77777777777778,331,9
KENNEDY AND MUNHAM GAT,50.90909090909091,560,11
KENNEDY AND N OF EGLIN,21.0,21,1
KENNEDY AND NORCAP,10.0,10,1
KENNEDY AND NORCAP ( S,10.0,10,1
KENNEDY AND PARK,23.5,47,2
KENNEDY AND PASSMORE,16.875,270,16
KENNEDY AND PASSMORE A,0.0,0,1
KENNEDY AND PERTHSHIRE,10.0,40,4
KENNEDY AND PROGRESS,19.94871794871795,778,39
KENNEDY AND PURCELL,6.666666666666667,20,3
KENNEDY AND RADNOR,29.166666666666668,350,12
KENNEDY AND RADNOR AVE,20.0,20,1
KENNEDY AND RANSTONE,12.0,48,4
KENNEDY AND RANSTONE G,11.285714285714286,79,7
KENNEDY AND REIDMOUNT,10.0,20,2
KENNEDY AND SHEPPARD,11.791666666666666,566,48
KENNEDY AND SHEPPPARD,12.0,12,1
KENNEDY AND SHROPSHIRE,10.666666666666666,32,3
KENNEDY AND ST CLAIR,23.125,185,8
KENNEDY AND ST. CLAIR,10.0,10,1
KENNEDY AND STEELES,23.846153846153847,310,13
KENNEDY AND STRATHON,19.0,19,1
KENNEDY AND STRATTON,13.4,67,5
KENNEDY AND STRATTON A,11.0,22,2
KENNEDY AND SUMMER,19.5,39,2
KENNEDY AND TRANSWAY (,16.0,16,1
KENNEDY AND TREVEERTON,22.0,22,1
KENNEDY AND TREVERTON,28.4,142,5
KENNEDY AND TROJAN,12.0,12,1
KENNEDY AND TROJAN GAT,37.25,149,4
KENNEDY AND VILLAGE GR,17.846153846153847,232,13
KENNEDY AND WICKWARE,11.5,92,8
KENNEDY AND WICKWARE G,17.5,35,2
KENNEDY AND WICKWERE,59.0,59,1
KENNEDY ANF FINCH,10.0,10,1
KENNEDY BD STATION,10.0,60,6
KENNEDY BEFORE ELLESME,7.0,7,1
KENNEDY BETWEEN LAWREN,108.0,108,1
KENNEDY PLATFORM A,0.0,0,1
KENNEDY ROAD AND MERRI,45.0,45,1
KENNEDY S OF ELLESMERE,10.0,10,1
KENNEDY SATION,20.0,20,1
KENNEDY STAITON,0.0,0,1
KENNEDY STATION,13.189063948100094,28462,2158
KENNEDY STATION (903 P,8.0,8,1
KENNEDY STATION (LOT B,8.0,8,1
KENNEDY STATION (NORTH,0.0,0,1
KENNEDY STATION (ON SE,8.0,8,1
KENNEDY STATION (PLATF,0.0,0,1
KENNEDY STATION - 12 B,30.0,30,1
KENNEDY STATION - 86 P,0.0,0,1
KENNEDY STATION - 905,10.0,10,1
KENNEDY STATION - A PL,18.0,18,1
KENNEDY STATION - B LO,10.0,10,1
KENNEDY STATION - BUS,8.714285714285714,61,7
KENNEDY STATION - DROP,13.0,52,4
KENNEDY STATION - PLAT,11.23076923076923,146,13
KENNEDY STATION - SOUT,9.5,19,2
KENNEDY STATION BUS BA,11.0,11,1
KENNEDY STATION BUS PL,5.0,10,2
KENNEDY STATION DROP O,27.0,27,1
KENNEDY STATION PASSEN,20.0,20,1
KENNEDY STATION PLAT B,8.0,8,1
KENNEDY STATION PLATFO,17.0,119,7
KENNEDY STATION TO DON,0.0,0,1
KENNEDY STATION TO TOR,0.0,0,1
KENNEDY STATION(OUTSID,30.0,30,1
KENNEDY STATION(TRANSW,0.0,0,1
KENNEDY STATION- LAYOV,20.0,20,1
KENNEDY STATOIN,20.0,20,1
KENNEDY STN,9.8,49,5
KENNEDY STN PLATFORM B,7.0,28,4
KENNEDY STSATION,8.0,8,1
KENNEDY STTAION,10.0,10,1
KENNEDY TO FINCH,0.0,0,2
KENNEDY TO WOODBINE,12.0,12,1
KENNEDYA ND RANSTONE,10.0,10,1
KENNEY AND KENMARK,16.0,16,1
KENNEY STATION,12.25,49,4
KENNEYD STATION,8.0,8,1
KENNWOOD AND LOUISE,0.0,0,1
KILING STATION,20.0,20,1
KILPING STATION,10.0,10,1
KILPLING STATION,10.0,10,1
KING (CRAWFORD TO STRA,205.0,205,1
KING AND ATLANTIC,5.0,15,3
KING AND BATHURST,0.0,0,1
KING AND BAY,12.0,48,4
KING AND BAY - EAST,10.0,10,1
KING AND CATHERDRAL,8.0,8,1
KING AND COWAN,0.0,0,1
KING AND DOURO,15.0,15,1
KING AND DOWLING,0.0,0,1
KING AND DUFFERIN,2.5,10,4
KING AND JAMESON,0.0,0,1
KING AND JOE SHUSTER,10.75,43,4
KING AND JOHN,10.0,10,1
KING AND JORDAN,22.0,22,1
KING AND MASSEY,5.0,5,1
KING AND ONTARIO,4.666666666666667,14,3
KING AND PARLIAMENT,17.5,35,2
KING AND PETER,5.0,5,1
KING AND RIVER,75.0,300,4
KING AND SHAW,20.0,440,22
KING AND SHAW `,0.0,0,1
KING AND SHERBOURNE,49.333333333333336,296,6
KING AND STRACHAN,95.66666666666667,287,3
KING AND SUDBURY,5.0,15,3
KING AND SUMACH,21.0,42,2
KING AND TORONTO,0.0,0,1
KING AND UNIVERSITY,6.666666666666667,20,3
KING AND VICTORIA,17.0,17,1
KING AND YONGE,98.2,491,5
KING AND YORK,5.0,5,1
KING ST AND SHAW ST.,5.0,5,1
KINGSDTON AND MANSE,10.0,10,1
KINGSON RD AND EGLINTO,0.0,0,1
KINGSTIN RD AND WOODBI,22.0,22,1
KINGSTOMN RD AND CLARE,20.0,20,1
KINGSTON ADN BIRCHMOUN,26.0,26,1
KINGSTON AND AMIENS,8.0,8,1
KINGSTON AND BEECHGROV,14.5,58,4
KINGSTON AND BELLAMY,14.142857142857142,99,7
KINGSTON AND BIRCHCLIF,25.2,126,5
KINGSTON AND BIRCHMOUN,22.34375,715,32
KINGSTON AND BLANTYRE,20.0,40,2
KINGSTON AND BRIMELY,15.0,15,1
KINGSTON AND BRIMLEY,30.821428571428573,863,28
KINGSTON AND BRINLEY,30.0,30,1
KINGSTON AND BRINLOOR,30.0,30,1
KINGSTON AND BROOKSIDE,6.0,6,1
KINGSTON AND CATHEDRAL,30.0,30,1
KINGSTON AND CELESTE,7.153846153846154,93,13
KINGSTON AND CHIME,20.0,20,1
KINGSTON AND CHINE,23.0,69,3
KINGSTON AND CHINE DR,88.0,88,1
KINGSTON AND CHINE DRI,20.0,20,1
KINGSTON AND CLAREMORE,18.666666666666668,112,6
KINGSTON AND CLIFFSIDE,21.333333333333332,64,3
KINGSTON AND COLLINGRO,6.0,6,1
KINGSTON AND COLLINGSG,14.0,42,3
KINGSTON AND COLLINSGR,15.6,78,5
KINGSTON AND COURCELET,10.0,10,1
KINGSTON AND CROMWALL,8.0,8,1
KINGSTON AND CROMWELL,11.0,66,6
KINGSTON AND DALE,24.0,24,1
KINGSTON AND DANFORTH,21.0,42,2
KINGSTON AND DIXON,23.0,23,1
KINGSTON AND E OF POPL,11.0,11,1
KINGSTON AND EASTWOOD,25.666666666666668,77,3
KINGSTON AND EGLINTON,11.857142857142858,83,7
KINGSTON AND ELLESMERE,8.8,44,5
KINGSTON AND FALLINGBR,25.0,25,1
KINGSTON AND FENWOOD,17.0,68,4
KINGSTON AND FENWOOD H,14.25,57,4
KINGSTON AND GALLOWAY,12.771428571428572,447,35
KINGSTON AND GLEN,15.0,15,1
KINGSTON AND GLEN EVER,57.5,230,4
KINGSTON AND GUILDWOO,4.0,4,1
KINGSTON AND GUILDWOOD,14.923076923076923,194,13
KINGSTON AND HAREWOOD,24.0,24,1
KINGSTON AND HIGHLAND,16.833333333333332,101,6
KINGSTON AND HIGHWAY 2,10.0,10,1
KINGSTON AND HUNT CLUB,22.0,22,1
KINGSTON AND KILDONAN,18.666666666666668,56,3
KINGSTON AND KITCHNER,24.0,24,1
KINGSTON AND LAKESIDE,30.0,30,1
KINGSTON AND LAWRENCE,49.73170731707317,2039,41
KINGSTON AND LAWSON,15.0,30,2
KINGSTON AND LOCHLEVEN,10.0,20,2
KINGSTON AND MAIN,201.0,402,2
KINGSTON AND MALVERN,22.0,22,1
KINGSTON AND MANDERLEY,18.0,18,1
KINGSTON AND MANSE,50.57142857142857,354,7
KINGSTON AND MARINE,12.0,12,1
KINGSTON AND MARKHAM,15.666666666666666,94,6
KINGSTON AND MASON,20.333333333333332,61,3
KINGSTON AND MCCOWAN,10.88888888888889,98,9
KINGSTON AND MCNAB,10.0,10,1
KINGSTON AND MCNABB,25.0,25,1
KINGSTON AND MEADOWVAL,9.2,46,5
KINGSTON AND MIDLAND,50.333333333333336,302,6
KINGSTON AND MIDLLAND,18.0,18,1
KINGSTON AND MILITARY,16.5,66,4
KINGSTON AND MORNING,24.0,24,1
KINGSTON AND MORNINGSI,13.666666666666666,205,15
KINGSTON AND MORRISH,438.5,877,2
KINGSTON AND NEILSON,5.0,10,2
KINGSTON AND OLD KINGS,8.8,44,5
KINGSTON AND OVERTURE,13.0,26,2
KINGSTON AND PARKCREST,12.714285714285714,89,7
KINGSTON AND PINE RIDG,10.0,10,1
KINGSTON AND POPLAR,10.714285714285714,75,7
KINGSTON AND POPULAR,19.0,38,2
KINGSTON AND PORT UNIO,10.0,10,1
KINGSTON AND QUEEN,20.0,40,2
KINGSTON AND QUEENSBUR,14.333333333333334,43,3
KINGSTON AND RAVINE,19.25,77,4
KINGSTON AND RIDGEMOOR,33.666666666666664,202,6
KINGSTON AND ROCKWOOD,10.0,10,1
KINGSTON AND RYLANDER,12.8125,205,16
KINGSTON AND SANDDOWN,18.0,18,1
KINGSTON AND SANDOWN,73.0,146,2
KINGSTON AND SAUNDERS,10.0,10,1
KINGSTON AND SCAR GOLF,18.0,18,1
KINGSTON AND SCARBOROU,13.19047619047619,277,21
KINGSTON AND SCARBOURO,8.0,8,1
KINGSTON AND SHARPE,21.25,85,4
KINGSTON AND SHARPE ST,18.0,18,1
KINGSTON AND SHEPPARD,6.0,6,1
KINGSTON AND SOUTHWOOD,239.4,1197,5
KINGSTON AND ST CLAIR,25.0,125,5
KINGSTON AND ST. CLAIR,19.5,39,2
KINGSTON AND VALHALLA,22.0,22,1
KINGSTON AND VICTORIA,20.294117647058822,345,17
KINGSTON AND WALTER,8.0,8,1
KINGSTON AND WARDEN,21.384615384615383,278,13
KINGSTON AND WESTLAKE,6.0,6,1
KINGSTON AND WHITECAP,18.0,72,4
KINGSTON AND WOODBINE,13.666666666666666,41,3
KINGSTON LOOP,0.0,0,2
KINGSTON RD & BELLAMY,119.0,119,1
KINGSTON RD AND BIRCHC,20.0,20,1
KINGSTON RD AND BIRCHM,24.0,24,1
KINGSTON RD AND BRIMLE,18.666666666666668,56,3
KINGSTON RD AND GALLOW,11.5,23,2
KINGSTON RD AND GLEN M,30.0,30,1
KINGSTON RD AND GUILDC,8.0,8,1
KINGSTON RD AND GUILDW,9.0,18,2
KINGSTON RD AND HIGHLA,24.0,24,1
KINGSTON RD AND LAWREN,18.0,36,2
KINGSTON RD AND MANDER,24.0,24,1
KINGSTON RD AND MARKHA,65.0,130,2
KINGSTON RD AND MCCOWA,0.0,0,1
KINGSTON RD AND MORNIN,13.0,26,2
KINGSTON RD AND PARKCR,2.0,2,1
KINGSTON RD AND POPLAR,10.0,10,1
KINGSTON RD AND SCARBO,18.0,18,1
KINGSTON RD AND SHARPE,20.0,20,1
KINGSTON RD AND VICTOR,20.0,20,1
KINGSTON RD AND WOODBI,30.0,30,1
KINGSTON ROAD,16.0,16,1
KINGSTON ROAD AND BRIM,59.0,118,2
KINGSTON ROAD AND ELLE,10.0,10,1
KINGSTON ROAD AND GLEN,24.0,24,1
KINGSTON ROAD AND GUIL,8.0,8,1
KINGSTON ROAD AND MAIN,159.0,159,1
KINGSTON ROAD AND MORN,10.0,10,1
KINGSTON ROAD AND PINE,30.0,30,1
KINGSTON ROAD AND RIDG,30.0,30,1
KINGSTON ROAD AND SCAR,8.0,8,1
KINGSTON ROAD AND WHIT,8.0,8,1
KINGSTON ROAD LOOP,0.0,0,2
KINGSWAY AND RIPLEY,15.0,15,1
KINGTON RD FROM OLD KI,185.0,185,1
KIPING AND OLIVEWOOD,8.0,8,1
KIPING AND STEVENSON,7.0,7,1
KIPING STATION,9.0,9,1
KIPLIG STATION,4.0,4,1
KIPLIGN STATION,12.5,25,2
KIPLINBG STATION,15.0,15,1
KIPLING & ST ALBANS,25.0,25,1
KIPLING (ROWNTREE TO P,9.0,9,1
KIPLING AND 401,17.0,34,2
KIPLING AND ADVANCE,0.0,0,2
KIPLING AND ALBANS,16.0,16,1
KIPLING AND ALBION,15.142857142857142,212,14
KIPLING AND ALBOIN,10.0,10,1
KIPLING AND ANNABELL,14.0,14,1
KIPLING AND BEACONHILL,76.75,307,4
KIPLING AND BELFIELD,17.615384615384617,229,13
KIPLING AND BELLFIELD,0.0,0,1
KIPLING AND BERING,3.5,7,2
KIPLING AND BETHRIDGE,7.8,39,5
KIPLING AND BIRMINGHAM,17.72222222222222,319,18
KIPLING AND BIRMINHAM,7.0,7,1
KIPLING AND BLACK CREE,0.0,0,1
KIPLING AND BLOOR,20.714285714285715,145,7
KIPLING AND BRIMINGHAM,7.0,7,1
KIPLING AND BROOKMERE,23.0,161,7
KIPLING AND BURHAMTHOR,16.333333333333332,49,3
KIPLING AND BURMINGHAM,14.0,14,1
KIPLING AND BURNAMTHOR,20.0,20,1
KIPLING AND BURNHAMTHO,18.48148148148148,499,27
KIPLING AND BYLAND,110.0,110,1
KIPLING AND BYWOOD,15.0,30,2
KIPLING AND COLONEL SA,10.0,30,3
KIPLING AND DIXON,14.8125,237,16
KIPLING AND DUNDAS,15.333333333333334,46,3
KIPLING AND EGLINTON,11.909090909090908,262,22
KIPLING AND ESTHER LOR,11.0,22,2
KIPLING AND EVANS,14.409090909090908,951,66
KIPLING AND EVANSB,2.0,2,1
KIPLING AND FINCH,13.857142857142858,194,14
KIPLING AND FIREWOOD,241.0,241,1
KIPLING AND GARDINER,10.0,10,1
KIPLING AND GARDNER EX,0.0,0,1
KIPLING AND GENTHORN,11.0,33,3
KIPLING AND GOSWELL,20.0,20,1
KIPLING AND GRACEY,10.0,10,1
KIPLING AND GREENBORO,8.0,8,1
KIPLING AND GREENSBORO,3.75,15,4
KIPLING AND HENLEY,17.8,178,10
KIPLING AND HINTON,18.0,36,2
KIPLING AND HORNER,47.55555555555556,856,18
KIPLING AND HUNTING RI,13.5,54,4
KIPLING AND HWY 409,20.0,20,1
KIPLING AND JOHN GARLA,6.0,12,2
KIPLING AND JUTLAND,8.857142857142858,62,7
KIPLING AND KIDRON,10.0,30,3
KIPLING AND KIDRON VAL,17.857142857142858,125,7
KIPLING AND KINGSVIEW,10.0,40,4
KIPLING AND KINGSWAY,84.0,168,2
KIPLING AND KIRDON,10.0,10,1
KIPLING AND LAKE SHORE,10.333333333333334,186,18
KIPLING AND LAKESHORE,14.625,468,32
KIPLING AND LAKW SHORE,40.0,40,1
KIPLING AND LEARMONT,16.0,16,1
KIPLING AND LESMAR,49.333333333333336,148,3
KIPLING AND LONGFIELD,10.0,10,1
KIPLING AND MATTICE,25.166666666666668,151,6
KIPLING AND MT OLIVE,8.5,17,2
KIPLING AND N HEIGHTS,0.0,0,1
KIPLING AND NEW TORONT,7.0,14,2
KIPLING AND NORSEMAN,15.333333333333334,138,9
KIPLING AND NORTH HEIG,14.25,57,4
KIPLING AND NORTH QUEE,132.4,662,5
KIPLING AND NORTHCREST,0.0,0,1
KIPLING AND NUGENT,10.0,10,1
KIPLING AND OLIVE,10.0,10,1
KIPLING AND OLIVE WOOD,8.0,8,1
KIPLING AND OLIVERWOOD,7.0,7,1
KIPLING AND OLIVEWOOD,8.333333333333334,100,12
KIPLING AND PANORAMA,4.666666666666667,14,3
KIPLING AND PANORAMA C,16.0,16,1
KIPLING AND PENLEA,19.428571428571427,136,7
KIPLING AND PRINCESS M,15.666666666666666,47,3
KIPLING AND QUEEN,5.0,5,1
KIPLING AND QUEENSWAY,8.538461538461538,111,13
KIPLING AND RANDOM,13.0,13,1
KIPLING AND RATHBURN,18.620689655172413,540,29
KIPLING AND REDCLIFF,7.666666666666667,23,3
KIPLING AND REDWATER,12.0,12,1
KIPLING AND REXDALE,9.444444444444445,85,9
KIPLING AND REXGATE,6.0,6,1
KIPLING AND RONSON,23.5,47,2
KIPLING AND ROWNTREE,5.333333333333333,16,3
KIPLING AND SIX POINT,15.0,15,1
KIPLING AND SNARESBROO,161.0,322,2
KIPLING AND ST ALBAN,10.0,10,1
KIPLING AND ST ALBANS,22.0,132,6
KIPLING AND ST ANDREW,16.0,16,1
KIPLING AND ST ANDREWS,13.0,13,1
KIPLING AND STEELES,19.71698113207547,1045,53
KIPLING AND STEELES (L,20.0,20,1
KIPLING AND STEELES LO,10.666666666666666,32,3
KIPLING AND STELEES,10.0,10,1
KIPLING AND STEVENSON,11.333333333333334,34,3
KIPLING AND TABER,8.0,40,5
KIPLING AND THE KINGSW,10.0,10,1
KIPLING AND THE QUEENS,7.611111111111111,137,18
KIPLING AND THE WEST W,0.0,0,1
KIPLING AND THE WESTWA,9.875,79,8
KIPLING AND THORNCREST,10.0,10,1
KIPLING AND TORLAKE,9.0,54,6
KIPLING AND TYRE,15.0,30,2
KIPLING AND WARNICA,12.2,61,5
KIPLING AND WEST HUMBE,305.5,611,2
KIPLING AND WESTHUMBER,13.333333333333334,40,3
KIPLING AND WESTWAY,73.66666666666667,221,3
KIPLING AND WIDDICOMBE,7.6,38,5
KIPLING AND WINGROVE,16.0,32,2
KIPLING AND WITTICOMBE,8.0,8,1
KIPLING AVE,11.0,22,2
KIPLING AVE AND JOHN G,10.0,10,1
KIPLING AVE AND TABER,7.0,7,1
KIPLING AVENUE AND FIN,6.0,6,1
KIPLING GO,13.5,54,4
KIPLING GO STATION,10.0,10,1
KIPLING LOOP,17.0,323,19
KIPLING LOOP AND LAKES,19.5,39,2
KIPLING STAITON,8.5,17,2
KIPLING STATION,13.463541666666666,15510,1152
KIPLING STATION (EXITI,18.0,18,1
KIPLING STATION (ST AL,9.5,19,2
KIPLING STATION - 900,8.0,8,1
KIPLING STATION - BUS,10.333333333333334,31,3
KIPLING STATION 44 BA,10.0,10,1
KIPLING STATION BUS BA,16.0,16,1
KIPLING STATION BUS PL,4.0,8,2
KIPLING STATION TO KIP,0.0,0,1
KIPLING STATION TO PEA,0.0,0,1
KIPLING STN,14.0,28,2
"KIPLING, ST ALBANS ROA",10.0,10,1
KIPLINGAND ALBION,10.0,10,1
KIPLINGSTATION,6.0,6,1
KIPLLING STATION,10.0,10,1
KIPLNG STATION,9.0,9,1
KIPLNING STEELES LOOP,10.0,10,1
KIPPLING STATION,10.0,10,1
KITTERY (MIDLAND) AND,52.0,52,1
KNGSTON AND LAWRENCE,15.0,15,1
KNIGHTSBRIDGE AND PHAR,26.0,26,1
KODAK AND SHEPPARD,32.0,32,1
KODIAK AND SHEPPARD,16.0,32,2
KODIAK AND SHEPPARD WE,34.0,34,1
KODIAK AND WHITEHORSE,32.0,32,1
LA ROASE AND SCARLETT,15.0,15,1
LA ROSE AND ROYAL YORK,420.0,420,1
LA ROSE AND SCARLETT,123.66666666666667,371,3
LAIRD AND CANVARCO,25.0,25,1
LAIRD AND COMMERCIAL,25.0,50,2
LAIRD AND EGLINTON,11.25,45,4
LAIRD AND ESANDAR,0.0,0,1
LAIRD AND KENRAE,0.0,0,1
LAIRD AND LEA,13.8,69,5
LAIRD AND MCRAE,17.833333333333332,107,6
LAIRD AND MILLWWOD,24.0,24,1
LAIRD AND MILWOOD,30.0,30,1
LAIRD AND PARKLEA,43.0,43,1
LAIRD AND VANDERHOOF,101.0,101,1
LAIRD AND WICKSTEED,9.25,37,4
LAKE SHORE AND BROOKER,28.0,28,1
LAKE SHORE AND BROWNS,0.0,0,1
LAKE SHORE AND COLONOL,4.0,4,1
LAKE SHORE AND COMMISS,12.0,12,1
LAKE SHORE AND FORT YO,142.0,142,1
LAKE SHORE AND FORTHIE,15.0,15,1
LAKE SHORE AND FORTIET,13.0,26,2
LAKE SHORE AND FOURTEE,0.0,0,1
LAKE SHORE AND GARDINE,0.0,0,1
LAKE SHORE AND JAMESON,0.0,0,1
LAKE SHORE AND KIPLING,27.0,54,2
LAKE SHORE AND MILES,12.0,12,1
LAKE SHORE AND MIMICO,9.0,9,1
LAKE SHORE AND TENTH,25.0,25,1
LAKE SHORE AND TWENTY,15.0,15,1
LAKE SHORE BLVD EAST,9.0,9,1
LAKE SHORE GARAGE,11.8,59,5
LAKE SHORE GARAGE LOOP,12.0,60,5
LAKE SHORE LOOP,21.0,21,1
LAKE3SHORE GARAGE LOOP,12.0,12,1
LAKEHORE AND MARINE PA,15.0,15,1
LAKESHORE - BETWEEN CH,0.0,0,1
LAKESHORE AND 12TH,134.0,134,1
LAKESHORE AND 30TH,792.0,792,1
LAKESHORE AND 30TH STR,13.5,27,2
LAKESHORE AND 8TH,15.0,15,1
LAKESHORE AND 8TH ST,7.0,7,1
LAKESHORE AND 8TH STRE,30.0,30,1
LAKESHORE AND BOUCHETT,0.0,0,1
LAKESHORE AND BROWN'S,25.0,25,1
LAKESHORE AND BROWNS L,21.333333333333332,64,3
LAKESHORE AND BROWNSLI,27.0,27,1
LAKESHORE AND BURLINGT,10.0,10,1
LAKESHORE AND CARLAW,66.0,132,2
LAKESHORE AND CARLLAW,0.0,0,1
LAKESHORE AND CHERRY,10.0,10,1
LAKESHORE AND COLONEL,6.0,6,1
LAKESHORE AND COMMISSI,10.0,10,1
LAKESHORE AND EIGHTH,30.0,30,1
LAKESHORE AND FORT YOR,30.0,30,1
LAKESHORE AND FORTIETH,16.0,16,1
LAKESHORE AND FOURTEEN,30.0,30,1
LAKESHORE AND ISLINGTO,25.0,50,2
LAKESHORE AND KIPLING,14.0,42,3
LAKESHORE AND KIPLING(,7.0,7,1
LAKESHORE AND LESLIE,15.0,15,1
LAKESHORE AND LOUISA,0.0,0,1
LAKESHORE AND LOWER JA,6.0,6,1
LAKESHORE AND MARINE P,12.5,50,4
LAKESHORE AND MIMICO,29.88888888888889,269,9
LAKESHORE AND NEWFOUND,30.0,30,1
LAKESHORE AND NINTH,154.0,154,1
LAKESHORE AND NORTHERN,0.0,0,1
LAKESHORE AND PARKLAWN,16.0,16,1
LAKESHORE AND PARKSIDE,23.0,92,4
LAKESHORE AND PARLIAME,12.5,25,2
LAKESHORE AND ROYAL YO,10.0,20,2
LAKESHORE AND SAULTER,60.0,60,1
LAKESHORE AND TENTH,13.0,13,1
LAKESHORE AND THIRTIET,222.5,445,2
LAKESHORE AND TWENTY S,5.0,5,1
LAKESHORE AND WINNER'S,12.0,12,1
LAKESHORE AND WINNERS,12.0,12,1
LAKESHORE BLVD AND COL,10.0,10,1
LAKESHORE BLVD AND FOR,13.5,27,2
LAKESHORE BLVD WEST AN,10.0,10,1
LAKESHORE BOULEVARD WE,9.0,18,2
LAKESHORE BOULVEARD WE,23.0,23,1
LAKESHORE DIVISION,0.0,0,1
LAKESHORE GARAGE,10.566666666666666,634,60
LAKESHORE GARAGE EXIT,10.0,10,1
LAKESHORE GARAGE LOOP,11.666666666666666,35,3
LAKESHORE GARGE,14.0,14,1
LAKESHORE SUBSTATION,0.0,0,1
LAKESHORE WHEEL TRANS,13.0,13,1
LAMBTON AND GUESTVILLE,15.0,15,1
LAMBTON AND JANE,15.0,30,2
LAMBTON AND WESTON,8.333333333333334,25,3
LAMPTON AND GUESTVILLE,15.0,15,1
LAMSDOWNE AND LAPPIN,18.0,18,1
LANDOWNE AND DUNDAS,7.5,15,2
LANDSDOWNE AND BLOOR,12.0,12,1
LANDSDOWNE AND DUNDAS,10.0,20,2
LANDSDOWNE AND DUPONT,10.0,10,1
LANDSOWNE AND WALLACE,12.0,12,1
LANE EAST PAPE NORTH R,7.0,7,1
LANSDOWMNE AND DUPONT,12.0,12,1
LANSDOWN AND DUNDAS,17.0,17,1
LANSDOWN AND QUEEN,0.0,0,1
LANSDOWNE - DUPONT TO,371.0,371,1
LANSDOWNE AND BLOOR,16.870967741935484,523,31
LANSDOWNE AND BRANDON,9.714285714285714,68,7
LANSDOWNE AND CALEDONI,18.0,18,1
LANSDOWNE AND COLLEGE,14.6,219,15
LANSDOWNE AND DAVENPOR,15.714285714285714,220,14
LANSDOWNE AND DUNDAS,15.666666666666666,470,30
LANSDOWNE AND DUNDAS W,10.0,20,2
LANSDOWNE AND DUPONT,14.806451612903226,459,31
LANSDOWNE AND GLENCAIR,27.0,54,2
LANSDOWNE AND JENET,4.0,4,1
LANSDOWNE AND LAPPIN,32.25,258,8
LANSDOWNE AND LAPPIN A,15.0,15,1
LANSDOWNE AND LUMBERVA,70.0,140,2
LANSDOWNE AND PATON,13.142857142857142,92,7
LANSDOWNE AND PLAYFAIR,9.0,9,1
LANSDOWNE AND QUEEN,15.631578947368421,594,38
LANSDOWNE AND QUEEN (N,0.0,0,1
LANSDOWNE AND RIDEAU,17.555555555555557,158,9
LANSDOWNE AND SEAFORTH,11.818181818181818,130,11
LANSDOWNE AND ST CLAIR,16.804878048780488,689,41
LANSDOWNE AND ST. CLAI,20.666666666666668,124,6
LANSDOWNE AND TYCOS,0.0,0,1
LANSDOWNE AND WADE,13.5,297,22
LANSDOWNE AND WADE AVE,12.0,12,1
LANSDOWNE AND WALLACE,18.666666666666668,224,12
LANSDOWNE AND WHYTOCK,3.3333333333333335,10,3
LANSDOWNE AVE,18.0,18,1
LANSDOWNE AVE AND WADE,4.0,4,1
LANSDOWNE LOOP,10.0,20,2
LANSDOWNE NORTH OF PAT,10.0,10,1
LANSDOWNE STATION,15.25,549,36
LARID AND MCRAE,86.0,86,1
LARKSPUR LANE,30.0,30,1
LAROSE AND ROYAL YORK,169.0,169,1
LARWRENCE AND CURLEW,0.0,0,1
LARWRENCE WEST STATION,30.0,30,1
LAURENTIDE AND THREE V,0.0,0,1
LAWARENCE AND DUFFERIN,22.0,22,1
LAWENCE AND CALEDONIA,0.0,0,1
LAWENCE STATION,10.0,20,2
LAWERENCE AND AVENUE,0.0,0,1
LAWERENCE AND BAYVIEW,9.0,9,1
LAWERENCE AND BLOSSOMF,26.0,26,1
LAWERENCE AND KENNEDY,12.0,12,1
LAWERENCE AND MARKHAM,306.0,306,1
LAWERENCE AND SCARLETT,20.0,20,1
LAWKESHORE GARAGE,10.0,10,1
LAWRANCE AND WESTON,20.0,20,1
LAWRECNE AND KIMBARK,12.0,12,1
LAWRECNE AND WARDEN,15.0,15,1
LAWREENCE WEST OF MARH,22.0,22,1
LAWREMCE AND JANE,103.0,103,1
LAWREN AND HARRIS,20.0,20,1
LAWREN HARRIS SQUARE A,20.0,40,2
LAWRENCE,15.0,15,1
LAWRENCE ADN SHERMOUNT,26.0,26,1
LAWRENCE AMD BOLINGBRO,20.0,20,1
LAWRENCE AND,43.0,43,1
LAWRENCE AND ALLEN,13.0,65,5
LAWRENCE AND ALLEN ROA,22.0,22,1
LAWRENCE AND AND CARDI,30.0,30,1
LAWRENCE AND APEX,15.75,63,4
LAWRENCE AND AVENUE,18.423076923076923,479,26
LAWRENCE AND BAGNATO,0.0,0,1
LAWRENCE AND BARRYMORE,17.384615384615383,226,13
LAWRENCE AND BATHGATE,464.0,928,2
LAWRENCE AND BATHURST,15.372549019607844,784,51
LAWRENCE AND BAYVIEW,17.6,264,15
LAWRENCE AND BEECHGROV,17.8,89,5
LAWRENCE AND BELLAMY,72.88888888888889,1312,18
LAWRENCE AND BEN STANT,16.0,32,2
LAWRENCE AND BENTON,14.416666666666666,173,12
LAWRENCE AND BICHMOUNT,37.0,37,1
LAWRENCE AND BIRCHMOUN,21.944444444444443,395,18
LAWRENCE AND BLACK CRE,17.2,172,10
LAWRENCE AND BLACKSTON,12.333333333333334,74,6
LAWRENCE AND BLOSSOMFI,18.0,18,1
LAWRENCE AND BRIDGEPOR,11.0,11,1
LAWRENCE AND BRIDLE PA,371.0,742,2
LAWRENCE AND BRIDLEPAT,447.3333333333333,1342,3
LAWRENCE AND BRIMLEY,18.45,369,20
LAWRENCE AND BROCKLEY,77.15384615384616,1003,13
LAWRENCE AND BROOKEHAV,0.0,0,1
LAWRENCE AND BROOKHAVE,15.777777777777779,142,9
LAWRENCE AND BROOKVIEW,0.0,0,1
LAWRENCE AND BRUCEWOOD,18.0,36,2
LAWRENCE AND BURNVIEW,15.142857142857142,212,14
LAWRENCE AND CALEDIONA,29.0,29,1
LAWRENCE AND CALEDOINA,20.0,20,1
LAWRENCE AND CALEDONIA,21.322033898305083,1258,59
LAWRENCE AND CANLISH,11.0,11,1
LAWRENCE AND CARDINAL,12.0,12,1
LAWRENCE AND CARNFORTH,9.125,73,8
LAWRENCE AND CASSIDY P,20.0,20,1
LAWRENCE AND CEDARBRAE,16.333333333333332,49,3
LAWRENCE AND CELEDONIA,10.0,10,1
LAWRENCE AND CENTENIAL,30.0,30,1
LAWRENCE AND CHATSWORT,19.5,39,2
LAWRENCE AND CHERRY HI,10.0,10,1
LAWRENCE AND CHICOUTIM,21.0,21,1
LAWRENCE AND CHISWICK,20.0,40,2
LAWRENCE AND CLAEDONIA,15.0,15,1
LAWRENCE AND COLLINGSG,13.5,27,2
LAWRENCE AND COLLINISG,25.0,25,1
LAWRENCE AND COLLINSGR,12.928571428571429,181,14
LAWRENCE AND CORONA,18.0,54,3
LAWRENCE AND CROCKFORD,10.0,10,1
LAWRENCE AND CULFORD,18.14814814814815,980,54
LAWRENCE AND CULFORD R,35.0,35,1
LAWRENCE AND CURLEW,3.75,15,4
LAWRENCE AND DANIELLE,22.0,22,1
LAWRENCE AND DE MARCO,17.5,35,2
LAWRENCE AND DINNICK,9.0,18,2
LAWRENCE AND DON MILLS,13.484848484848484,445,33
LAWRENCE AND DON VALLE,14.0,14,1
LAWRENCE AND DON WAY E,0.0,0,1
LAWRENCE AND DONWAY,33.166666666666664,199,6
LAWRENCE AND DUCKSWORT,18.0,18,1
LAWRENCE AND DUCKWORTH,19.5,39,2
LAWRENCE AND DUFFERIN,22.161290322580644,1374,62
LAWRENCE AND DUFFLAW,30.625,245,8
LAWRENCE AND DUPLEX,18.0,18,1
LAWRENCE AND DURVAL,0.0,0,1
LAWRENCE AND DUSSLAW,12.0,12,1
LAWRENCE AND DUVAL,16.444444444444443,148,9
LAWRENCE AND E OF WARD,11.0,11,1
LAWRENCE AND EAST,12.894736842105264,245,19
LAWRENCE AND EAST AVE,18.0,72,4
LAWRENCE AND EGLINTON,7.5,15,2
LAWRENCE AND ELINOR,16.076923076923077,209,13
LAWRENCE AND ELLINGTON,10.0,60,6
LAWRENCE AND ELLINOR,11.0,11,1
LAWRENCE AND ELM,58.5,117,2
LAWRENCE AND ELM ROAD,9.0,9,1
LAWRENCE AND ENGLEMOUN,12.0,12,1
LAWRENCE AND FERN MEAD,10.0,10,1
LAWRENCE AND FORTUNE,7.0,28,4
LAWRENCE AND FORTUNE G,22.0,22,1
LAWRENCE AND FRANK FAU,30.0,30,1
LAWRENCE AND GALLOWAY,7.769230769230769,101,13
LAWRENCE AND GIBSON,0.0,0,1
LAWRENCE AND GLEN RUSH,20.0,20,1
LAWRENCE AND GLENMOUNT,19.2,96,5
LAWRENCE AND GLENRUSH,10.0,10,1
LAWRENCE AND GOLDBERRY,19.0,19,1
LAWRENCE AND GOLDCREST,30.0,30,1
LAWRENCE AND GOOD SHEP,19.2,96,5
LAWRENCE AND GREENBRAE,11.0,55,5
LAWRENCE AND GREENCEDA,13.166666666666666,79,6
LAWRENCE AND GREENCRES,12.5,50,4
LAWRENCE AND GREENHOLM,73.0,511,7
LAWRENCE AND GREENLAND,20.75,83,4
LAWRENCE AND GREER,21.0,105,5
LAWRENCE AND GREY,18.0,18,1
LAWRENCE AND HICKERY T,9.0,9,1
LAWRENCE AND HICKORY,14.8,74,5
LAWRENCE AND HICKORY T,19.6,98,5
LAWRENCE AND HOMESTEAD,18.0,18,1
LAWRENCE AND HOWDEN,7.5,15,2
LAWRENCE AND JANE,17.47244094488189,2219,127
LAWRENCE AND JEDBURGH,20.0,20,1
LAWRENCE AND KEELE,17.56896551724138,1019,58
LAWRENCE AND KENEDY,20.0,20,1
LAWRENCE AND KENNEDY,16.56179775280899,1474,89
LAWRENCE AND KINGSTON,41.83561643835616,3054,73
LAWRENCE AND LEDBURY,20.0,20,1
LAWRENCE AND LESLIE,20.5,82,4
LAWRENCE AND LESLIE TO,0.0,0,1
LAWRENCE AND LING,9.0,9,1
LAWRENCE AND LITTLE,17.4,87,5
LAWRENCE AND LORINDALE,16.7,167,10
LAWRENCE AND LOVERS,8.0,16,2
LAWRENCE AND LOVERS LA,17.0,17,1
LAWRENCE AND MANSE,16.666666666666668,50,3
LAWRENCE AND MANSE ROA,24.0,24,1
LAWRENCE AND MARCO,9.0,9,1
LAWRENCE AND MARKHAM,37.8448275862069,2195,58
LAWRENCE AND MARLEE,24.575,983,40
LAWRENCE AND MARLEY,0.0,0,1
LAWRENCE AND MC COWAN,0.0,0,1
LAWRENCE AND MCCOWAN,10.552631578947368,401,38
LAWRENCE AND MEADOWVAL,14.0,14,1
LAWRENCE AND MIDLAND,12.416666666666666,298,24
LAWRENCE AND MILDENHAL,10.0,20,2
LAWRENCE AND MODERN,7.0,7,1
LAWRENCE AND MORNIGSID,7.0,7,1
LAWRENCE AND MORNING D,0.0,0,1
LAWRENCE AND MORNINGSI,30.791666666666668,739,24
LAWRENCE AND MOSSBANK,103.0,412,4
LAWRENCE AND MOUNT PLE,15.0,30,2
LAWRENCE AND MT PLEASA,13.8,69,5
LAWRENCE AND OLYMPIA,18.0,54,3
LAWRENCE AND OLYMPIC,9.0,9,1
LAWRENCE AND ORCHARD P,20.0,20,1
LAWRENCE AND ORTON PAR,49.4,494,10
LAWRENCE AND OVERTURE,10.571428571428571,74,7
LAWRENCE AND PAHARMACY,11.0,11,1
LAWRENCE AND PARK LANE,0.0,0,1
LAWRENCE AND PAULANDER,11.0,11,1
LAWRENCE AND PHARMACY,12.857142857142858,180,14
LAWRENCE AND PIMILCO,16.5,33,2
LAWRENCE AND PIMILICO,17.0,17,1
LAWRENCE AND PIMLICO,15.333333333333334,184,12
LAWRENCE AND PIMLICO R,0.0,0,1
LAWRENCE AND PINE,17.392857142857142,487,28
LAWRENCE AND PINE (197,20.0,20,1
LAWRENCE AND PINE (HOL,18.0,18,1
LAWRENCE AND PINE ST,17.0,34,2
LAWRENCE AND PORT UNIO,32.142857142857146,225,7
LAWRENCE AND PRUDENTIA,7.5,30,4
LAWRENCE AND RAILSIDE,9.6,48,5
LAWRENCE AND RALPH,18.980392156862745,968,51
LAWRENCE AND RALPH ST,30.0,30,1
LAWRENCE AND RIDGEWOOD,11.333333333333334,34,3
LAWRENCE AND RODDA,14.0,14,1
LAWRENCE AND ROUGE HIL,20.0,20,1
LAWRENCE AND ROXALINE,19.0,38,2
LAWRENCE AND ROYAL YOR,18.0,306,17
LAWRENCE AND RUSHLEY,5.5,11,2
LAWRENCE AND S STATION,18.0,18,1
LAWRENCE AND SAGE,40.142857142857146,281,7
LAWRENCE AND SCARBORO,12.0,12,1
LAWRENCE AND SCARBOROU,12.869565217391305,296,23
LAWRENCE AND SCARLETT,25.214285714285715,706,28
LAWRENCE AND SHERMOUNT,20.571428571428573,288,14
LAWRENCE AND STARPRAY,10.0,20,2
LAWRENCE AND STARSPRAY,12.0,180,15
LAWRENCE AND SUSAN,9.5,19,2
LAWRENCE AND THE BRIDL,30.0,30,1
LAWRENCE AND THE DON W,10.0,20,2
LAWRENCE AND THE DONWA,36.666666666666664,330,9
LAWRENCE AND THISWICK,12.0,12,1
LAWRENCE AND TOWNLEY,6.833333333333333,41,6
LAWRENCE AND TREMONT,9.0,9,1
LAWRENCE AND TREMONT C,11.0,11,1
LAWRENCE AND UNDER HIL,30.0,30,1
LAWRENCE AND UNDERHILL,11.75,47,4
LAWRENCE AND UNDERWRIT,11.5,46,4
LAWRENCE AND VALIA,0.0,0,1
LAWRENCE AND VALPARAIS,20.0,40,2
LAWRENCE AND VANDERBEN,20.0,20,1
LAWRENCE AND VARNA,22.4,112,5
LAWRENCE AND VIA BAGNA,4.5,9,2
LAWRENCE AND VICTORIA,18.755555555555556,844,45
LAWRENCE AND W OF WEST,0.0,0,1
LAWRENCE AND WANLESS,16.0,48,3
LAWRENCE AND WARDEN,15.360824742268042,1490,97
LAWRENCE AND WARDEN ST,11.0,11,1
LAWRENCE AND WAREN,11.0,11,1
LAWRENCE AND WEATON RD,24.0,24,1
LAWRENCE AND WEDSTON,19.0,19,1
LAWRENCE AND WELLAND,20.0,20,1
LAWRENCE AND WEST HILL,18.0,18,1
LAWRENCE AND WESTERN,20.0,20,1
LAWRENCE AND WESTON,20.714285714285715,1595,77
LAWRENCE AND WESTON RD,9.0,27,3
LAWRENCE AND WESTONA,22.666666666666668,68,3
LAWRENCE AND WESTWOOD,0.0,0,1
LAWRENCE AND WEYBOURNE,0.0,0,1
LAWRENCE AND WOODCLIFE,14.0,14,1
LAWRENCE AND WOODCLIFF,17.0,34,2
LAWRENCE AND YONGE,19.146341463414632,785,41
LAWRENCE ANED JANE,0.0,0,1
LAWRENCE AV W AND BLAC,10.0,10,1
LAWRENCE AVE AND STARS,15.0,15,1
LAWRENCE AVE E - ROUGE,12.0,12,1
LAWRENCE AVE E AND ROU,13.0,13,1
LAWRENCE AVE E AND TRE,20.0,20,1
LAWRENCE AVE EAST AND,20.0,20,1
LAWRENCE AVE W AND COR,0.0,0,1
LAWRENCE AVE W AND VAR,30.0,30,1
LAWRENCE AVE WEST AND,13.0,52,4
LAWRENCE AVENUE EAST A,46.0,46,1
LAWRENCE E AND CARNFOR,14.0,14,1
LAWRENCE E AND TOWNLEY,5.0,5,1
LAWRENCE EAST AND MILD,20.0,20,1
LAWRENCE EAST AND MOSS,16.0,16,1
LAWRENCE MIDLAND,10.0,10,1
LAWRENCE ND HICKERY TR,18.0,18,1
LAWRENCE STATION,22.096153846153847,2298,104
LAWRENCE TO YORK MILLS,0.0,0,1
LAWRENCE W AND CULFORD,20.0,20,1
LAWRENCE W AND DUFFERI,10.0,10,1
LAWRENCE W AND LITTLE,8.0,8,1
LAWRENCE W AND OLYMPIA,20.0,20,1
LAWRENCE W AND WESTON,17.5,35,2
LAWRENCE W STATION,21.0,21,1
LAWRENCE WEST,20.0,20,1
LAWRENCE WEST AND CALE,20.0,20,1
LAWRENCE WEST AND JANE,14.0,14,1
LAWRENCE WEST AND MARL,49.0,49,1
LAWRENCE WEST AND RALP,20.0,20,1
LAWRENCE WEST AND SCAR,30.0,30,1
LAWRENCE WEST AND WEST,16.0,32,2
LAWRENCE WEST STATGION,21.0,21,1
LAWRENCE WEST STATION,19.209386281588447,5321,277
LAWRENCE WEST STATIONB,10.0,10,1
LAWRENEC AND MORNINGSI,0.0,0,1
LAWRENECE AND DUFFLAW,12.0,12,1
LAWREWNCE AND CULFORD,8.0,8,1
LAWREWNEC AND CULFORD,0.0,0,1
LAWRWENCE AND ENGLEMOU,17.0,17,1
LAWSON AND BRUMWELL,12.0,12,1
LAWSON AND CENTENNIAL,12.5,25,2
LAWSON AND CLYDE,14.0,28,2
LAWSON AND HIGHWAY 2,14.0,14,1
LAWSON AND HIGHWAY 2A,8.0,8,1
LAWSON AND MEADOWVALE,12.75,204,16
LAWSON AND PORT UNION,54.6,273,5
LEAHURST AND PHARMACY,53.0,53,1
LEASIDE,15.0,15,1
LEASIDE BRIDGE,104.0,104,1
LEASIDE BRIDGE AND MIL,0.0,0,1
LEBOVIC AND EGLINTON,9.6,48,5
LEPAGE AND CERAMIC,0.0,0,1
LEPAGE AND KEELE,30.0,30,1
LESLIE AND BALLYRONAN,27.0,27,1
LESLIE AND BANNATYNE,150.0,150,1
LESLIE AND BAYVIEW,0.0,0,1
LESLIE AND CLANSMAN BL,12.5,25,2
LESLIE AND COLDWATER,13.666666666666666,41,3
LESLIE AND COMMISSIONE,20.333333333333332,61,3
LESLIE AND CORNING,24.0,48,2
LESLIE AND CUMMER,15.0,30,2
LESLIE AND DEXTER,22.666666666666668,204,9
LESLIE AND EASTERN,19.88888888888889,179,9
LESLIE AND EGLINTON,30.242424242424242,998,33
LESLIE AND ESTHER SHIN,12.0,24,2
LESLIE AND FARMSTEAD,30.0,60,2
LESLIE AND FINCH,35.416666666666664,425,12
LESLIE AND GREYHOUND,24.0,24,1
LESLIE AND HWY 401,0.0,0,1
LESLIE AND KIRKWOOD,100.0,100,1
LESLIE AND LAKESHORE,78.33333333333333,235,3
LESLIE AND LAWRENCE,26.6875,427,16
LESLIE AND LESMILL,15.0,60,4
LESLIE AND LESMILL RD,0.0,0,1
LESLIE AND LONGWOOD,60.0,60,1
LESLIE AND MAROWYNE,30.0,30,1
LESLIE AND MAROYNE,0.0,0,1
LESLIE AND MCNICOLL,24.0,24,1
LESLIE AND MCNICXOLL,25.0,25,1
LESLIE AND MCRAE,30.0,30,1
LESLIE AND MEMORY,12.0,12,1
LESLIE AND NYMARK,10.666666666666666,32,3
LESLIE AND OLD CUMMER,25.0,25,1
LESLIE AND ORIOLE GO S,25.0,25,1
LESLIE AND OVERLAND,12.0,24,2
LESLIE AND QUEEN,32.11764705882353,546,17
LESLIE AND RAVEL,19.5,39,2
LESLIE AND RIPPLETON,239.0,239,1
LESLIE AND S OVERLAND,0.0,0,1
LESLIE AND SEARS,12.0,12,1
LESLIE AND SHEPPARD,25.583333333333332,307,12
LESLIE AND STEELES,47.833333333333336,287,6
LESLIE AND VAN HORNE,24.5,49,2
LESLIE AND YORK MILLS,18.818181818181817,207,11
LESLIE BARNE,0.0,0,1
LESLIE BARNS,0.0,0,9
LESLIE BARNS - 2 FLOOR,0.0,0,1
LESLIE BARNS CARHOUSE,0.0,0,1
LESLIE BARNS DIVISION,0.0,0,1
LESLIE BEWTEEN STONEDA,50.0,50,1
LESLIE CARHOUSE,8.0,8,1
LESLIE STATION,17.703703703703702,478,27
LESLIE STREET AND INN,20.0,20,1
LESMIL AND YORK MILLS,20.0,20,1
LESMILL AND DUNCAN MIL,44.166666666666664,265,6
LESMILL AND VALLEYBROO,10.8,54,5
LESMILL AND YORK MILLS,12.0,12,1
LESMILL AND YORKMILLS,20.0,20,1
LESTER B. PEARSON AIRP,13.75,55,4
LIBERTY AND ATLANTIC,81.625,653,8
LIBERTY AND MOWAT,8.0,8,1
LIBERTY AND STACHAN,0.0,0,1
LIBERTY AND STRACHAN,370.0,370,1
LIBERTY LOOP,92.0,92,1
LIBERTY VILLAGE,4.0,8,2
LIMSDEN AND BARRINGTON,10.0,10,1
LINDEN AND DANFORTH,10.0,10,1
LINE WIDE,0.0,0,2
LINKWOOD AND EDGECLIFF,15.0,30,2
LINKWOOD AND ST DENNIS,38.333333333333336,345,9
LINKWOOD AND ST. DENNI,6.333333333333333,38,6
LINWOOD AND ST DENNIS,0.0,0,1
LIP;ING AND BURNHAMTHO,10.0,10,1
LIPPINCOTT SUBSTATION,0.0,0,1
LIPPINCOTT TO WALMER,29.0,29,1
LITTLE AND SEWELLS,17.0,34,2
LITTLES AND BIRRELL,15.0,15,1
LITTLES AND OLD FINCH,13.0,52,4
LITTLES AND SEWELL,18.0,18,1
LITTLES AND SEWELLS,12.0,192,16
LITTLES AND SEWELS,130.0,130,1
LITTLES AND SWELLS,18.0,18,1
LITTLES RD AND SEWELLS,16.5,33,2
LIVINGSTON AND MARLEE,43.0,43,1
LLOYD JAMES LN AND TWE,11.0,11,1
LLOYD MANOR AND RATHBU,11.0,11,1
LOCUST LODGE AND STANL,0.0,0,1
LOCUST LODGE GARDENS A,22.0,22,1
LOGAN AND COSBURN,10.0,10,1
LOGAN AND LAKE SHORE,240.0,240,1
LOGAN AND LAKESHORE,9.0,9,1
LONG BRANCE LOOP,25.0,25,1
LONG BRANCH,16.0,16,1
LONG BRANCH LOOP,19.941176470588236,1695,85
LONG BRANCH LOOP- BROW,27.0,27,1
LONGBORN AND MARTINGRO,11.0,11,1
LONGBOURNE AND MARTIN,37.5,75,2
LONGBOURNE AND REDGRAV,7.0,21,3
LONGBOURNE AND WILLOWR,10.5,21,2
LONGBRANCH LOOP,18.333333333333332,55,3
LORD MANOR AND FIRWOOD,21.0,21,1
LORD SEATON AND UPPER,25.0,25,1
LOUVAIN AND HUMBER,15.0,60,4
LOWER GERRARD AND COXW,0.0,0,1
LOWER JARIS AND QUEEN',6.0,6,1
LOWER JARVIS - ESPLANA,10.0,10,1
LOWER JARVIS AND ESPLA,0.0,0,1
LOWER JARVIS AND GARDI,209.5,419,2
LOWER JARVIS AND LAKE,4.25,17,4
LOWER JARVIS AND LAKES,81.7,817,10
LOWER JARVIS AND QUEEN,10.290909090909091,566,55
LOWER JARVIS AND THE E,16.333333333333332,49,3
LOWER JARVIS AND WILTO,0.0,0,1
LOWER JARVIS AT QUEENS,8.0,8,1
LOWER JAVIS AND QUEENS,18.0,18,1
LOWER RIVER AND QUEEN,43.0,43,1
LOWER SHERBOURNE AND A,18.0,18,1
LOWER SHERBOURNE AND E,64.0,128,2
LOWER SHERBOURNE AND F,15.0,15,1
LOWER SHERBOURNE AND G,6.0,6,1
LOWER SHERBOURNE AND L,20.5,41,2
LOWER SHERBOURNE AND Q,10.5,42,4
LOWER SHERBOURNE AND T,9.0,18,2
LOWER SPADINA AND QUEE,24.0,24,1
LOWERSHERBOURNE AND QU,10.0,10,1
LOWTHER AND AVENUE,0.0,0,1
LUMDEN AND CHISHOLM,329.0,329,1
LUMSDEN AND BARRINGTON,33.4,167,5
LUMSDEN AND CEDARVALE,20.0,20,1
LUMSDEN AND CHISHOLM,278.6666666666667,836,3
LUMSDEN AND EASTDALE,10.0,10,1
LUMSDEN AND MAIN,5.0,10,2
LUMSDEN AND OAK PARK,20.0,20,1
LUMSDEN AND WESTLAKE,190.5,762,4
LUMSDEN AND WOODBINE,25.0,50,2
LUNDY AND WARREN,20.0,60,3
LUNSDOM AND CHISOLM,545.0,545,1
LUNSDUM AND CHISOLM,540.0,540,1
LUTHER AND BEDFORD,21.0,21,1
LWARENCE AND BELLAMY,10.0,10,1
LWARENCE AND CULFORD,20.0,20,1
LYNDOCK AND ROYWOOD,11.0,11,1
LYNEBROOK AND ROYWOOD,817.0,817,1
LYNEDOCK AN ROYWOOD,12.0,12,1
LYNEDOCK AND CLIMANS,25.0,50,2
LYNEDOCK AND FENSIDE,13.333333333333334,40,3
LYNEDOCK AND NESS,20.0,20,1
LYNEDOCK AND ROYALWOOD,22.0,22,1
M BUILDING,8.0,8,1
MABELLE AND CORDOVA,25.666666666666668,77,3
MABELLE AND DUNDAS,36.2,181,5
MABELLE AND DUNDAS WES,22.0,22,1
MAC DONELL AND QUEEN S,20.0,20,1
MACDONALD AND SEAFORTH,18.0,18,1
MACDONELL AND QUEEN,35.2,704,20
MACDONELL AND SEAFORTH,7.0,14,2
MACDONELL AVE AND SEAF,20.0,20,1
MACDONNELL AND QUEEN,18.0,18,1
MACLENAN AND SCHOLFIEL,25.0,25,1
MACLENNAN AND SCHOLFIE,188.0,188,1
MACPHERSON AND SPADINA,190.5,381,2
MADAWASKA AND YONGE,30.0,30,1
MADISON AND BLOOR,0.0,0,1
MAIN AND BENLAMOND,10.0,10,1
MAIN AND DANFORTH,16.818181818181817,370,22
MAIN AND DONCASTER,11.5,69,6
MAIN AND GERRARD,16.666666666666668,150,9
MAIN AND KINGSTON,117.66666666666667,2118,18
MAIN AND KINGSTON RD,18.0,36,2
MAIN AND SOUTHWOOD,341.3333333333333,1024,3
MAIN AND SWANWICK,20.0,40,2
MAIN ST AND MARKHAM,237.0,237,1
MAIN ST STATION,5.0,10,2
MAIN STATION,12.675675675675675,1876,148
MAIN STEEET STATION,10.0,10,1
MAIN STN,10.0,10,1
MAIN STREET,14.0,28,2
MAIN STREET AND DANFOR,85.0,340,4
MAIN STREET AND KINGST,20.0,20,1
MAIN STREET MARKHAM AN,93.0,93,1
MAIN STREET NORTH AND,30.0,30,1
MAIN STREET STATION,13.323717948717949,4157,312
MAIN STREET STYATION,10.0,10,1
"MAIN STREET, TORONTO O",22.0,22,1
MAIN STRET STATION,10.0,10,1
MAINSTREET STATION,10.0,10,1
MAINT STATION,10.0,10,1
MAINT STREET STATION,15.0,15,1
MAITLAND AND YONGE,10.0,10,1
MAJOR MACKENZIE,15.0,15,1
MAJOR MACKENZIE AND AG,941.0,941,1
MAJOR MACKENZIE AND AN,24.0,24,1
MAJOR MACKENZIE AND HI,34.5,69,2
MAJOR MACKENZIE AND MA,20.818181818181817,229,11
MAJOR MACKENZIE AND RA,26.666666666666668,80,3
MAJOR MACKENZIE AND RI,18.555555555555557,167,9
MAJOR MACKENZIE AND ST,15.0,15,1
MAJOR MACKENZIE AND TS,30.0,30,1
MAJOR MACKENZIE DRIVE,0.0,0,1
MAJOR MCKENZIE AND RID,30.0,30,1
MAJOT MACKENZIE AND TS,30.0,30,1
MALVER GARAGE,0.0,0,1
MALVERN AND MAMMOTH,15.0,15,1
MALVERN AND SHEPPARD,16.666666666666668,50,3
MALVERN DIV TRAFFIC OF,0.0,0,1
MALVERN DIVISION,6.625,106,16
MALVERN DIVSION,15.0,30,2
MALVERN GARAGE,12.420863309352518,3453,278
MALVERN GARGE,8.0,8,1
MALVERN GATE,13.8,414,30
MALVERN GATE (OPPOSITE,16.0,16,1
MALVERN YARD,0.0,0,1
MANITOBA AND CANADA,15.0,30,2
MANITOBA AND GRAND,12.0,24,2
MANITOBA AND LEGION RD,30.0,30,1
MANITOBA AND NOVA SCOT,198.8,1988,10
MANITOBA AND PRINCES B,10.0,10,1
MANITOBA AND PRINCES',92.0,92,1
MANITOBA AND PRINCESS,16.0,16,1
MANITOBA AND SASKATCHE,596.0,596,1
MANITOBA AND STRACHAN,5.0,10,2
MANITOBA DR AND CANADA,10.0,10,1
MANITOBA DR AND NOVA S,20.0,20,1
MANITOBA DR AND PRINCE,379.0,379,1
MANITONA AND NOVA SCOT,20.0,20,1
MANIZA AND POWELL,28.0,28,1
MANIZA AND WILSON,22.0,22,1
MANOR AND MOUNT PLEASA,18.0,18,1
MANSE AND HAINFORD,20.0,40,2
MANSE AND LAWRENCE,13.5,27,2
MANTIS AND DRAGONFLY,8.0,8,1
MANTIS AND HOPTREE,10.0,10,1
MANTIS AND POPPY,10.5,21,2
MAPLE AND GLEN,12.0,36,3
MAPLE AND GLEN ROAD,8.0,8,1
MAPLE AND SHERBOURNE,11.0,22,2
MAPLE AND STELLA,30.0,30,1
MAPLE AVENUE AND GLEN,20.0,20,1
MAPLE LEAF AND BOURDON,0.0,0,1
MAPLE LEAF AND CLIFFOR,48.0,48,1
MAPLE LEAF AND JANE,39.666666666666664,357,9
MAPLE LEAF AND VENICE,36.0,36,1
MAPLE LEAF ANF JANE,42.0,42,1
MARHAM AND MILNER,10.0,10,1
MARHAM AND STEELES,30.0,30,1
MARIDE PARADE AND SILV,10.0,10,1
MARIN GROVE AND ROYALC,9.0,9,1
MARINE PARADA AND SILV,105.0,105,1
MARINE PARADE AND LAKE,164.6,823,5
MARINE PARADE AND PARK,25.0,25,1
MARINE PARADE AND SILV,16.0,80,5
MARINE PARADE DRIVE AN,5.5,11,2
MARJHAM AND FINCH,12.0,12,1
MARKAHAM AND ELLESMERE,0.0,0,1
MARKHAM AND 14TH AVE,52.2,261,5
MARKHAM AND 16TH,28.818181818181817,317,11
MARKHAM AND 16TH AVE,30.0,30,1
MARKHAM AND 16TH AVENU,36.5,73,2
MARKHAM AND 2200 MARKH,0.0,0,1
MARKHAM AND 401,10.0,10,1
MARKHAM AND BLAKE MANO,0.0,0,1
MARKHAM AND BLAKEMANOR,9.1,91,10
MARKHAM AND BRIMORTON,20.375,163,8
MARKHAM AND BULLOCK,30.0,30,1
MARKHAM AND BUR OAK,18.0,54,3
MARKHAM AND BUR OAK AV,89.0,89,1
MARKHAM AND CASTLEMORE,17.0,34,2
MARKHAM AND COUGAR,15.4,77,5
MARKHAM AND COUGAR COU,20.0,40,2
MARKHAM AND COUGAR CT,12.0,12,1
MARKHAM AND DENISION,30.0,30,1
MARKHAM AND DENISON,51.0,51,1
MARKHAM AND DENNISON,30.0,30,1
MARKHAM AND DUNELM,7.0,21,3
MARKHAM AND EAST PARK,49.0,98,2
MARKHAM AND EAST SOUTH,4.0,4,1
MARKHAM AND EASTPARK,41.0,41,1
MARKHAM AND EDWARD JEF,10.0,10,1
MARKHAM AND EGLINTON,29.181818181818183,963,33
MARKHAM AND EGLINTON (,9.0,9,1
MARKHAM AND ELLESMERE,23.0,1357,59
MARKHAM AND FINCH,16.2,810,50
MARKHAM AND GOLDEN,221.0,221,1
MARKHAM AND GOLDEN AVE,30.0,30,1
MARKHAM AND GREENBRAE,10.0,20,2
MARKHAM AND GREENCEDAR,22.5,90,4
MARKHAM AND GREENCREST,20.0,20,1
MARKHAM AND GREENHOLM,13.333333333333334,40,3
MARKHAM AND HIGHWAY 40,0.0,0,1
MARKHAM AND HIGHWAY 7,72.66666666666667,436,6
MARKHAM AND HWY 407,30.0,30,1
MARKHAM AND HWY 7,9.666666666666666,29,3
MARKHAM AND IRONSTONE,30.0,30,1
MARKHAM AND JUST S OF,0.0,0,1
MARKHAM AND KINGSTON,18.23076923076923,237,13
MARKHAM AND KINGSTON R,21.0,42,2
MARKHAM AND LAWRENCE,25.88,1294,50
MARKHAM AND LAWREWNCE,0.0,0,1
MARKHAM AND LONDON,15.0,30,2
MARKHAM AND LUELLA,50.833333333333336,305,6
MARKHAM AND LUELLA ( N,12.0,12,1
MARKHAM AND MAJOR MACK,21.25,170,8
MARKHAM AND MARKANNA,11.0,22,2
MARKHAM AND MARKHANA,10.0,10,1
MARKHAM AND MCLEVIN,13.3,133,10
MARKHAM AND MCNICOLL,21.27777777777778,383,18
MARKHAM AND MILNER,16.36,409,25
MARKHAM AND MILNER AVE,15.0,15,1
MARKHAM AND NASHDENE,14.428571428571429,202,14
MARKHAM AND NEW DELHI,30.0,60,2
MARKHAM AND NUGGAT,22.0,22,1
MARKHAM AND NUGGET,31.5625,505,16
MARKHAM AND NUGGET AVE,17.0,17,1
MARKHAM AND OAK,30.0,30,1
MARKHAM AND ORCHID,12.333333333333334,37,3
MARKHAM AND ORCHID PLA,24.0,24,1
MARKHAM AND PAINTED,12.0,12,1
MARKHAM AND PAINTED PO,11.6,116,10
MARKHAM AND PANDORA,7.5,30,4
MARKHAM AND PANDORA CI,59.0,59,1
MARKHAM AND PASSMORE,33.785714285714285,473,14
MARKHAM AND PROGRESS,17.4,1131,65
MARKHAM AND RAMONA,290.0,290,1
MARKHAM AND ROBINSON,468.0,468,1
MARKHAM AND ROCHMAN,52.0,52,1
MARKHAM AND SELECT,31.666666666666668,190,6
MARKHAM AND SHEPPARD,15.78,2367,150
MARKHAM AND SHEPPARD E,18.0,18,1
MARKHAM AND SIXTEENTH,14.0,14,1
MARKHAM AND ST CLAIR,8.0,8,1
MARKHAM AND STEELES,15.182926829268293,1245,82
MARKHAM AND STEVENWOOD,10.0,10,1
MARKHAM AND TUXEDO,14.266666666666667,214,15
MARKHAM AND TUXEDO COU,101.5,203,2
MARKHAM AND TUXEDO CRT,14.25,57,4
MARKHAM AND VERNA,4.0,4,1
MARKHAM AND VERNE,10.0,90,9
MARKHAM AND WASHBURN,24.0,24,1
MARKHAM AND WERNE,12.0,12,1
MARKHAM ANED LAWRENCE,10.0,10,1
MARKHAM RD AND ELLESME,61.0,61,1
MARKHAM RD AND MILNER,10.0,10,1
MARKHAM RD AND SHEPPAR,8.0,8,1
MARKHAM RD NORTH OF EG,30.0,30,1
MARKHAM ROAD,8.0,8,1
MARKHAM ROAD BETWEEN 4,21.0,21,1
MARKHAN AND BLAKE MANO,8.0,8,1
MARKHAN AND FINCH,10.0,10,1
MARKHAN AND SHEPPARD,30.0,30,1
MARKINGTON SQ,7.0,7,1
MARKLAND AND BLOOR,15.0,30,2
MARKLAND AND MILL,20.0,20,1
MARLEE AND BELGRAVIA,36.0,36,1
MARLEE AND CASTLEFIELD,30.0,30,1
MARLEE AND DELL PARK,5.0,5,1
MARLEE AND EGLINTON,15.166666666666666,91,6
MARLEE AND ELWAY,4.0,8,2
MARLEE AND FAIRHOLME,40.0,40,1
MARLEE AND GLENCAIRN,26.75,107,4
MARLEE AND HILLMOUNT,10.0,10,1
MARLEE AND HOPEWELL,6.0,6,1
MARLEE AND LAWRENCE,27.333333333333332,246,9
MARLEE AND LIVINGSTON,42.5,85,2
MARLEE AND LIVINGSTONE,11.75,47,4
MARLEE AND RIDDLE,38.0,38,1
MARLEE AND RIDELLE,30.333333333333332,91,3
MARLEE AND ROSELAWN,15.833333333333334,95,6
MARLEE AND STAINER,149.0,149,1
MARLEE AND WHITMORE,28.333333333333332,85,3
MARLEE AVE AND GLENCAR,18.0,18,1
MARLEY AND GLENCARIN,40.0,40,1
MARLEY AND ROSELAWN,25.0,25,1
MARQUETTE AND BATHURST,10.0,10,1
MARSHALL MCLUHAN H.S.,3.0,3,1
MARTIN GROOVE AND FINC,5.0,5,1
MARTIN GROOVE AND JOHN,12.0,12,1
MARTIN GROOVE AND RACI,14.0,14,1
MARTIN GROOVE AND ROYA,11.0,22,2
MARTIN GROVE,20.0,20,1
MARTIN GROVE AND ALBIO,19.0,342,18
MARTIN GROVE AND BETHR,10.5,21,2
MARTIN GROVE AND BETTE,4.333333333333333,13,3
MARTIN GROVE AND BRUNE,10.0,20,2
MARTIN GROVE AND DEWIT,15.666666666666666,47,3
MARTIN GROVE AND DIXON,24.0,168,7
MARTIN GROVE AND EGLIN,17.875,286,16
MARTIN GROVE AND ENTER,0.0,0,1
MARTIN GROVE AND ETOBI,12.0,12,1
MARTIN GROVE AND FINCH,36.04545454545455,793,22
MARTIN GROVE AND GARFE,12.5,25,2
MARTIN GROVE AND GIHON,10.5,21,2
MARTIN GROVE AND HAWKE,21.0,21,1
MARTIN GROVE AND HIGHW,23.0,23,1
MARTIN GROVE AND HUMBE,9.0,9,1
MARTIN GROVE AND HWY 2,10.0,10,1
MARTIN GROVE AND JEFFC,17.5,70,4
MARTIN GROVE AND JOHN,24.166666666666668,145,6
MARTIN GROVE AND LAVIN,22.0,22,1
MARTIN GROVE AND LEXIN,10.8,54,5
MARTIN GROVE AND LONGB,17.666666666666668,53,3
MARTIN GROVE AND LONGH,11.0,11,1
MARTIN GROVE AND MILKW,12.0,24,2
MARTIN GROVE AND NOTIN,15.0,15,1
MARTIN GROVE AND NOTTI,13.0,39,3
MARTIN GROVE AND PORTE,21.0,42,2
MARTIN GROVE AND RACIN,12.5,50,4
MARTIN GROVE AND REDGR,19.0,19,1
MARTIN GROVE AND REXDA,34.42857142857143,241,7
MARTIN GROVE AND RICHG,4.0,8,2
MARTIN GROVE AND RIDGE,20.0,20,1
MARTIN GROVE AND ROYAL,13.166666666666666,79,6
MARTIN GROVE AND SILVE,14.0,70,5
MARTIN GROVE AND SLIVE,11.0,11,1
MARTIN GROVE AND STEEL,17.0,425,25
MARTIN GROVE AND THE W,19.333333333333332,174,9
MARTIN GROVE AND TOLLI,18.6,372,20
MARTIN GROVE AND TROLL,26.0,26,1
MARTIN GROVE AND VULCA,15.0,15,1
MARTIN GROVE AND WATER,20.0,20,1
MARTIN GROVE AND WEST,15.5,31,2
MARTIN GROVE AND WESTH,17.22222222222222,155,9
MARTIN GROVE AND WESTW,20.0,80,4
MARTIN GROVE AND WINTE,13.0,13,1
MARTIN GROVE ANDE TOLL,25.0,25,1
MARTIN GROVE JOHN GARL,0.0,0,1
MARTIN GROVE LOOP,12.9375,207,16
MARTIN GROVE LOOP (STE,10.0,10,1
MARTIN GROVE LOOP - AT,0.0,0,1
MARTIN GROVE LOOP AT S,0.0,0,1
MARTIN GROVE ROAD,20.0,20,1
MARTIN GROVE ROAD AND,21.0,21,1
MARTIN GROVE SND STEEL,20.0,20,1
MARTIN GROVE STEELES L,16.0,16,1
MARTIN GROVE TO YONGE,0.0,0,1
MARTIN ROSS AND ALNESS,284.0,284,1
MARTIN ROSS AVE AND FL,28.0,28,1
MARTING GROOVE AND STE,13.0,13,1
MARTINGOVE AND BRUNELL,30.0,30,1
MARTINGROVE & JEFFCOAT,23.0,23,1
MARTINGROVE AND ALBION,7.666666666666667,23,3
MARTINGROVE AND BRUNEL,23.0,23,1
MARTINGROVE AND CLEMEN,0.0,0,1
MARTINGROVE AND DIXON,66.66666666666667,200,3
MARTINGROVE AND EGLINT,11.0,11,1
MARTINGROVE AND FINCH,154.0,308,2
MARTINGROVE AND MERCUR,27.0,27,1
MARTINGROVE AND REXDAL,16.0,32,2
MARTINGROVE AND SILVER,23.0,23,1
MARTINGROVE AND STEELE,8.0,8,1
MARTINGROVE AND THE WE,8.5,17,2
MARTINGROVE AND TOLLIN,19.0,38,2
MARTINGROVE AND WEST H,20.0,20,1
MARTINGROVE AND WESTWA,12.0,12,1
MARTINGROVE LOOP,12.0,12,1
MARTINGROVE STEELES LO,23.0,23,1
MARTIVE GROVE AND WEST,0.0,0,1
MAYBERRY AND CLAIR,8.0,8,1
MAYBROOK AND MCNICOLL,10.0,10,1
MAYBROOK AND PASSMORE,15.6,78,5
MC COWAN AND 401,104.0,104,1
MC COWNA AND STEELES,0.0,0,1
MC NICOLL GARAGE,20.0,20,1
MCBRIEN BLDG,0.0,0,1
MCBRIEN BUILDING,0.0,0,5
MCBRIEN BUILDING - BAS,0.0,0,1
MCBRIEN OFFICE,0.0,0,1
MCCOWAN,11.5,23,2
MCCOWAN AND 14TH,21.0,63,3
MCCOWAN AND 14TH AVE,21.5,43,2
MCCOWAN AND 14TH AVENU,14.0,14,1
MCCOWAN AND 16TH,22.0,44,2
MCCOWAN AND 16TH AVE,28.666666666666668,86,3
MCCOWAN AND 16TH AVENU,9.0,9,1
MCCOWAN AND 300 CONSIL,18.5,37,2
MCCOWAN AND 401,13.5,27,2
MCCOWAN AND ALANBULL,10.0,10,1
MCCOWAN AND ALTON TOWE,19.714285714285715,138,7
MCCOWAN AND ANSON,18.0,18,1
MCCOWAN AND BELLAMY,18.0,18,1
MCCOWAN AND BENLEIGH,10.0,20,2
MCCOWAN AND BIG RED AV,49.0,98,2
MCCOWAN AND BOROUGH DR,15.0,15,1
MCCOWAN AND BRIDLEGROV,17.5,35,2
MCCOWAN AND BRIDLEY,30.0,60,2
MCCOWAN AND BRIMHORTON,0.0,0,1
MCCOWAN AND BRIMLEY,15.0,15,1
MCCOWAN AND BRIMORTON,32.625,261,8
MCCOWAN AND BULLOCK,13.0,26,2
MCCOWAN AND BUR OAK,22.0,44,2
MCCOWAN AND BUR OAK AV,20.0,20,1
MCCOWAN AND BUSHBY,52.6,789,15
MCCOWAN AND BUSHBY (HO,10.0,10,1
MCCOWAN AND CASTLEMORE,15.0,30,2
MCCOWAN AND COLERAINE,14.0,14,1
MCCOWAN AND COLONIAL,30.0,30,1
MCCOWAN AND COMMANDER,29.11764705882353,495,17
MCCOWAN AND CONSILIUM,0.0,0,1
MCCOWAN AND CONSILLIUM,30.0,30,1
MCCOWAN AND COOPERATE,20.0,40,2
MCCOWAN AND CORPORATE,189.8,949,5
MCCOWAN AND CREE,19.333333333333332,58,3
MCCOWAN AND DENISON,29.5,59,2
MCCOWAN AND DENISON ST,54.0,54,1
MCCOWAN AND EGLINTON,41.4,207,5
MCCOWAN AND ELLEMERE,6.0,12,2
MCCOWAN AND ELLESEMERE,12.0,12,1
MCCOWAN AND ELLESMERE,25.818181818181817,284,11
MCCOWAN AND ELSON,84.0,252,3
MCCOWAN AND FINCH,14.148148148148149,764,54
MCCOWAN AND FINCH AVE,18.0,18,1
MCCOWAN AND FOURTEENT,54.0,54,1
MCCOWAN AND FOURTEENTH,74.5,149,2
MCCOWAN AND GILLINGHAM,69.0,138,2
MCCOWAN AND HERITAGE,30.0,30,1
MCCOWAN AND HERITAGE (,83.0,83,1
MCCOWAN AND HIGH GLEN,30.0,30,1
MCCOWAN AND HIGHGLEN,21.5,43,2
MCCOWAN AND HIGHGLEN (,0.0,0,1
MCCOWAN AND HIGHWAY,20.0,20,1
MCCOWAN AND HIGHWAY 40,20.0,80,4
MCCOWAN AND HIGHWAY 7,47.25,189,4
MCCOWAN AND HOLLYHEDGE,32.5,130,4
MCCOWAN AND HUNTINGWOO,37.2,372,10
MCCOWAN AND HURONIA,12.0,12,1
MCCOWAN AND HURONIA GA,11.0,22,2
MCCOWAN AND HWY 401,8.5,17,2
MCCOWAN AND HWY 7,28.5,114,4
MCCOWAN AND HWY407,61.0,61,1
MCCOWAN AND HYW 401,0.0,0,1
MCCOWAN AND INVERGORDO,13.0,65,5
MCCOWAN AND JAMES PARR,25.0,25,1
MCCOWAN AND KENHATCH,14.666666666666666,44,3
MCCOWAN AND KINGSTON,26.0,26,1
MCCOWAN AND KINGSTON R,10.0,10,1
MCCOWAN AND LAWRENCE,16.928571428571427,474,28
MCCOWAN AND MAJOR MAC,15.0,15,1
MCCOWAN AND MARKHAM,12.5,25,2
MCCOWAN AND MARTINDALE,19.0,76,4
MCCOWAN AND MCNICILL,15.0,15,1
MCCOWAN AND MCNICOLL,26.2,655,25
MCCOWAN AND MIDDLEFIEL,46.111111111111114,415,9
MCCOWAN AND MILIKEN WE,14.0,14,1
MCCOWAN AND MILNER,24.185185185185187,653,27
MCCOWAN AND N OF HWY 7,21.0,21,1
MCCOWAN AND NUGGET,74.0,1258,17
MCCOWAN AND PHYLLIS,15.0,15,1
MCCOWAN AND PITFIELD,48.63636363636363,535,11
MCCOWAN AND PITFIELD R,28.0,28,1
MCCOWAN AND PITTFIELD,10.0,10,1
MCCOWAN AND PROGRESS,15.0,15,1
MCCOWAN AND RAYMERVILL,21.333333333333332,64,3
MCCOWAN AND SANDHURST,17.333333333333332,208,12
MCCOWAN AND SHEPPARD,18.66176470588235,2538,136
MCCOWAN AND SHEPPARD (,15.0,15,1
MCCOWAN AND SIXTEENTH,30.0,30,1
MCCOWAN AND SIXTHEENTH,30.0,30,1
MCCOWAN AND SOUTH UNIO,26.333333333333332,79,3
MCCOWAN AND SOUTHDALE,22.333333333333332,67,3
MCCOWAN AND ST. ANDREW,10.0,10,1
MCCOWAN AND STEEELS,23.0,23,1
MCCOWAN AND STEELES,18.457142857142856,1292,70
MCCOWAN AND STEELES (L,810.0,810,1
MCCOWAN AND STEELS,20.0,20,1
MCCOWAN AND TOWN CENTE,15.0,15,1
MCCOWAN AND TOWN CENTR,7.5,30,4
MCCOWAN AND TRAIL RIDG,14.0,14,1
MCCOWAN AND TRITION,30.0,30,1
MCCOWAN AND TRITON,32.4,648,20
MCCOWAN AND WALKWAY,19.333333333333332,58,3
MCCOWAN AND WARDEN,15.0,15,1
MCCOWAN AND WOODSIDE,28.0,28,1
MCCOWAN ANDSANDHURST C,15.0,15,1
MCCOWAN LOOP @ STEELES,30.0,30,1
MCCOWAN LOOP AT STEELE,0.0,0,1
MCCOWAN S OF STEELES,0.0,0,1
MCCOWAN SCARBOROUGH,13.0,13,1
MCCOWAN YARD,0.0,0,3
MCCOWAN YARD - CAR HOU,0.0,0,1
MCCOWAND AND MARTINDAL,22.0,44,2
MCCOWAND AND SHEPPARD,30.0,30,1
MCCOWAND AND TRAIL RID,30.0,30,1
MCCOWAQN AND CREE,28.0,28,1
MCCOWN AND HUNTINGWOOD,213.0,213,1
MCCOWN AND TOWN CENTRE,12.0,12,1
MCDONALDS TO SEAFORTH,10.0,10,1
MCDONELL AND QUEEN,53.0,53,1
MCDONNEL AND SEAFORTH,18.0,18,1
MCLENNAN AND SUMMERHIL,25.0,25,1
MCLEVIN AND E OF MARKH,20.0,20,1
MCLEVIN AND EMPRINGHAM,8.666666666666666,26,3
MCLEVIN AND GREENSPIRE,32.0,96,3
MCLEVIN AND HUPFIELD,23.5,94,4
MCLEVIN AND HUPFLIED,0.0,0,1
MCLEVIN AND MARKHAM,10.666666666666666,32,3
MCLEVIN AND MORNINGSID,9.0,27,3
MCLEVIN AND SHEPPARD,15.0,15,1
MCLEVIN AND TAPSCOTT,11.615384615384615,151,13
MCNAUGHTON AND VICTORY,22.0,22,1
MCNAUGHTON TO EGLINTON,0.0,0,1
MCNICCOLL GARAGE,0.0,0,1
MCNICHOLL AND WARDEN,10.0,10,1
MCNICHOLL GARAGE,10.0,10,1
MCNICOL AND CLEADON,16.0,16,1
MCNICOL AND PHARMACY,12.0,12,1
MCNICOL GARAGE,8.142857142857142,57,7
MCNICOLL,0.0,0,1
MCNICOLL AND AND TAPSC,15.0,15,1
MCNICOLL AND BAYVIEW,114.5,229,2
MCNICOLL AND BEDLE,80.66666666666667,242,3
MCNICOLL AND BIRCHMOUN,42.4,212,5
MCNICOLL AND BOXDENE,0.0,0,1
MCNICOLL AND BRAHMS,10.0,10,1
MCNICOLL AND BRCHMOUNT,16.0,16,1
MCNICOLL AND BRIMLEY,12.25,98,8
MCNICOLL AND CLANSMAN,13.0,26,2
MCNICOLL AND CLEADON,22.0,22,1
MCNICOLL AND DON MILLS,14.0,112,8
MCNICOLL AND DYMANIC,9.0,9,1
MCNICOLL AND DYNAMIC,12.090909090909092,133,11
MCNICOLL AND DYNAMITE,14.0,14,1
MCNICOLL AND DYNANIC,12.0,12,1
MCNICOLL AND EAGLE,22.0,22,1
MCNICOLL AND EAGLE POI,10.0,10,1
MCNICOLL AND HAROLD EV,113.4,567,5
MCNICOLL AND HAWKSHEAD,24.0,24,1
MCNICOLL AND HINES,12.0,12,1
MCNICOLL AND HUTCHCROF,4.5,9,2
MCNICOLL AND INNISLAWN,16.0,16,1
MCNICOLL AND IRONSIDE,14.5,58,4
MCNICOLL AND KENNEDY,13.892857142857142,389,28
MCNICOLL AND LESLIE,139.2,696,5
MCNICOLL AND MARKHAM,4.0,4,1
MCNICOLL AND MCCOWAN,34.714285714285715,243,7
MCNICOLL AND MICHAEL,9.5,19,2
MCNICOLL AND MIDDLEFIE,16.944444444444443,305,18
MCNICOLL AND MIDLAND,12.25,147,12
MCNICOLL AND MILIKEN,15.0,15,1
MCNICOLL AND MILLIKEN,15.0,15,1
MCNICOLL AND MOGUL,10.0,10,1
MCNICOLL AND MOGUL DRI,218.0,218,1
MCNICOLL AND MORBANK,22.0,22,1
MCNICOLL AND PHARMACY,7.25,29,4
MCNICOLL AND PICOLA,5.0,10,2
MCNICOLL AND PLACER,18.0,18,1
MCNICOLL AND SEXTON,14.0,14,1
MCNICOLL AND SHADY HOL,14.0,14,1
MCNICOLL AND SILVER SP,49.0,49,1
MCNICOLL AND SILVER ST,14.0,42,3
MCNICOLL AND STATE CRO,22.0,22,1
MCNICOLL AND TAPSCOTT,15.0,15,1
MCNICOLL AND VICTORIA,38.029411764705884,1293,34
MCNICOLL AND WARDEN,26.055555555555557,469,18
MCNICOLL AVE,8.0,8,1
MCNICOLL DIVISION,7.6,76,10
MCNICOLL GARAGE,10.096551724137932,1464,145
MCNICOLL GARAGE - TRAC,15.0,15,1
MCNICOLL GARAGEQ,17.0,17,1
MCNICOLL PARKING LOT,0.0,0,1
MCOWAN AND MCNICOLL,94.0,94,1
MCRAE AND LAIRD,12.0,24,2
MCRAE AND SUTHERLAND,0.0,0,1
MDILAND AND TREEWOOD,25.0,25,1
MEADAOWVALE AND SHEPPA,24.0,24,1
MEADOVALE LOOP,13.0,13,1
MEADOVWALE AND SHEPPAR,0.0,0,1
MEADOVWALE LOOP,23.0,46,2
MEADOWALE AND DEAN PAR,8.0,8,1
MEADOWGLEN PL AND BRIM,10.0,10,1
MEADOWVALE AND 401,7.0,21,3
MEADOWVALE AND CLARESH,12.0,12,1
MEADOWVALE AND DEAN PA,9.0,18,2
MEADOWVALE AND ELLESEM,10.0,10,1
MEADOWVALE AND ELLESME,10.0,100,10
MEADOWVALE AND EUCLID,12.0,12,1
MEADOWVALE AND GENERAT,11.6,58,5
MEADOWVALE AND HWY 401,150.0,150,1
MEADOWVALE AND KINGSTO,13.333333333333334,40,3
MEADOWVALE AND LAVERY,10.0,10,1
MEADOWVALE AND SHEPPAR,22.100775193798448,2851,129
MEADOWVALE AND ZOO,9.142857142857142,64,7
MEADOWVALE BUS LOOP,6.0,6,1
MEADOWVALE LOOP,14.789915966386555,1760,119
MEADOWVALE LOOP (SHEPP,0.0,0,1
MEADOWVALE LOOP - MEAD,9.5,19,2
MEADOWVALE LOOP AND SH,10.333333333333334,62,6
MEADOWVALE LOOP AT SHE,13.0,26,2
MEADOWVALE LOOP- SHEPP,0.0,0,1
MEADOWVALE N OF SHEPPA,12.0,12,1
MEADOWVALE STOP,6.0,6,1
MEADOWVALES LOOP,18.0,18,1
MEADOWVALLE LOOP,12.0,12,1
MEADOWVILLE AND SHEPPA,13.0,13,1
MEADOWVLE AND LAVERY,12.0,12,1
MEDOWVALE AND SHEPPARD,5.0,10,2
MELINDA AND YONGE,0.0,0,1
MERRICK AND INDIAN,8.0,8,1
MERTON AND MT. PLEASAN,20.0,20,1
METRO TORONTO ZOO,13.5,81,6
METRO ZOO,10.0,10,1
METROGATE AND VILLAGE,20.0,20,1
METROPOLITAN AND WARDE,40.0,40,1
MICHAEL POWER SCHOOL,5.0,5,1
MIDALND AND SHEPPARD,20.0,20,1
MIDDLAND AND EGLINTON,0.0,0,1
MIDDLEFEILD AND STEELE,17.0,17,1
MIDDLEFIED AND MCCOWAN,0.0,0,1
MIDDLEFIELD AND ABOR L,20.0,20,1
MIDDLEFIELD AND COMPAS,27.5,55,2
MIDDLEFIELD AND FINCH,24.666666666666668,74,3
MIDDLEFIELD AND MCCOWA,0.0,0,1
MIDDLEFIELD AND MCNICO,25.666666666666668,77,3
MIDDLEFIELD AND NASHDE,32.0,32,1
MIDDLEFIELD AND NEWMIL,30.0,30,1
MIDDLEFIELD AND OPPOSI,30.0,30,1
MIDDLEFIELD AND PASSMO,69.0,276,4
MIDDLEFIELD AND RICHMO,25.0,25,1
MIDDLEFIELD AND SCOTTF,22.0,22,1
MIDDLEFIELD AND STEELE,37.63636363636363,828,22
MIDDLEFIELD LOOP,17.0,136,8
MIDDLEFIELD LOOP (NORT,24.0,24,1
MIDDLEWOOD AND OVERLEA,0.0,0,1
MIDLAN AND STEELES,10.0,10,1
MIDLAND AND 401,12.5,25,2
MIDLAND AND ARTILLERY,18.0,36,2
MIDLAND AND AYLESWORTH,0.0,0,1
MIDLAND AND BAYLAWN,12.0,12,1
MIDLAND AND BENJAMIN,16.0,16,1
MIDLAND AND BOARHILL,20.0,40,2
MIDLAND AND BROADBENT,10.25,41,4
MIDLAND AND BROCKLEY,35.666666666666664,107,3
MIDLAND AND CANADINE,12.0,12,1
MIDLAND AND COPTHORNE,16.0,32,2
MIDLAND AND COSENTINO,11.0,22,2
MIDLAND AND DANFORTH,47.5,475,10
MIDLAND AND DANFORTH R,13.0,26,2
MIDLAND AND DORCOT,18.5,185,10
MIDLAND AND DUXBURY,13.5,27,2
MIDLAND AND EGLINGTON,15.0,15,1
MIDLAND AND EGLINTON,18.40650406504065,2264,123
MIDLAND AND ELLESMERE,28.85148514851485,2914,101
MIDLAND AND ELLLESMERE,12.0,12,1
MIDLAND AND EMBLEM,22.0,22,1
MIDLAND AND FINCH,17.285714285714285,484,28
MIDLAND AND GILDER,17.666666666666668,53,3
MIDLAND AND HAGLEY,18.0,18,1
MIDLAND AND HAVENDALE,9.333333333333334,28,3
MIDLAND AND HUNTINGWOO,86.25,690,8
MIDLAND AND KENNEDY,5.0,5,1
MIDLAND AND KILCULLEN,16.0,48,3
MIDLAND AND KINGSTON,186.0,186,1
MIDLAND AND LAWENCE,15.0,15,1
MIDLAND AND LAWRENCE,18.218487394957982,2168,119
MIDLAND AND LAWRENCE A,15.0,15,1
MIDLAND AND LORD ROBER,12.142857142857142,85,7
MIDLAND AND MARCO,12.0,12,1
MIDLAND AND MARCOS,117.66666666666667,353,3
MIDLAND AND MCNICOLL,37.4375,599,16
MIDLAND AND MIDWEST,37.8,378,10
MIDLAND AND MIDWEST (,11.0,11,1
MIDLAND AND MIDWEST (S,12.0,12,1
MIDLAND AND MIDWEST S,12.0,12,1
MIDLAND AND MILLBRIDGE,56.857142857142854,398,7
MIDLAND AND MILLIKEN,20.0,20,1
MIDLAND AND MONTGOMERY,24.0,24,1
MIDLAND AND NORBURY,49.0,49,1
MIDLAND AND PARK,16.375,131,8
MIDLAND AND PASSMORE,49.42857142857143,346,7
MIDLAND AND PITFIELD,20.0,40,2
MIDLAND AND PITFILED,12.0,12,1
MIDLAND AND PRIDENTIAL,15.0,15,1
MIDLAND AND PROGRESS,35.0,175,5
MIDLAND AND PRUDENTIAL,10.4,52,5
MIDLAND AND ROMULUS,12.454545454545455,137,11
MIDLAND AND ROMULUS DR,8.0,8,1
MIDLAND AND RURAL,10.0,10,1
MIDLAND AND S SHIELDS,10.0,10,1
MIDLAND AND SALOME,5.333333333333333,16,3
MIDLAND AND SHEPPARD,20.975,839,40
MIDLAND AND SILVER STA,13.25,53,4
MIDLAND AND SLEELES,10.0,10,1
MIDLAND AND SOUTH SHIE,5.0,5,1
MIDLAND AND ST CLAIR,10.0,10,1
MIDLAND AND ST. CLAIR,25.0,25,1
MIDLAND AND STANSBURY,111.6,558,5
MIDLAND AND STEELES,29.27027027027027,2166,74
MIDLAND AND STEELES (S,6.0,12,2
MIDLAND AND STEELES TO,0.0,0,1
MIDLAND AND TARA,3.6,18,5
MIDLAND AND TARA (BETW,80.0,80,1
MIDLAND AND TOWN HAVEN,0.0,0,1
MIDLAND AND TREEWOOD,13.0,39,3
MIDLAND AND VERDUN,77.25,309,4
MIDLAND AND WAINFLEET,17.142857142857142,120,7
MIDLAND AND WEYBRIGHT,13.5,27,2
MIDLAND AND WILKIE,22.0,22,1
MIDLAND AND WILKIE AVE,30.0,30,1
MIDLAND AND WOLFE,16.0,16,1
MIDLAND AVENUE AND KIL,16.0,16,1
MIDLAND MCNICOLL,16.0,16,1
MIDLAND MIDWEST,8.0,8,1
MIDLAND SOUTH OF ELLES,15.0,15,1
MIDLAND STEELES,10.0,10,1
MIDLAND TO KENNEDY STA,10.0,10,1
MIDLANT AND LAWRENCE,12.0,12,1
MIDLLAND AND SHEPPARD,15.0,15,1
MIITARY TRAIL AND MORN,16.0,16,1
MILATARY TRAIL AND ELL,22.0,22,1
MILDAND AND ELLESMERE,27.0,27,1
MILDAND AND STEELES,10.0,10,1
MILDWOOD AND OVERLEA T,0.0,0,1
MILFORD HAVEN AND NEWA,0.0,0,1
MILIKEN AND FINCH,0.0,0,1
MILIKEN BLVD,13.0,13,1
MILILTARY TRAIL AND EL,81.0,81,1
MILITARY AND MORNINGSI,24.0,24,1
MILITARY TR AND PAN AM,20.0,20,1
MILITARY TRAIL AND CON,16.333333333333332,49,3
MILITARY TRAIL AND ELL,17.875,286,16
MILITARY TRAIL AND GLA,15.0,15,1
MILITARY TRAIL AND MOR,54.61904761904762,1147,21
MILITARY TRAIL AND OLD,11.666666666666666,35,3
MILITARY TRAIL AND PAN,18.0,90,5
MILITARY TRAIL AND UNI,9.0,27,3
MILITARY TRAIL AND UOF,15.0,15,1
MILITARY TRAIL LOOP (U,6.0,6,1
MILITARY TRAIL U OF T,10.0,10,1
MILITARY TRAILA ND MOR,5.0,5,1
MILITARYTRAIL AND ELLE,15.0,15,1
MILITRAY TRAIL AND ELL,12.0,12,1
MILL AND BURNHAMTHORPE,14.0,42,3
MILL AND BURNHAMTHROPE,20.0,20,1
MILL AND CHERRY,26.8,134,5
MILL AND COOPERAGE (E,18.0,18,1
MILL AND PARLIAMENT,63.5,127,2
MILL AND RATHBURN,20.5,164,8
MILL AND TANNERY,52.5,105,2
MILL AND TRINITY,15.0,60,4
MILL AT BURNHAMTHORPE,20.0,20,1
MILL LOOP,19.5,39,2
MILL RD AND BURNHAMTHO,14.0,14,1
MILL RD AND RATHBURN,30.0,30,1
MILL RD AND TOLEDO,16.0,16,1
MILL RD LOOP,20.5,82,4
MILL ROAD LOOP,22.4,224,10
MILLAND AND OVERLEA,8.0,8,1
MILLER AND MARKHAM,0.0,0,2
MILLIKEN AND MCNICOLL,6.0,6,1
MILLIKEN AND TROJAN,7.0,7,1
MILLIKEN GO,16.0,16,1
MILLIKEN GO STATION,13.75,55,4
MILLNER AND MARKHAM,0.0,0,1
MILLWAY AVE AND NEW PA,0.0,0,1
MILLWOOD AAND OVERLEA,0.0,0,1
MILLWOOD AN OVERLEA,0.0,0,1
MILLWOOD AND DON MILLS,16.666666666666668,50,3
MILLWOOD AND DONLANDS,5.75,23,4
MILLWOOD AND LAIRD,45.333333333333336,136,3
MILLWOOD AND MCRAE,15.0,15,1
MILLWOOD AND OVERLEA,4.333333333333333,286,66
MILLWOOD AND OVERLEA B,10.0,10,1
MILLWOOD AND OVERLEA T,0.0,0,4
MILLWOOD AND OVERLEAD,0.0,0,1
MILLWOOD AND OVERLEY T,0.0,0,1
MILLWOOD AND OVERLY TO,0.0,0,1
MILLWOOD AND PAPE,5.0,10,2
MILLWOOD AND RANDOLPH,26.0,52,2
MILLWOOD AND REDWAY,12.0,36,3
MILLWOOD AND SOUTHVALE,49.5,99,2
MILLWOOD BRIDGE,40.0,280,7
MILLWOOD OVERLEA,0.0,0,1
MILLWOOD OVERLEA TO DO,0.0,0,1
MILLWOOD RD AND PAPE,0.0,0,1
MILLWOOD RD BETWEEN PA,0.0,0,1
MILNER AND BURROWS HAL,24.0,72,3
MILNER AND CINEMART,20.0,80,4
MILNER AND EXECUTIVE,44.0,44,1
MILNER AND MARKHAM,18.11111111111111,326,18
MILNER AND MCCOWAN,36.0,396,11
MILNER AND MID-DOMINIO,22.0,22,1
MILNER AND MURISON,10.0,10,1
MILNER AND NEILSON,11.0,22,2
MILNER AND PROGRESS,19.375,155,8
MILNER AND SCUNTHORPE,17.25,69,4
MILNER ANDMARKHAM,25.0,25,1
MILNER AVE AND MARKHAM,30.0,30,1
MILTARY TRAIL AND ELLE,5.0,5,1
MILVAN AND FINCH,9.0,9,1
MILVAN AND MILLWICK,15.0,15,1
MILVAN AND PENN,41.625,333,8
MILVAN AND PENN DR,13.0,26,2
MILVAN AND TORYORK,20.0,20,1
MILWOD AND SOUTHWALVE,0.0,0,1
MILWOOD AND DONLANDS,11.0,11,1
MILWOOD AND MCRAE,26.0,26,1
MILWOOD AND OVERLEA,1.5,9,6
MILWOOD AND OVERLEA T,0.0,0,1
MILWOOD AND OVERLEA TO,0.0,0,2
MILWOOD AND PAPE,15.0,15,1
MILWOOD RD - PAPE AVEN,0.0,0,1
MILWOOD SNF OVERLEA,23.0,23,1
MIMICO AND LAKE SHORE,9.75,78,8
MIMICO AND LAKESHORE,8.666666666666666,104,12
MIMICO AND LAKESHORE B,10.5,21,2
MIMICO AND ROYAL YORK,9.5,57,6
MINGAY (MARKHAM TO HAM,752.0,752,1
MINGAY AND CASTLEMORE,0.0,0,1
MINGAY AND MAJOR MCKEN,30.0,30,1
MINGAY AND MAKOR MACKE,20.0,20,1
MIORNIGNSIDE AND JOHN,7.0,7,1
MISLAND AND STEELES,12.0,12,1
MM8P+85,12.0,12,1
MOANINGSIDE AND MORNIN,15.0,15,1
MONINGSIDE AND TAMS,8.0,8,1
MONTRESSOR AND TROON,25.0,25,1
MOORE AND BAYVIEW,194.0,194,1
MOORE AND BRENDAN,24.666666666666668,74,3
MOORE AND LUMLEY,27.0,27,1
MOORE AND ORCHARD GREE,25.0,25,1
MOORE AND WELLAND,285.0,285,1
MOORE AND YONGE,30.0,30,1
MOORE PARK AND YONGE,37.285714285714285,261,7
MORE PARK AND YONGE,25.0,25,1
MORECAMBE AND VICTORIA,15.0,15,1
MORINGSIDE AND FINCH,6.5,13,2
MORISH AND ELLESMERE,8.0,8,1
MORNIGSIDE AND PAN AM,108.0,108,1
MORNIGSIDE AND RUNNYME,10.0,10,1
MORNIGSIDE AND SHEPPAR,8.0,8,1
MORNIGSIDE AND TAMS RD,8.0,8,1
MORNING SIDE AND LAWRE,10.0,10,1
MORNING SIDE AND SHEPP,8.0,8,1
MORNING STAR AND AIRPO,95.0,95,1
MORNING STAR AND GOREW,21.5,43,2
MORNING STAR AND HIGHW,11.0,11,1
MORNING VIEW AND OLD F,8.0,8,1
MORNING VIEW TRAIL AND,20.0,20,1
MORNINGDEW AND MORNING,20.0,20,1
MORNINGIDE AND STAINES,0.0,0,1
MORNINGISDE AND FINCH,14.0,28,2
MORNINGISDE AND KINGST,25.0,25,1
MORNINGISDE AND NIGHTS,15.0,15,1
MORNINGISDE AND PASSMO,16.0,16,1
MORNINGISDE AND SHEPPA,8.0,8,1
MORNINGISDE AND STAINE,9.0,9,1
MORNINGISDE AND WINDER,5.0,5,1
MORNINGSIDE (AMAZON WA,8.0,8,1
MORNINGSIDE AND (SOUTH,8.0,8,1
MORNINGSIDE AND 401,8.5,17,2
MORNINGSIDE AND 401 RA,7.0,7,1
MORNINGSIDE AND BEATH,4.0,8,2
MORNINGSIDE AND CASERD,17.0,17,1
MORNINGSIDE AND CINEMA,13.0,143,11
MORNINGSIDE AND CORONA,17.0,119,7
MORNINGSIDE AND CUMBER,5.2,26,5
MORNINGSIDE AND DANZIG,81.0,486,6
MORNINGSIDE AND DAZING,10.0,10,1
MORNINGSIDE AND DURIE,328.3333333333333,985,3
MORNINGSIDE AND ELLESE,8.0,8,1
MORNINGSIDE AND ELLESM,16.43820224719101,1463,89
MORNINGSIDE AND FICNH,15.0,15,1
MORNINGSIDE AND FINCH,9.805309734513274,1108,113
MORNINGSIDE AND FINH,10.0,10,1
MORNINGSIDE AND FORDOV,8.0,16,2
MORNINGSIDE AND GORE W,202.0,202,1
MORNINGSIDE AND GREYAB,10.0,10,1
MORNINGSIDE AND GUILDW,10.0,10,1
MORNINGSIDE AND HALFWA,7.428571428571429,52,7
MORNINGSIDE AND HIGHWA,8.666666666666666,26,3
MORNINGSIDE AND HWY 40,8.5,17,2
MORNINGSIDE AND JOHN S,8.0,64,8
MORNINGSIDE AND KINGST,17.029411764705884,579,34
MORNINGSIDE AND LAVINI,12.5,25,2
MORNINGSIDE AND LAWREN,12.45945945945946,461,37
MORNINGSIDE AND LING,9.0,18,2
MORNINGSIDE AND MCLAVI,0.0,0,1
MORNINGSIDE AND MCLEVI,28.705882352941178,488,17
MORNINGSIDE AND MCNICO,15.0,15,1
MORNINGSIDE AND MILITA,40.421052631578945,768,19
MORNINGSIDE AND MILNER,16.0,256,16
MORNINGSIDE AND MILTAR,10.0,10,1
MORNINGSIDE AND MORNIN,12.333333333333334,74,6
MORNINGSIDE AND N OF P,9.0,9,1
MORNINGSIDE AND NEILSO,7.571428571428571,53,7
MORNINGSIDE AND NETHER,20.0,20,1
MORNINGSIDE AND NIGHST,12.5,25,2
MORNINGSIDE AND NIGHTS,20.885714285714286,731,35
MORNINGSIDE AND OASIS,32.0,64,2
MORNINGSIDE AND OLD FI,20.676470588235293,703,34
MORNINGSIDE AND PAN AM,4.8,24,5
MORNINGSIDE AND PASSMO,9.375,1200,128
MORNINGSIDE AND PIXLEY,10.0,10,1
MORNINGSIDE AND PLAINT,8.0,16,2
MORNINGSIDE AND PLANTA,10.2,51,5
MORNINGSIDE AND PROGRE,12.0,12,1
MORNINGSIDE AND PSSMOR,10.0,10,1
MORNINGSIDE AND RUNNYM,198.0,990,5
MORNINGSIDE AND SEWELL,20.923076923076923,272,13
MORNINGSIDE AND SHEPPA,10.770491803278688,657,61
MORNINGSIDE AND SHEPPR,10.0,10,1
MORNINGSIDE AND STAINE,13.378378378378379,495,37
MORNINGSIDE AND STAINS,12.0,48,4
MORNINGSIDE AND STEELE,8.3125,133,16
MORNINGSIDE AND STELLE,10.0,10,1
MORNINGSIDE AND SWELLS,8.0,8,1
MORNINGSIDE AND TAMS,79.66666666666667,239,3
MORNINGSIDE AND TAPSCO,10.0,10,1
MORNINGSIDE AND TEFFT,10.0,10,1
MORNINGSIDE AND TEFT,8.0,8,1
MORNINGSIDE AND WALKWA,15.0,30,2
MORNINGSIDE AND WARDEN,6.0,6,1
MORNINGSIDE AND WARNSW,28.833333333333332,173,6
MORNINGSIDE AND WINDER,10.0,30,3
MORNINGSIDE ANDSTAINES,20.0,20,1
MORNINGSIDE AT KINGSTO,0.0,0,1
MORNINGSIDE AVE,8.0,8,1
MORNINGSIDE AVE AND N,78.0,156,2
MORNINGSIDE AVE AND PA,0.0,0,1
MORNINGSIDE AVENUE AND,0.0,0,1
MORNINGSIDE SOUTH OF S,8.0,8,1
MORNINGSTAR AND AIRPOR,20.0,40,2
MORNINGSTAR AND CATALP,171.0,171,1
MORNINGSTAR AND GORE W,36.0,36,1
MORNINGSTAR AND GOREWA,17.333333333333332,52,3
MORNINGSTAR AND MCNICO,0.0,0,1
MORNINGSTAR AND NIGHTS,8.0,8,1
MORNINGSTAR DR AND COL,20.0,20,1
MORNINGVIEW AND LITTLE,4.0,4,1
MORNINGVIEW AND MORNIN,10.375,83,8
MORNINGVIEW AND OLD FI,16.214285714285715,227,14
MORNINGVIEW AND RANGEL,13.0,13,1
MORNINGVIEW AND SEWELL,51.666666666666664,310,6
MORNINGVIEW TR AND GEN,26.0,26,1
MORNINGVIEW TRAIL AND,19.923076923076923,518,26
MORNINSIDE AND JOHN ST,16.0,16,1
MORNNGSIDE SOUTH OF MO,13.0,13,1
MORRISH AND ELLESMERE,11.476190476190476,241,21
MORRISH RD AND ELLESME,12.0,12,1
MORTIMER AND CARLAW,22.0,110,5
MORTIMER AND COXWELL,19.333333333333332,58,3
MORTIMER AND DONLANDS,20.0,60,3
MORTIMER AND GREENWOOD,17.666666666666668,53,3
MORTIMER AND INWOOD,37.0,111,3
MORTIMER AND LINSMORE,18.0,18,1
MORTIMER AND LOGAN AVE,20.0,20,1
MORTIMER AND PAPE,60.0,480,8
MORTIMER AND ROOSEVELT,18.0,18,1
MORTIMER AND WOODBINE,19.25,77,4
MOUN DENNIS GARAGE,12.0,12,1
MOUNT DENIS GARAGE,0.0,0,1
MOUNT DENNIS,9.333333333333334,56,6
MOUNT DENNIS DIV BUS S,15.0,15,1
MOUNT DENNIS DIVISION,10.777777777777779,291,27
MOUNT DENNIS DIVISON,10.0,10,1
MOUNT DENNIS GARAGE,11.178861788617887,2750,246
MOUNT DENNIS GARAGE -,0.0,0,1
MOUNT DENNIS GARGAE,10.0,10,1
MOUNT DENNIS GO / UP,22.0,22,1
MOUNT DENNIS LRT STATI,21.333333333333332,64,3
MOUNT DENNIS STATION,16.82051282051282,656,39
MOUNT DENNIS STATION T,0.0,0,1
MOUNT DENNIS TRAFFIC O,0.0,0,1
MOUNT OLIVE STATION,16.0,16,1
MOUNT PLEASANT AND BEL,57.5,115,2
MOUNT PLEASANT AND BRO,20.0,20,1
MOUNT PLEASANT AND DAV,9.0,18,2
MOUNT PLEASANT AND DIN,0.0,0,1
MOUNT PLEASANT AND EGL,17.5,70,4
MOUNT PLEASANT AND GLE,9.0,18,2
MOUNT PLEASANT AND LAW,27.0,54,2
MOUNT PLEASANT AND MAN,25.0,25,1
MOUNT PLEASANT AND MER,28.5,57,2
MOUNT PLEASANT AND MIL,31.0,31,1
MOUNTCASTLE AND STEELE,10.0,10,1
MOUNTCASTLE GATE AND S,10.0,10,1
MOUT DENNIS GARAGE,22.0,22,1
MOWAT AND LIBERTY,30.0,30,1
MT CASTLE GATE AND STE,10.0,20,2
MT DEENIS GARAGE,10.0,10,1
MT DENNIS,15.0,30,2
MT DENNIS DIV,18.0,18,1
MT DENNIS DIV ( RUNNYM,24.0,24,1
MT DENNIS DIVISION,8.5,34,4
MT DENNIS GARAGE,12.4,434,35
MT DENNIS LRT STATION,15.0,15,1
MT DENNIS STATION,17.0,153,9
MT DENNIS STATION - LR,30.0,30,1
MT PLEASANT AND DAVISV,0.0,0,1
MT PLEASANT AND EGLINT,17.0,34,2
MT PLEASANT AND ERSKIN,21.0,21,1
MT PLEASANT AND GLEN E,25.0,25,1
MT PLEASANT AND GLENGO,54.0,108,2
MT PLEASANT AND LAWREN,12.666666666666666,38,3
MT PLEASANT AND MERTON,0.0,0,1
MT PLEASANT AND SOUDAN,20.0,20,1
MT PLEASANT AND ST CLA,412.0,412,1
MT PLEASANT AND TEDDIN,0.0,0,1
MT PLEASENT AND EGLINT,0.0,0,1
MT PLEASENT AND GLEN E,30.0,30,1
MT PLEASENT AND MILWOO,18.0,18,1
MT PLEASSANT AND ST LE,20.0,20,1
MT PLESANT AND BELSIZE,20.0,20,1
MT. DENNIS GARAGE,10.0,10,1
MT. PEASANT AND HEATH,25.0,25,1
MT. PLEASANT AND BELSI,20.0,20,1
MT. PLEASANT AND EGLIN,25.0,25,1
MT.DENNIS STATION,13.0,13,1
MULOCK AND HIRON,0.0,0,1
MULOCK AND HIRONS,44.0,44,1
MUMHAM GATE AND KENNED,320.0,320,1
MUNRO AND GERARD,25.0,25,1
MUNRO AND GERRARD,20.964285714285715,587,28
MURISON AND MILNER,15.0,30,2
MURISON AND SPLIT,24.0,24,1
MURRAY ROSS AND COLUMB,11.0,22,2
MURRAY ROSS AND HAYNES,8.0,8,1
MURRAY ROSS AND KEELE,30.0,30,1
MURRAY ROSS AND SENTIN,113.5,454,4
MURRAY ROSS AND STEELE,25.125,201,8
MURRAY ROSS PKWY AND C,10.0,10,1
MURRAY ROSS PKWY AND K,10.0,10,1
MURRAY ROSS PKWY AND L,12.0,12,1
MURRAY ROSS PKWY AND S,6.0,12,2
MURSION BOULEVARD AND,0.0,0,1
MUSEUM STATION,25.0,25,1
MVCOWAN AND SHEPPARD,22.0,22,1
N QUEEN AND QUEENSWAY,20.0,20,1
N SERVICE ROAD TO W EG,12.0,12,1
NASHDENE AND DYNAMIC,10.2,51,5
NASHDENE AND MARKHAM,12.0,12,1
NEIL AND MCNEIL H.S,20.0,20,1
NEILSON AND 401,10.0,10,1
NEILSON AND BERNER,0.0,0,1
NEILSON AND BLACKWATER,12.0,12,1
NEILSON AND CROW,14.5,29,2
NEILSON AND CROW TR,17.0,17,1
NEILSON AND CROW TRAIL,13.67741935483871,424,31
NEILSON AND CROW TRIAL,18.0,18,1
NEILSON AND ELLESMERE,13.8,69,5
NEILSON AND FINCH,13.666666666666666,82,6
NEILSON AND HWY 401,41.0,41,1
NEILSON AND KEELER,124.0,124,1
NEILSON AND MCLEVIN,32.42857142857143,227,7
NEILSON AND MCLEVIN (S,0.0,0,1
NEILSON AND MILITARY T,62.0,248,4
NEILSON AND MILNER,18.0,216,12
NEILSON AND MILTARY TR,15.0,15,1
NEILSON AND NEILSON PA,13.5,27,2
NEILSON AND OAKMEADOW,12.333333333333334,37,3
NEILSON AND PURPLE DUS,12.0,12,1
NEILSON AND PURPLEDUSK,163.0,163,1
NEILSON AND SEWELLS,15.0,15,1
NEILSON AND SHEPPARD,18.11111111111111,489,27
NEILSON AND TAPSCOTT,33.0,198,6
NEILSON AND TORHAM PLA,15.0,15,1
NEILSON AND WICKSON,49.0,98,2
NEILSON RD AND TOWN CE,15.0,15,1
NEILSON ROAD AND CROW,17.0,34,2
NEPTUEN AND HOTSPUR,50.0,50,1
NEPTUNE AND BATHURST,24.894736842105264,473,19
NEPTUNE AND BAYCREST,55.0,55,1
NEPTUNE AND RAJAH,49.0,245,5
NEPTUNE DRIVE AND BATH,0.0,0,1
NEPTURE AND BATHURST,0.0,0,1
NESS AND YORK MILLS,70.0,210,3
NEVILLE LOOP,0.0,0,1
NEW CASTLE AND ROYAL Y,30.0,30,1
NEW CHERRY AND COMMISS,10.0,10,1
NEW CHERRY AND LAKESHO,10.0,10,1
NEW CHERRY SOUTH OF LA,10.0,10,1
NEW CHERRY ST AND LAKE,0.0,0,1
NEW EGLINTON COMSTOCK,0.0,0,1
NEW GALE GATE AND TAPS,20.0,40,2
NEW GATE AND TAPSCOTT,56.0,56,1
NEW WEST MINSTER AND C,25.0,25,1
NEW WESTMINSTER AND BA,25.166666666666668,151,6
NEW WESTMINSTER AND BE,0.0,0,4
NEW WESTMINSTER AND CE,0.0,0,1
NEWCASTLE AND AUDLEY,12.0,12,1
NEWCASTLE AND WINDSOR,18.5,37,2
NEWGALE AND FINCHDENE,22.5,90,4
NEWGALE GATE AND FINCH,13.125,105,8
NEWGATE AND FINCHDENE,0.0,0,1
NIELSON AND BERNER TRA,12.0,12,1
NIELSON AND CROW TRAIL,17.0,17,1
NIGHSTAR AND MORNINGSI,12.0,24,2
NIGHSTAR AND POGONIA,8.0,8,1
NIGHSTAR AND WHARNSBY,8.0,16,2
NIGHTSTAR AND CRANBERR,11.5,23,2
NIGHTSTAR AND MORNINGS,36.27272727272727,399,11
NIGHTSTAR AND POGONIA,9.0,18,2
NIGHTSTAR AND WHARNSBY,9.625,77,8
NINTH AND GARNET JANES,27.0,27,1
NO LOCATION,20.0,20,1
NO SERVICE BETWEEN KEN,90.0,90,1
NORELCO AND FENMAR,19.0,38,2
NORELCO AND ORMONT,96.0,96,1
NORFINCH AND FINCH,20.0,40,2
NORFINCH AND STEELES,7.0,7,1
NORLECO AND FENMAR,113.0,226,2
NORSEMAN AND ISLINGTON,15.0,15,1
NORTH HUMBER LAND AND,0.0,0,1
NORTH HUMBERLAND AND O,20.0,20,1
NORTH HUMBERLAND AND P,0.0,0,1
NORTH HUMBERLAND PLAYG,10.0,10,1
NORTH OF SPADINA STATI,30.0,30,1
NORTH QUEEN AND ATOMIC,14.5,29,2
NORTH QUEEN AND INDEX,20.0,60,3
NORTH QUEEN AND KIPLIN,8.5,17,2
NORTH QUEEN AND MANSTO,17.0,34,2
NORTH QUEEN AND MEDULL,13.0,13,1
NORTH QUEEN AND NOVA,15.0,30,2
NORTH QUEEN AND NOVA R,15.0,15,1
NORTH QUEEN AND QUEENS,22.5,90,4
NORTH QUEEN AND QUEESW,384.0,384,1
NORTH QUEEN AND THE EA,22.0,66,3
NORTH QUEEN AND THE QU,51.0,255,5
NORTH SERVICE AND EGLI,8.0,72,9
NORTH SERVICE RD AND E,7.0,7,1
NORTH SERVICE ROAD,15.5,31,2
NORTH SERVICE ROAD AND,14.4,72,5
NORTH YORK GENERAL HOS,20.2,101,5
NORTHEND PARKETTE,12.0,12,1
NORTHHUMBERLAND AND CO,0.0,0,1
NORTHOVER AND SHEPPARD,28.333333333333332,85,3
NORTHUMBERLAND AND OSS,8.666666666666666,26,3
NORTHWEST DR AND AIRPO,9.0,9,1
NORTHWEST GATE AND STE,21.0,42,2
NOT TRACKING,10.0,10,1
NOVA SCOTIA AND MANITO,312.875,2503,8
NOVA SCOTIA AND PRINCE,16.0,16,1
NOVA SCOTIA AVENUE AND,56.666666666666664,170,3
NPETUNE AND BATHURST,0.0,0,1
NUGGEST AND TRANSFER,7.0,7,1
NUGGET AND DOVEDALE,134.0,134,1
NUGGET AND MARKHAM,14.4,72,5
NUGGET AND MARKHAM RD,17.0,17,1
NUGGET AND MCCOWAN,34.333333333333336,309,9
NUGGET AND SHORTING,21.833333333333332,131,6
NUGGET AND TRANSFER,16.0,16,1
NW GATE AND HOWARD MOS,12.0,12,1
O C ONNOR AND AMSTERDA,10.0,10,1
O CONNOR AND DOHME,12.0,12,1
O CONNOR AND DON MILLS,65.0,65,1
O CONNOR AND DONLANDS,0.0,0,1
O CONNOR AND GLENWOOD,15.0,15,1
O CONNOR AND WOOBINE,0.0,0,1
O CONNOR AND WOODBINE,0.0,0,1
O CONOR PAPE,74.0,74,1
O' CONNOR AND PAPE,13.0,13,1
O' CONNOR AND SAMMON,0.0,0,1
O'CONNER AND COXWELL,15.0,15,1
O'CONNER AND CURITY,55.0,55,1
O'CONNER AND DON MILLS,7.0,14,2
O'CONNER AND PAPE,9.0,9,1
O'CONNER AND ST CLAIR,5.0,15,3
O'CONNER AND VICTORIA,15.0,15,1
O'CONNER AND WOODBINE,8.0,8,1
O'CONNOR AND AMSTERDAM,15.0,30,2
O'CONNOR AND ATHLONE,24.0,24,1
O'CONNOR AND BEECHWOOD,8.666666666666666,26,3
O'CONNOR AND BROADVIEW,120.5,241,2
O'CONNOR AND COXWELL,13.875,111,8
O'CONNOR AND CRANBORNE,10.0,20,2
O'CONNOR AND CURITY,5.0,10,2
O'CONNOR AND DOHME,15.166666666666666,91,6
O'CONNOR AND DON MILLS,37.5,75,2
O'CONNOR AND DONLANDS,33.25,133,4
O'CONNOR AND GLEBEMOUN,22.0,22,1
O'CONNOR AND GLENWOOD,7.25,29,4
O'CONNOR AND HOPEDALE,3.0,6,2
O'CONNOR AND MILTON,25.0,25,1
O'CONNOR AND NORTHBROO,26.0,26,1
O'CONNOR AND PAPE,7.534883720930233,324,43
O'CONNOR AND PAPE AVE,6.5,13,2
O'CONNOR AND RALSTON,12.0,12,1
O'CONNOR AND RIVERCOUR,0.0,0,1
O'CONNOR AND SANDRA,10.0,10,1
O'CONNOR AND ST CLAIR,8.6,129,15
O'CONNOR AND ST. CLAIR,10.0,30,3
O'CONNOR AND STANHOPE,4.0,4,1
O'CONNOR AND SUNRISE,64.0,128,2
O'CONNOR AND VICTORIA,11.142857142857142,78,7
O'CONNOR AND WAKUNDA,15.0,30,2
O'CONNOR AND WOODBINE,10.777777777777779,97,9
O'CONNOR AND YARDLEY,10.0,10,1
O'CONNOR DR,9.0,9,1
O'CONNOR DR AND COXWEL,0.0,0,1
O'CONNOR DR AND WOODBI,10.0,10,1
O'CONNOR DRIVE AND PAP,0.0,0,1
O'CONNOT AND HOPEDALE,0.0,0,1
O-CONNOR DRIVE AND SAN,30.0,30,1
O/CONNER AND COXWELL,30.0,30,1
OAK AND GARRY DR,109.0,109,1
OAK AND KNOB HILL,377.0,754,2
OAK AND MEADOW OAK,79.0,79,1
OAK AND MEADOW OAK PLA,36.0,36,1
OAK AND WESTON,26.875,215,8
OAK ST AND WESTON RD,0.0,0,1
OAKDALE AND EDDYSTONE,30.0,30,1
OAKDALE AND FINCH,19.444444444444443,175,9
OAKDALE AND SHEPPARD,17.666666666666668,53,3
OAKWOOD - EGLINTON TO,0.0,0,1
OAKWOOD AND AMHERST,7.0,7,1
OAKWOOD AND ASHBURY AV,15.0,15,1
OAKWOOD AND BURLINGTON,19.5,39,2
OAKWOOD AND CANWAY,10.0,10,1
OAKWOOD AND CLOVELLY,15.0,120,8
OAKWOOD AND CLOVELLY A,5.0,5,1
OAKWOOD AND CONWAY,11.0,55,5
OAKWOOD AND DAVENPORT,16.2,162,10
OAKWOOD AND EAELSDALE,10.0,10,1
OAKWOOD AND EARLSDALE,7.714285714285714,54,7
OAKWOOD AND EDWARD MCL,10.0,10,1
OAKWOOD AND EGLINTON,14.098039215686274,719,51
OAKWOOD AND GLENHURST,18.0,18,1
OAKWOOD AND GLOUCESTER,38.0,114,3
OAKWOOD AND HANSON,7.0,7,1
OAKWOOD AND HIGHVIEW,252.0,252,1
OAKWOOD AND HOLLAND PA,5.0,5,1
OAKWOOD AND JESMOND,17.285714285714285,121,7
OAKWOOD AND ROGER,10.0,20,2
OAKWOOD AND ROGERS,12.333333333333334,185,15
OAKWOOD AND ROGERS ROA,10.0,10,1
OAKWOOD AND ROSEMOUNT,45.5,182,4
OAKWOOD AND ST CLAIR,69.19047619047619,2906,42
OAKWOOD AND ST CLAIR W,5.0,5,1
OAKWOOD AND ST. CLAIR,131.77777777777777,1186,9
OAKWOOD AND VAUGHAN,11.1875,358,32
OAKWOOD AND VAUGHN,64.0,128,2
OAKWOOD AND WESTON,0.0,0,1
OAKWOOD AVE AND JESMON,30.0,30,1
OAKWOOD BETWEEN ST CLA,23.0,23,1
OAKWOOD LOOP,26.928571428571427,377,14
OAKWOOD TO EGLINTON ST,0.0,0,1
OASIS AND GRACKLE TRAI,12.0,12,1
OASIS AND SEASONS,14.0,42,3
OASIS AND SEASONS DRIV,13.0,13,1
OASIS BLVD AND HUMMING,15.0,15,1
OCONNOR AND GLENWOOD,29.0,29,1
OCONNOR AND GLENWOOD C,0.0,0,1
OCONNOR AND PAPE,6.0,6,1
OCONNOR AND PEPLER,261.0,261,1
OCONNOR AND SAINT HUBE,24.0,24,1
OFUS AND CALEDONIA,0.0,0,1
OLD CHERRY AND COMMISS,9.0,9,1
OLD DUNDAS ST AND DUND,0.0,0,1
OLD FINCH AND BAFFIN,17.0,17,1
OLD FINCH AND BINGLEY,19.0,38,2
OLD FINCH AND HARVEST,13.0,26,2
OLD FINCH AND KENGATE,5.0,10,2
OLD FINCH AND MORNINGS,77.55555555555556,698,9
OLD FINCH AND MORNINGV,17.0,17,1
OLD FINCH AND SEWELLS,242.0,242,1
OLD FINCH AND VALLEY C,14.75,59,4
OLD FINCH NEAR ROUGE,15.0,15,1
OLD KINGSTON AND KINGS,10.5,21,2
OLD KINGSTON AND MILIT,16.0,16,1
OLD KINGSTON AND MORIS,15.0,15,1
OLD KINGSTON AND MORRI,12.0,24,2
OLD KINGSTON RD AND MO,0.0,0,1
OLD KINGSTON ROAD AND,9.0,27,3
OLD LESLIE AND ESTHER,124.0,248,2
OLD LESLIE AND SHEPPAR,182.0,364,2
OLD MILL STAION,12.0,12,1
OLD MILL STATION,15.813953488372093,680,43
OLD MILL STATOIN,24.0,24,1
OLD MILLS STATION,18.5,37,2
OLD STOCK YARD AND ST,30.0,30,1
OLD WESTON AND DAVENPO,5.0,10,2
OLD WESTON AND DAVNPOR,10.0,10,1
OLD WESTON AND DIRECTO,10.0,10,1
OLD WESTON AND KANE,17.333333333333332,52,3
OLD WESTON AND ROCKWEL,11.5,23,2
OLD WESTON AND ROGERS,13.75,55,4
OLD WESTON AND ROWNTRE,10.0,10,1
OLD WESTON AND SIGNET,20.0,20,1
OLD WESTON AND ST CLAI,17.73076923076923,461,26
OLD WESTON AND ST. CLA,10.0,10,1
OLD WESTON AND STEELES,9.961538461538462,259,26
OLD WESTON AND TOWNSLE,30.0,30,1
OLD WESTON AND TURNBER,25.5,102,4
OLD WESTON RD AND KANE,20.0,20,1
OLD WESTON RD AND ROCK,13.0,26,2
OLD WESTON RD AND ST C,20.0,20,1
OLD WESTON RD AND STEE,15.0,15,1
OLD WESTON ROAD AND ST,31.0,31,1
OLD YONGE AND YONGE,10.0,10,1
OLDMILL STATION,28.0,28,1
ON COMMISSIONERS EAST,10.0,10,1
ON DRIFTWOOD BETWEEN S,527.0,527,1
ON EASTERN BETWEEN KNO,643.0,643,1
ON EGLINTON BETWEEN DU,0.0,0,1
ON MCNICOLL BETWEEN MO,0.0,0,1
ON ROUTE,0.0,0,1
ONTARIO AND PRINCESS B,16.0,16,1
ONTARIO PLACE AND PRIN,425.0,425,1
OOKWEMIN AND COMMISSIO,9.0,9,1
OPPOSITE 3526 SHEPPARD,20.0,20,1
OPPOSITE 3671 DUNDAS S,30.0,30,1
OPPOSITE 685 FINCH AVE,10.0,10,1
ORFUS AND CALEDONIA,7.666666666666667,46,6
ORFUS AND DUFFERIN,18.0,18,1
ORFUS AND PAUL DAVID,14.666666666666666,44,3
ORFUS AND PAUL DAVID (,19.0,19,1
ORFUS AND PAUL DAVID S,13.0,13,1
ORILOE PARKWAY AND TRA,0.0,0,1
ORIOLE AND DUGGAN,0.0,0,1
ORIOLE PARKWAY AND AND,70.5,141,2
ORIOLE PARKWAY AND CHA,386.0,386,1
ORIOLE PARKWAY AND COL,367.5,735,2
ORIOLE PARKWAY AND FRO,25.0,25,1
ORIOLE PARKWAY AND GOR,17.5,35,2
ORIOLE PARKWAY AND KIL,25.0,25,1
ORIOLE PKWY ABD EGLINT,28.0,28,1
ORIOLE PKWY AND COLLEG,25.0,25,1
ORIOLE PKWY AND KILBAR,25.0,25,1
ORMONT AMD WESTON,6.0,6,1
ORMONT AND BARMAC,5.571428571428571,78,14
ORMONT AND FENMAR,213.0,426,2
ORMONT AND WESTON,7.641025641025641,298,39
ORMONT AND WESTON RD,7.0,7,1
ORMONT AND WESTON ROAD,10.0,10,1
ORMONT DR AND WESTON,8.0,8,1
ORMONT DRIVE AND WESTO,10.0,20,2
ORMOUNT AND WESTON,10.5,21,2
ORMSKIRK AND RIPLEY,30.0,30,1
ORTON AND BRIMORTON,22.0,22,1
ORTON PARK AND AMBOY,12.0,12,1
ORTON PARK AND BRIMORT,94.6,946,10
ORTON PARK AND ELLESME,15.666666666666666,94,6
ORTON PARK AND LAWRENC,22.0,22,1
ORTON PARK AND SLAN,90.0,180,2
OSGOODE STATION,2.5,5,2
OSSGINTON STATION,20.0,20,1
OSSIGNTON STATION,6.666666666666667,20,3
OSSIGTON AND DUNDAS,6.0,6,1
OSSINGON AND HEPBOURNE,0.0,0,1
OSSINGTON AND ARGYLE,9.4,141,15
OSSINGTON AND BLOOR,42.8421052631579,814,19
OSSINGTON AND BRUCE,10.0,10,1
OSSINGTON AND CHRUCHIL,30.0,30,1
OSSINGTON AND CHURCHHI,6.0,6,1
OSSINGTON AND CHURCHIL,7.5,30,4
OSSINGTON AND COLLEGE,15.55,311,20
OSSINGTON AND COLLGE,5.0,5,1
OSSINGTON AND DAVENPOR,55.23076923076923,718,13
OSSINGTON AND DEWSON,2.5,5,2
OSSINGTON AND DEWSON S,0.0,0,1
OSSINGTON AND DUNDAS,29.073170731707318,1192,41
OSSINGTON AND DUPONT,4.875,78,16
OSSINGTON AND GEARY,120.0,120,1
OSSINGTON AND HALLAM,11.0,88,8
OSSINGTON AND HALLAM S,10.0,10,1
OSSINGTON AND HALLAN,25.0,25,1
OSSINGTON AND HARBOARD,5.0,5,1
OSSINGTON AND HARBORD,15.25,122,8
OSSINGTON AND HARRISIO,120.0,120,1
OSSINGTON AND HARRISON,9.0,18,2
OSSINGTON AND HEPBOURN,20.46153846153846,266,13
OSSINGTON AND HUMBERT,6.0,6,1
OSSINGTON AND LEEDS,19.22222222222222,173,9
OSSINGTON AND NORTHUMB,8.25,33,4
OSSINGTON AND PENDRITH,16.333333333333332,49,3
OSSINGTON AND QUEEN,47.26315789473684,898,19
OSSINGTON AND ROLYAT,10.0,10,1
OSSINGTON AND SALVADOR,8.0,16,2
OSSINGTON AND SHANNON,15.0,15,1
OSSINGTON AND ST CLAIR,10.0,10,1
OSSINGTON AVE AND SALV,2.0,2,1
OSSINGTON S OF HARBORD,10.0,10,1
OSSINGTON STATION,11.820083682008368,2825,239
OSSINGTON STATION @16:,25.0,25,1
OSSINGTON STATION TO M,0.0,0,1
OSSINGTONS STATION,5.0,5,1
OSSINGTTON STATION,30.0,30,1
OSSSINGTON AND ARGILE,28.0,28,1
OUTSIDE OF KIPLING STA,0.0,0,1
OUTSIDE UNION STATION,0.0,0,1
OVEARLEA AND THORNCLIF,7.0,7,1
OVERLAND AND DONWAY,30.0,30,1
OVERLAND AND PAPEBIRCH,30.0,30,1
OVERLEA,9.0,9,1
OVERLEA (MILLWOOD TO D,0.0,0,1
OVERLEA - MILLWOOD TO,0.0,0,1
OVERLEA AND DON MILLS,8.833333333333334,477,54
OVERLEA AND DON MILS,0.0,0,1
OVERLEA AND DONMILLS,82.0,82,1
OVERLEA AND EAST YORK,4.5,9,2
OVERLEA AND LEASIDE,3.75,15,4
OVERLEA AND LEASIDE PA,5.666666666666667,17,3
OVERLEA AND MILLWOOD,8.076923076923077,105,13
OVERLEA AND MILLWOOD T,0.0,0,1
OVERLEA AND MILWOOD AN,0.0,0,1
OVERLEA AND MILWOOD TO,0.0,0,1
OVERLEA AND THONCLIFF,9.0,9,1
OVERLEA AND THORNCLIFE,0.0,0,1
OVERLEA AND THORNCLIFF,18.6046511627907,1600,86
OVERLEA AND THORNCLIIF,0.0,0,1
OVERLEA AND THORNECLIF,6.5,13,2
OVERLEA AND THOTNCLIFF,10.0,10,1
OVERLEA AND THRONCLIFF,4.0,16,4
OVERLEA AND THRONECLIF,9.0,9,1
OVERLEA AND TORNCILFFE,9.0,9,1
OVERLEA AND WEST SIDE,0.0,0,1
OVERLEA AND WILLAM MOR,10.0,10,1
OVERLEA AND WILLIAM MO,5.9411764705882355,101,17
OVERLEA AND WILLSON MO,45.0,45,1
OVERLEA BLVD AND WILLI,4.5,9,2
OVERLEA BOULEVARD AND,10.0,10,1
OVERLEAD AND DON MILLS,10.0,20,2
O`CONNOR AND LINSMORE,24.0,24,1
PACHINO AND PHARMACY,16.0,16,1
PALIAMENT AND WELLSLEY,20.0,20,1
PAN AM AND MORNINGSIDE,12.0,24,2
PANAM AND MORNINGSIDE,10.0,10,1
PAPAE STATION,10.0,10,1
PAPE - FROM FLOYD TO M,96.0,96,1
PAPE AD LIPTON,10.0,10,1
PAPE AND ALDWYCH,243.0,243,1
PAPE AND AND MORTIMER,10.0,10,1
PAPE AND BAIN,7.0,7,1
PAPE AND BAIN AVE,8.0,8,1
PAPE AND CANNING,8.0,32,4
PAPE AND CARLAW,8.0,8,1
PAPE AND CONBURN,10.0,10,1
PAPE AND COSBURN,7.066666666666666,106,15
PAPE AND DANFORTH,21.902439024390244,898,41
PAPE AND DINGWAL,7.0,7,1
PAPE AND DINGWALL,4.25,17,4
PAPE AND DONLANDS,98.76923076923077,1284,13
PAPE AND FLOYD,8.333333333333334,25,3
PAPE AND FULTON,14.5,58,4
PAPE AND GAMBLE,17.6,88,5
PAPE AND GERTRUDE,9.0,9,1
PAPE AND GOWAN,10.0,10,1
PAPE AND HARCOURT,7.0,7,1
PAPE AND HOPEDALE,10.333333333333334,31,3
PAPE AND LANGLEY,5.0,10,2
PAPE AND LINTON,8.0,8,1
PAPE AND LIPTON,8.12,203,25
PAPE AND MILLWOOD,0.0,0,1
PAPE AND MORTIMER,10.0,120,12
PAPE AND MOTIMER,54.0,54,1
PAPE AND O CONNOR,2.25,9,4
PAPE AND O' CONNER,7.0,7,1
PAPE AND O'CONNER,8.5,17,2
PAPE AND O'CONNOR,26.384615384615383,686,26
PAPE AND O'CONNOR DR,0.0,0,1
PAPE AND O'CONNOR TO D,0.0,0,1
PAPE AND OCONNOR,69.66666666666667,209,3
PAPE AND RIVERCOURT,8.5,17,2
PAPE AND RIVERDALE,62.25,249,4
PAPE AND SAMMON,111.0,111,1
PAPE AND SELKIRK,8.666666666666666,26,3
PAPE AND TORRENS,6.0,18,3
PAPE AND WITHROW,8.0,8,1
PAPE AND WROXETER,26.0,26,1
PAPE AND WROXTERE,10.0,10,1
PAPE AVENUE,6.0,6,1
PAPE STATION,14.67123287671233,1071,73
PAPGE AND LIPTON,10.0,10,1
PARIAMENT AND GARDINER,10.0,10,1
PARILAMENT AND QUEEN,9.0,9,1
PARK AND KENNEDY,18.0,18,1
PARK AND KIRKHAM,8.0,16,2
PARK AND KIRKHAMS,21.5,43,2
PARK AND LAWRENCE,30.0,60,2
PARK AND MEWBURN,73.0,73,1
PARK AND MIDLAND,20.571428571428573,144,7
PARK AND SANDOWN,350.0,350,1
PARK CREST AND KINGSTO,12.0,12,1
PARK LANE AND GLENORCH,30.0,30,1
PARK LANE AND LAWRENCE,60.0,60,1
PARK LANE CIR AND LAWR,464.0,464,1
PARK LANE CIRCLE AND L,372.0,372,1
PARK LAWN AND CANNON,14.0,14,1
PARK LAWN AND FGX,15.0,15,1
PARK LAWN AND KEYWELL,10.0,10,1
PARK LAWN AND LAKE SHO,7.0,7,1
PARK LAWN AND LAKESHOR,9.2,46,5
PARK LAWN AND LEGION,30.0,30,1
PARK LAWN AND THE QUEE,177.0,354,2
PARK LAWN AND WANISKA,20.0,20,1
PARK LAWN LOOP,24.75,99,4
PARK RD AND KIRKHAMS,18.0,18,1
PARK ST AND MIDLAND,25.0,25,1
PARK ST. AND MIDLAND,25.0,25,1
PARKETTE AND BIRCHMOUN,80.66666666666667,242,3
PARKING LOT AT 21 ETIE,10.0,10,1
PARKLANE LANE CIRCLE A,369.0,369,1
PARKLAWN AND BARRY,12.0,12,1
PARKLAWN AND BERRY,150.0,150,1
PARKLAWN AND GARDINER,26.0,26,1
PARKLAWN AND LAKESHORE,18.0,18,1
PARKLAWN AND QUEENSWAY,0.0,0,1
PARKLAWN AND RINGLEY,25.0,25,1
PARKLAWN LOOP,42.5,340,8
PARKMAN AND PERTH,30.0,30,1
PARKSIDE AND ALGONQUIN,36.333333333333336,109,3
PARKSIDE AND BLOOR,19.666666666666668,59,3
PARKSIDE AND GARDEN,20.0,20,1
PARKSIDE AND GEOFFREY,20.0,20,1
PARKSIDE AND HIGH PARK,121.0,242,2
PARKSIDE AND HOWARD,7.5,15,2
PARKSIDE AND INDIAN VA,20.0,20,1
PARKSIDE AND LAKESHORE,16.0,16,1
PARKSIDE AND QUEENSWAY,30.0,30,1
PARKSIDE AND RIDOUT,20.0,20,1
PARKSIDE DRIVE AND QUE,10.0,10,1
PARKVIEW HILL AND ASPE,20.666666666666668,62,3
PARKVIEW HILL AND HACK,25.0,25,1
PARKVIEW HILL CRES AND,30.0,30,1
PARKWOOD VILLAGE AND B,25.0,25,1
PARKWOOD VILLAGE AND C,102.0,102,1
PARKWOODS AND BROOKBAN,12.0,24,2
PARKWOODS VILLAGE AND,10.0,130,13
PARLIAMANT AND ST DAVI,226.0,226,1
PARLIAMENT AND ADELAID,35.333333333333336,106,3
PARLIAMENT AND BLOOR,15.866666666666667,238,15
PARLIAMENT AND BLOOR S,10.0,10,1
PARLIAMENT AND CARLTON,20.083333333333332,241,12
PARLIAMENT AND DUNDAS,15.454545454545455,170,11
PARLIAMENT AND FRONT,108.5,217,2
PARLIAMENT AND GARDINE,8.0,8,1
PARLIAMENT AND GERDINE,23.0,23,1
PARLIAMENT AND GERRARD,67.0,737,11
PARLIAMENT AND HOWARD,13.222222222222221,119,9
PARLIAMENT AND JAMES,10.0,20,2
PARLIAMENT AND KING,14.666666666666666,132,9
PARLIAMENT AND LAKE SH,10.5,42,4
PARLIAMENT AND LAKESHO,18.733333333333334,281,15
PARLIAMENT AND MILL,10.5,21,2
PARLIAMENT AND MILL ST,13.0,13,1
PARLIAMENT AND OAK,10.0,30,3
PARLIAMENT AND QUEEN,23.444444444444443,211,9
PARLIAMENT AND QUEEN'S,12.0,12,1
PARLIAMENT AND QUEENS,7.666666666666667,23,3
PARLIAMENT AND RICHMON,37.333333333333336,112,3
PARLIAMENT AND SHUTER,11.75,94,8
PARLIAMENT AND SHUTTER,15.0,30,2
PARLIAMENT AND ST JAME,14.333333333333334,86,6
PARLIAMENT AND WELLESE,9.0,9,1
PARLIAMENT AND WELLESL,26.0,182,7
PARLIAMENT AND WESLEY,20.0,20,1
PARLIAMENT AND WINCHES,12.5,100,8
PARLIAMENT AND WINDCHE,13.0,13,1
PARLIAMENT ST,23.0,23,1
PARLIAMNET AND RICHMON,0.0,0,1
PARLIEMENT AND CARLTON,0.0,0,1
PARLIMENT AND ADELAIDE,11.0,11,1
PARLIMENT AND DUNDAS,35.0,35,1
PARLIMENT AND KING,13.0,13,1
PARMACY AND CRAIGTON,0.0,0,1
PARMACY AND MCNICOLL,30.0,30,1
PASSMORE AND KENNEDY,10.0,10,1
PASSMORE AND MARKHAM,60.0,120,2
PASSMORE AND MIDLAND,25.333333333333332,76,3
PASSMORE AND MILLIKEN,10.0,30,3
PASSMORE AND MORNINGSI,9.066666666666666,136,15
PASSMORE AND TAPSCOTT,76.5,153,2
PASSMORE ASND MORNINGS,6.0,6,1
PATTEN BUILDING,0.0,0,2
PEARON AIRPORT TERMINA,12.0,12,1
PEARONS AIRPORT TERMIN,22.0,22,1
PEARS AND BEDFORD,30.0,30,1
PEARSON - TERMINAL 3 A,0.0,0,1
PEARSON AIPORT,12.0,12,1
PEARSON AIRPORT,10.604651162790697,456,43
PEARSON AIRPORT (TERMI,7.0,28,4
PEARSON AIRPORT - TER,23.5,47,2
PEARSON AIRPORT - TERI,30.0,30,1
PEARSON AIRPORT - TERM,8.36,209,25
PEARSON AIRPORT -TERMI,3.75,15,4
PEARSON AIRPORT AND KI,0.0,0,1
PEARSON AIRPORT T 3,0.0,0,2
PEARSON AIRPORT T1,0.0,0,1
PEARSON AIRPORT T3,15.0,30,2
PEARSON AIRPORT TERMI,0.0,0,1
PEARSON AIRPORT TERMIN,18.530973451327434,2094,113
PEARSON AIRPORT TREMIN,2.5,5,2
"PEARSON AIRPORT, TERMI",6.666666666666667,40,6
PEARSON AIRPORT- TERMI,10.0,10,1
PEARSON AIRPORT; TERMI,0.0,0,1
PEARSON AIRPRORT,28.0,28,1
PEARSON AND TERMINAL 3,9.0,9,1
PEARSON INTERNATIONAL,14.666666666666666,44,3
PEARSON T3 ARRIVALS,9.0,9,1
PEARSON TERMINAL,15.0,15,1
PEARSON TERMINAL 1,27.0,108,4
PEARSON TERMINAL 1- AR,0.0,0,1
PEARSON TERMINAL 3,10.222222222222221,92,9
PEARSON TERMINAL 3 - D,0.0,0,1
PEARSON TERMINAL 3 - P,15.0,15,1
PEARSON TERMINAL 3 ARR,0.0,0,1
PEARSON TERMNINAL 3,0.0,0,1
PEASON AIRPORT TERMINA,9.5,19,2
PECKHAM AND CACTUS,24.0,24,1
PECKHAM AND CACTUS (ST,22.0,22,1
PECKHAM AND DONNALYN,20.0,20,1
PECKHAM AND PLEASANT,22.0,22,1
PELMO AND CHURCH,226.5,453,2
PELMO AND QUEENSLEA,388.0,388,1
PELMO AND UPHILL,29.0,29,1
PENWORTH AND CROSLAND,33.57142857142857,235,7
PENWORTH AND PHARMACY,16.0,80,5
PERASON AIRPORT TERMIN,10.0,10,1
PERSON AIRPORT - TERMI,9.0,9,1
PERSON AIRPORT TEMINAL,0.0,0,1
PERSON AIRPORT TERMINA,8.0,24,3
PERSON AIRPORT TREMINA,10.0,10,1
PERTH AND WALLACE,0.0,0,1
PESON AIRPORT TERMINAL,10.0,10,1
PETER KAISER AND STEEL,2.0,8,4
PETER KAISER GATE AND,19.0,19,1
PETER KAIZER AND STEEL,87.0,87,1
PETRILIA AND STEELES,50.0,50,1
PETROLIA AND CANARCTIC,9.0,9,1
PETROLIA AND STEELES,46.4,232,5
PETROLIA AND WILDCAT,29.0,29,1
PETROLIA RD AND STEELE,0.0,0,1
PHAMACY AND SURREY,16.0,16,1
PHARAMACY AND BOLSTER,15.0,15,1
PHARAMCY AND ALVINSTON,30.0,30,1
PHARAMCY AND EGLINTON,86.0,86,1
PHARMACEY AND DAWES,10.0,10,1
PHARMACY AND ASHTONBEE,39.666666666666664,119,3
PHARMACY AND BISCAYNE,8.0,32,4
PHARMACY AND BOLSTER,0.0,0,1
PHARMACY AND BRAIN,70.0,70,1
PHARMACY AND BRIAN,13.0,26,2
PHARMACY AND CAMILLA,12.0,24,2
PHARMACY AND CHRISTINA,12.666666666666666,38,3
PHARMACY AND COMSTOCK,10.2,102,10
PHARMACY AND CRAIGHTON,22.5,45,2
PHARMACY AND CRAIGTON,16.5,132,8
PHARMACY AND DANFORTH,15.0,15,1
PHARMACY AND DAWES,6.0,6,1
PHARMACY AND DENTON,80.8,404,5
PHARMACY AND DEWEY,18.0,18,1
PHARMACY AND DEWEY DRI,90.0,90,1
PHARMACY AND DOLPHIN,8.4,42,5
PHARMACY AND DOLPHINE,148.0,148,1
PHARMACY AND DONSIDE,40.666666666666664,122,3
PHARMACY AND EGLINTON,17.142857142857142,360,21
PHARMACY AND ELLESMERE,16.75,134,8
PHARMACY AND ELM BANK,10.0,10,1
PHARMACY AND FINCH,36.0,180,5
PHARMACY AND FLORENS,188.0,188,1
PHARMACY AND GLENDINNI,30.0,30,1
PHARMACY AND HOLSWADE,5.0,10,2
PHARMACY AND HUNTINGDA,30.0,30,1
PHARMACY AND HUNTINGWO,30.0,60,2
PHARMACY AND INNISDALE,17.0,34,2
PHARMACY AND JANET,23.0,46,2
PHARMACY AND KELLYVALE,30.0,30,1
PHARMACY AND KELLYWALE,10.0,10,1
PHARMACY AND KNIFGHTSB,26.0,26,1
PHARMACY AND LAWRENCE,14.214285714285714,199,14
PHARMACY AND LEAHURST,16.0,16,1
PHARMACY AND MCNICOLL,32.4,162,5
PHARMACY AND NOREEN,7.0,7,1
PHARMACY AND PACHINO,24.25,97,4
PHARMACY AND PENAIRE,13.5,27,2
PHARMACY AND PENWORTH,18.0,18,1
PHARMACY AND PINEMEADO,30.0,30,1
PHARMACY AND PRINCEWAY,10.25,41,4
PHARMACY AND RANNOCK,13.0,39,3
PHARMACY AND S OF STEE,30.0,30,1
PHARMACY AND SHEPPARD,44.57142857142857,312,7
PHARMACY AND SHERWOOD,14.333333333333334,43,3
PHARMACY AND SINGLETON,10.0,10,1
PHARMACY AND ST CLAIR,33.22222222222222,299,9
PHARMACY AND ST. CLAIR,16.0,16,1
PHARMACY AND STAMFORD,16.0,16,1
PHARMACY AND STEELES,30.0,90,3
PHARMACY AND SUNDRIDG,16.0,16,1
PHARMACY AND SUNDRIDGE,10.0,10,1
PHARMACY AND SURREY,55.0,275,5
PHARMACY AND TEESDALE,23.5,94,4
PHARMACY AND VERNON,15.0,15,1
PILKINGTON AND OATES,20.0,20,1
PINCES' GATES,16.0,16,1
PINE AND LAWRENCE,12.886363636363637,567,44
PINE AND WRIGHT,17.5,70,4
PINE AND YORK,16.0,16,1
PIONEER STATION,20.0,40,2
PIONEER VIILLAGE STATI,10.0,10,1
PIONEER VILAGE STATION,7.666666666666667,23,3
PIONEER VILLAG STATION,12.0,12,1
PIONEER VILLAGE,11.6875,187,16
PIONEER VILLAGE SOUTH,14.0,14,1
PIONEER VILLAGE STATIO,11.128390596745026,6154,553
PIONEER VILLAGE STN,11.5,23,2
PIONEER VILLAGE STTION,7.0,7,1
PIONEER VILLAGESTATION,8.0,8,1
PIONEER VILLE STATION,15.0,15,1
PIONEER VILLEGE STATIO,0.0,0,1
PIONEER VILLGAE STATIO,7.0,7,1
PIONEERE VILLAGE STATI,20.0,20,1
PIONER VILLAGE STATION,30.0,30,1
PIONMEER VILLAGE STATI,15.0,15,1
PIONNEER VILLAGE STATI,10.0,10,1
PIONNER VILLAGE STATIO,11.416666666666666,137,12
PIOPNEER VILLAGE STATI,14.0,14,1
PIUONEER VILLAGE,20.0,20,1
PLEASAND AND AVOCA,9.0,9,1
PLEASANT AND AVOCA,24.375,195,8
PLEASANT AND VICOTRIA,30.0,30,1
PLEASANT AND YONGE,8.5,17,2
PLEASANT AND YONGE (ST,28.0,28,1
PLEASANT BLVD OUTSIDE,17.0,17,1
PLEASANT VIEW AND BRIA,5.0,5,1
POLSON AND CHERRY,15.0,15,1
POND AND ARBORETUM,20.0,20,1
POND AND IAN MACDONALD,10.0,10,1
POND AND SENECA,10.0,10,1
POPE JOHN PAUL SCHOOL,22.0,22,1
PORT ROYAL TRAIL AND S,0.0,0,1
PORT UNION AND ADENMOR,15.333333333333334,46,3
PORT UNION AND CLAPPIS,12.0,60,5
PORT UNION AND CONFERE,21.2,106,5
PORT UNION AND LAWRENC,14.636363636363637,161,11
PORT UNION AND MEADOWV,20.0,20,1
PORT UNION AND RAVINE,12.8,64,5
PORT UNION AND WINTER,15.0,15,1
PORT UNION ROAD AND TI,15.0,15,1
PORTALND AND AUDLEY,0.0,0,1
PORTLAND AND AUDLEY,100.0,100,1
PORTLAND AND GRAND AVE,0.0,0,1
PORTLAND AND MILTON,509.6666666666667,3058,6
PORTLAND AND ROYAL YOR,14.0,42,3
POST AND BAYVIEW,30.0,60,2
POTTERY ROAD AND BAYVI,30.0,30,1
PRETROLIA AND STEELES,10.0,10,1
PRINCE AND NOVA SCOTIA,711.0,711,1
PRINCE ARTHUR AND BEDF,21.666666666666668,65,3
PRINCE ARTHUR AND ST G,0.0,0,1
PRINCE AURTHER AND BED,0.0,0,1
PRINCE AUTHOR AND BEDF,22.0,22,1
PRINCE BLVD AND NOVA S,220.0,220,1
PRINCE EDWARD AND BERR,20.5,41,2
PRINCE EDWARD AND BLOO,35.0,175,5
PRINCE EDWARD AND FAIR,26.0,26,1
PRINCE EDWARD AND GLEN,15.0,15,1
PRINCE'S GATE,188.0,188,1
PRINCE'S GATE LOOP,25.875,207,8
PRINCES AND FRONT,13.0,13,1
PRINCES AND NEWFOUNDLA,6.5,13,2
PRINCES AND NOVA SCOTI,249.0,249,1
PRINCES AND ONTARIO,226.0,2034,9
PRINCES AND STRACHAN,44.0,44,1
PRINCES BLVD,453.0,453,1
PRINCES BLVD AND ONTAR,12.0,12,1
PRINCES GATE,9.0,18,2
PRINCES GATE LOOP,9.0,18,2
PRINCES GATE TO WILSON,0.0,0,1
PRINCES GATES,10.0,20,2
PRINCES LOOP,0.0,0,1
PRINCES' AND MANITOBA,813.0,813,1
PRINCES' AND ONTARIO,17.0,17,1
PRINCES' BLVD AND MANI,97.0,97,1
PRINCES' BLVD AND NEWF,5.0,5,1
PRINCES' BOULEVARD AND,236.5,473,2
PRINCES' GATE,17.0,17,1
PRINCES' GATE LOOP,88.8,444,5
PRINCES' GATES,16.0,16,1
PRINCES' GATES AND CAN,16.0,16,1
PRINCES' GATES LOOP,0.0,0,1
PRINCES'S GATE,16.0,16,1
PRINCESS AND ESPLANADE,185.0,555,3
PRINCESS AND FRONT,153.0,153,1
PRINCESS AND MANITOBA,12.0,24,2
PRINCESS AND NEWFOUNDL,15.0,15,1
PRINCESS AND NOVA SCOT,201.5,403,2
PRINCESS AND ONTARIO P,816.0,816,1
PRINCESS AND THE ESPLA,0.0,0,1
PRINCESS BLVD,10.0,10,1
PRINCESS BLVD AND MANI,111.0,111,1
PRINCESS BLVD AND NOVA,16.0,16,1
PRINCESS BLVD AND ONTA,30.0,60,2
PRINCESS GATE,20.333333333333332,61,3
PRINCESS GATE (CANADA,15.0,15,1
PRINCESS GATE AND MANI,16.0,16,1
PRINCESS GATE LOOP,16.5,99,6
PRINCESS GATE LOPP,20.0,20,1
PRINCESS GATE TO WILSO,0.0,0,2
PRINCESS GATES,16.0,32,2
PRINCESS GATES BLVD,15.0,15,1
PRINCESS GATES LOOP,20.0,20,1
PRINCESS MARGARET AND,31.333333333333332,94,3
PRINCESS' BOULEVARD AN,216.0,216,1
PRIVATE-ROE LOOP,13.0,13,1
PROGESS AND SHEPPARD,10.0,10,1
PROGRESS AND BELLAMY,65.66666666666667,197,3
PROGRESS AND BELLAMY (,14.0,28,2
PROGRESS AND BRIMEY,20.0,20,1
PROGRESS AND BRIMLEY,14.285714285714286,100,7
PROGRESS AND CENTENIAL,8.0,8,1
PROGRESS AND CENTENNIA,56.625,453,8
PROGRESS AND CNTENIAL,10.0,10,1
PROGRESS AND CONSTANTI,15.0,15,1
PROGRESS AND CORPORATE,10.0,10,1
PROGRESS AND COSENTINO,15.0,15,1
PROGRESS AND E/O BELLE,15.0,15,1
PROGRESS AND GRANGEWAY,10.0,10,1
PROGRESS AND KENNEDY,33.0,198,6
PROGRESS AND MARKHAM,35.58181818181818,1957,55
PROGRESS AND MARKHAM R,113.5,227,2
PROGRESS AND MIDLAND,15.166666666666666,91,6
PROGRESS AND MILNER,29.75,238,8
PROGRESS AND ROADWAY,20.0,20,1
PROGRESS AND ROSEBANK,15.0,15,1
PROGRESS AND SCHICK,13.5,27,2
PROGRESS AND SHEPPARD,19.23076923076923,500,26
PROGRESS AND WILLIAM K,64.66666666666667,194,3
PROGRESS AVE AT CENTEN,20.0,20,1
PROMENADE AND EAST PRO,0.0,0,1
PROMENADE AND N PROMAN,36.0,36,1
PROMENADE AND W PROMEN,19.0,19,1
PROMENADE CIRCLE (NW O,25.0,25,1
PROMENADE MALL,20.0,20,1
PROMERNADE CIRCLE AND,0.0,0,1
PUTNAM AND GATE,7.0,7,1
QAKWOOD AND ST CLAIR W,20.0,20,1
QUEEN - EGLINTON - ST,0.0,0,1
QUEEN AND ABELL,8.0,8,1
QUEEN AND ALTON,16.666666666666668,50,3
QUEEN AND BATHURST,0.0,0,1
QUEEN AND BAY,17.75,71,4
QUEEN AND BERKELEY,0.0,0,1
QUEEN AND BROADVIEW,0.0,0,1
QUEEN AND CAMERON,24.0,24,1
QUEEN AND CARLAW,7.0,14,2
QUEEN AND CARROLL,12.0,24,2
QUEEN AND CONNAUGHT,0.0,0,1
QUEEN AND COXWELL,16.714285714285715,117,7
QUEEN AND DAVIES,24.0,24,1
QUEEN AND DOVERCOURT,121.5,243,2
QUEEN AND DUFFERIN,7.85,157,20
QUEEN AND EAST MALL,27.0,27,1
QUEEN AND EASTERN,31.307692307692307,407,13
QUEEN AND GIVINS,5.0,5,1
QUEEN AND GLADSTONE,10.0,10,1
QUEEN AND GREENWOOD,0.0,0,1
QUEEN AND HAMBLY,233.5,467,2
QUEEN AND HILTZ,12.0,24,2
QUEEN AND JARVIS,0.0,0,2
QUEEN AND JONES,19.0,95,5
QUEEN AND KENILWORTH,0.0,0,1
QUEEN AND KINGSTON,14.285714285714286,100,7
QUEEN AND KINGSTON ROA,20.0,20,1
QUEEN AND LAING,24.0,24,1
QUEEN AND LANSDOWEN,4.0,4,1
QUEEN AND LANSDOWNE,7.777777777777778,70,9
QUEEN AND LEE,10.0,10,1
QUEEN AND LESLIE,14.875,119,8
QUEEN AND LOWER OSSING,5.0,5,1
QUEEN AND MACDONELL,12.0,36,3
QUEEN AND MACDONNELL,32.5,65,2
QUEEN AND MANNING,0.0,0,1
QUEEN AND MCDONALD,9.0,9,1
QUEEN AND MCDONELL,0.0,0,1
QUEEN AND MEDULLA,11.0,11,1
QUEEN AND OSSINGTON,14.0,70,5
QUEEN AND PAPE,20.0,40,2
QUEEN AND PARLIAMENT,12.5,75,6
QUEEN AND PARLIMENT,113.0,113,1
QUEEN AND PETER,10.0,10,1
QUEEN AND QUAY AND SHE,22.0,22,1
QUEEN AND RIVER,0.0,0,1
QUEEN AND RONCEVALLES,0.0,0,1
QUEEN AND SHAW,21.5,301,14
QUEEN AND SHERBOURNE,27.0,54,2
QUEEN AND SUDBURY,7.0,21,3
QUEEN AND UNIVERSITY,0.0,0,1
QUEEN AND WHITE SQUIRR,0.0,0,1
QUEEN AND WINEVA,83.23076923076923,1082,13
QUEEN AND WOODBINE,5.666666666666667,17,3
QUEEN AND WOODWARD,0.0,0,1
QUEEN BT CARLAW AND PA,55.0,55,1
QUEEN PARK AND WELLESL,892.0,892,1
QUEEN QUAY AND DOCKSID,12.0,12,1
QUEEN QUAY AND RICHARD,8.0,8,1
QUEEN STATION,0.0,0,1
QUEEN'S PARK AND BLOOR,195.0,390,2
QUEEN'S PARK AND COLLE,25.0,25,1
QUEEN'S PARK AND HART,25.0,25,1
QUEEN'S PARK AND HOSKI,55.0,165,3
QUEEN'S PARK AND WELLE,252.5,505,2
QUEEN'S PARK CIRCLE,24.0,24,1
QUEEN'S PARK CIRCLE AN,205.0,205,1
QUEEN'S PARK CRES AND,196.5,393,2
QUEEN'S PARK CRES E AN,0.0,0,1
QUEEN'S PARK CRESCENT,385.0,385,1
QUEEN'S PLATE AND HIGH,20.0,40,2
QUEEN'S PLATE AND JAND,0.0,0,1
QUEEN'S PLATE AND REXD,9.0,9,1
QUEEN'S PLATE DR,0.0,0,1
QUEEN'S PLATE DR AND R,17.0,34,2
QUEEN'S PLATE DR AND W,0.0,0,1
QUEEN'S PLATE DRIVE,0.0,0,1
QUEEN'S PLATE DRIVE AN,0.0,0,1
QUEEN'S QUAY AND BAY,11.0,22,2
QUEEN'S QUAY AND DOCKS,5.0,10,2
QUEEN'S QUAY AND FREEL,0.0,0,1
QUEEN'S QUAY AND JOHN,6.0,6,1
QUEEN'S QUAY AND LOWER,10.0,10,1
QUEEN'S QUAY AND RICHA,55.0,55,1
QUEEN'S QUAY AND SHERB,0.0,0,1
QUEEN'S QUAY AND YONGE,21.666666666666668,65,3
QUEEN'S QUAY WEST AND,10.0,10,1
QUEENS PARK AND AVENUE,0.0,0,1
QUEENS PARK AND BLOOR,165.0,330,2
QUEENS PARK AND BLOOR`,29.0,29,1
QUEENS PARK AND CHARLE,24.5,49,2
QUEENS PARK AND COLLEG,62.333333333333336,187,3
QUEENS PARK AND HARBOR,93.0,93,1
QUEENS PARK AND HART H,25.0,25,1
QUEENS PARK AND QUEENS,20.0,20,1
QUEENS PARK AND ST JOS,81.66666666666667,245,3
QUEENS PARK AND UNIVER,175.0,350,2
QUEENS PARK AND WELLES,149.5,598,4
QUEENS PARK CIRCLE,39.333333333333336,118,3
QUEENS PARK CIRCLE AT,22.0,22,1
QUEENS PARK CRES AND U,0.0,0,1
QUEENS PARK CRESCENT,82.5,165,2
QUEENS PARK CRESENT AN,779.0,779,1
QUEENS PARK CREST E (,25.0,25,1
QUEENS PARK STATION,0.0,0,1
QUEENS PARKS CRES AND,76.0,76,1
QUEENS PLATE AND HARNE,25.0,25,1
QUEENS PLATE AND HIGHW,15.0,30,2
QUEENS PLATE AND HWY 2,10.0,10,1
QUEENS PLATE AND JANDA,22.666666666666668,68,3
QUEENS PLATE AND REXDA,29.857142857142858,209,7
QUEENS PLATE DR,5.0,10,2
QUEENS PLATE DR AND HA,12.0,12,1
QUEENS QUAY,8.0,8,1
QUEENS QUAY AND BATHUR,3.0,3,1
QUEENS QUAY AND BAY,13.222222222222221,119,9
QUEENS QUAY AND DOCKSI,10.6,53,5
QUEENS QUAY AND FREELA,12.0,12,1
QUEENS QUAY AND JARVIS,20.0,20,1
QUEENS QUAY AND LOWER,14.555555555555555,262,18
QUEENS QUAY AND RICHAR,3.0,12,4
QUEENS QUAY AND SHERBO,12.333333333333334,148,12
QUEENS QUAY AND YONGE,8.4375,135,16
QUEENS QUAY EAST AND L,20.0,20,1
QUEENSBURY AND CLONMOR,141.0,141,1
QUEENSQUAY GARAGE,20.0,20,1
QUEENSWAY AND EAST MAL,80.0,80,1
QUEENSWAY AND ELLIS,0.0,0,2
QUEENSWAY AND EVANS,30.0,30,1
QUEENSWAY AND GRAND,25.0,25,1
QUEENSWAY AND HIGH STR,25.0,25,1
QUEENSWAY AND HUMBERLO,11.0,11,1
QUEENSWAY AND ISLINGTO,24.0,120,5
QUEENSWAY AND KIPLING,18.210526315789473,346,19
QUEENSWAY AND MILTON,40.0,80,2
QUEENSWAY AND NORTH QU,69.28571428571429,485,7
QUEENSWAY AND PARK LAW,30.0,60,2
QUEENSWAY AND PARKLAWN,40.0,40,1
QUEENSWAY AND ROYAL YO,16.125,129,8
QUEENSWAY AND SMITH CR,14.0,14,1
QUEENSWAY AND STEPHEN,19.333333333333332,58,3
QUEENSWAY AND TAYMALL,45.0,45,1
QUEENSWAY AND THE EAST,24.0,24,1
QUEENSWAY AND VANSCO R,20.0,20,1
QUEENSWAY AND WEST MAL,26.0,26,1
QUEENSWAY AND WINDEMER,20.0,20,1
QUEENSWAY AND WINDERME,10.0,30,3
QUEENSWAY DIVISION,10.3,103,10
QUEENSWAY GARAEG,9.0,9,1
QUEENSWAY GARAGE,12.591463414634147,2065,164
QUEENSWAY W OD ISLINGT,27.0,27,1
QUEENWAY GARAGE,22.0,22,1
QUYEENWAY GARAGE,10.0,10,1
RAAB AND HOSPITAL,14.666666666666666,88,6
RAAB AND HOSPITAL RD,22.333333333333332,67,3
RAAB AND WELLNESS WAY,19.0,19,1
RAAB BLOULEVARD AND HO,22.0,22,1
RAAB BLVD AND HOSPITAL,19.5,39,2
RABB AND HOSPITAL,18.0,18,1
RADNOR AND KENNEDY,10.0,10,1
RAILSIDE AND CODECO,18.0,18,1
RAJAH AND RANEE,20.0,20,1
RAJAH AND WASDALE,40.0,40,1
RAJAH STREET AND WASDA,50.0,50,1
RALF AND LAWRENCE,20.0,20,1
RAMP TO EGLINTON AVE E,30.0,30,1
RANEE AND AMEER,20.0,40,2
RANEE AND DUFFERIN,277.0,277,1
RANEE AND FLEMINGTON,27.5,110,4
RANEE AND MIKADO,37.0,37,1
RANEE AND VARNA,45.0,90,2
RANFORTH AND TABARD,24.0,24,1
RANGOON AND ERINGATE,11.0,22,2
RANGOON AND HAGERSVILL,20.5,41,2
RANGOON AND HAGERVILLE,18.0,18,1
RANGOON AND WELLESWORT,12.0,24,2
RANLEIGH AND ST. CLAIR,0.0,0,1
RANNOCK AND PHARMACY,22.75,91,4
RATHBURN AND CEDARLAND,20.0,40,2
RATHBURN AND EAST MALL,7.333333333333333,22,3
RATHBURN AND ISLINGTON,20.666666666666668,62,3
RATHBURN AND KIPLING,16.333333333333332,49,3
RATHBURN AND LLOYD MAN,12.0,12,1
RATHBURN AND MARTIN GR,60.0,120,2
RATHBURN AND MEADOWBAN,20.0,40,2
RATHBURN AND MILL,27.5,55,2
RATHBURN AND MILL RD -,30.0,30,1
RATHBURN AND RENFORTH,16.666666666666668,50,3
RATHBURN AND THE EAST,30.0,60,2
RATHBURN AND THE WEST,24.666666666666668,74,3
RATHBURN AND WEST MALL,28.5,57,2
RATHUBURN AND CENTENNI,15.0,15,1
RAY AND BARTONVILLE,15.0,60,4
RAY AND WESTON,12.5,25,2
RED LEA CUL-DE-SAC,16.0,16,1
REDDINS AND CROSLAND,13.666666666666666,41,3
REDDINS AND CROSLAND D,16.0,16,1
REDDINS AND CROSSLANDS,13.0,26,2
REDGRAVE AND MARTIN GR,20.0,20,1
REDGRAVE AND WATERBURY,0.0,0,1
REDHILL AND HARVIE,24.0,24,1
REDIEA CUL-DE-SAC,15.0,15,1
REDLEA AND STEELES,16.0,48,3
REDLEA BUS LOOP (STEEL,218.0,218,1
REDLEA CUL DE SAC,11.666666666666666,35,3
REDLEA CUL-DE-SAC,18.2,91,5
REDLEA LOOP,18.0,18,1
REDPATH AND EGLINTON,146.66666666666666,440,3
REDULEA CUL-DE-SAC,9.0,9,1
RENDORTH STATION,16.0,16,1
RENFORTH AND CARLINGVI,10.0,10,1
RENFORTH AND EGLINTON,35.5,213,6
RENFORTH AND ELMBROOK,5.0,5,1
RENFORTH AND ERINGATE,15.0,30,2
RENFORTH AND GENTIAN,15.0,15,1
RENFORTH AND HIGHWAY 4,0.0,0,1
RENFORTH AND HWY 401,270.0,270,1
RENFORTH AND SILVER DA,11.0,11,1
RENFORTH DR AND CARLIN,22.0,22,1
RENFORTH DR AND CONAIR,22.0,22,1
RENFORTH DRIVE AND CAR,10.0,10,1
RENFORTH METROLINX STA,0.0,0,1
RENFORTH STATION,13.279329608938548,2377,179
RENFORTH STATION - MIS,16.0,16,1
RENFORTH STATION MISSI,17.0,17,1
RENFORTH STATION TO EG,0.0,0,1
RENFORTH STATIOPN,10.0,10,1
RENFORTH TERMINAL,12.0,12,1
RENFOTH STATION,12.0,12,1
RENTFORTH STATION,12.0,12,1
REXADALE AND MARTIN GR,13.0,13,1
REXDAALE AND PRECISION,20.0,20,1
REXDAL AND QUEENS PLAT,58.0,58,1
REXDALE AND BERGAMOT,33.333333333333336,100,3
REXDALE AND FROST,25.0,50,2
REXDALE AND HIGHWAY 27,6.0,18,3
REXDALE AND HUMBER,0.0,0,1
REXDALE AND HUMBERWOOD,16.6,83,5
REXDALE AND HWY 27,15.0,30,2
REXDALE AND ISLINGON,25.0,25,1
REXDALE AND ISLINGTON,16.923076923076923,220,13
REXDALE AND KIPLING,53.333333333333336,320,6
REXDALE AND MARTIN GRO,16.8,168,10
REXDALE AND MARTINGROV,17.0,34,2
REXDALE AND PRECISION,22.0,22,1
REXDALE AND QUEEN PLAC,30.0,30,1
REXDALE AND QUEEN'S PL,6.666666666666667,20,3
REXDALE AND QUEENS PLA,164.33333333333334,493,3
REXDALE AND QUEENSPLAT,20.0,20,1
REXLEIGH AND FERRIS,14.333333333333334,86,6
REXLEIGH AND GLENWOOD,72.5,290,4
REXLEIGH AND ST CLAIR,10.0,30,3
REXLEIGH AND ST. CLAIR,10.0,10,1
REXLEIGH ANDST CLAIR,18.0,18,1
REXLEIGH DRIVE LOOP,8.0,8,1
RICHGROVE AND MARTIN G,10.0,10,1
RICHGROVE AND MARTINGR,7.0,7,1
RICHGROVE AND WILLOWRI,11.0,11,1
RICHMOND AND BAY,265.5,531,2
RICHMOND W AND SIMCOE,0.0,0,1
RICHVIEW AND MARTIN GR,8.0,8,1
RIDEAU AND LANSDOWNE,9.0,9,1
RIDGECREST AND WILTSHI,30.0,30,1
RIVALDA - DEAD END -,8.0,8,1
RIVALDA AND SHEPPARD,7.181818181818182,79,11
RIVER AND DUNDAS,24.333333333333332,73,3
RIVER AND GERARD,17.0,17,1
RIVER AND GERRARD,21.583333333333332,259,12
RIVER AND KING,15.0,30,2
RIVER AND QUEEN,107.0,321,3
RIVER AND SHUTER,37.5,75,2
RIVER ST AND DUNDAS,53.0,53,1
RIVER STREET AND DUNDA,21.0,21,1
RIVERDALE AND CARLAW,13.75,55,4
RIVERDALE AND PAPE,14.5,87,6
RLANDER,24.0,24,1
RLYANDER AND KINGSTON,12.0,12,1
ROAYL YORK STATION,205.0,205,1
ROBERT HICKS PARK,22.0,22,1
ROBINA AND ST. CLAIR,10.0,10,1
ROBINA AVE,10.0,10,1
ROCKCHIFF BLVD AND ALL,10.0,10,1
ROCKCKIFFE BLVD AND AL,24.0,24,1
ROCKCLIFF AND ALLIANCE,21.5,129,6
ROCKCLIFF AND WOOLNER,14.0,14,1
ROCKCLIFFE AND ALLIANC,25.88888888888889,233,9
ROCKCLIFFE AND CAESAR,20.0,20,1
ROCKCLIFFE AND CEASAR,13.0,13,1
ROCKCLIFFE AND CORBETT,13.75,55,4
ROCKCLIFFE AND HECTOR,11.0,11,1
ROCKCLIFFE AND LAMBTON,5.0,15,3
ROCKCLIFFE AND TERRY,53.0,53,1
ROCKCLIFFE AND WOOLNER,14.666666666666666,44,3
ROCKCLIFFE COURT AND R,0.0,0,1
ROE LOOP,15.833333333333334,475,30
ROGER AND OAKWOOD AVE,5.0,5,1
ROGERS AND BICKNELL,13.6,68,5
ROGERS AND BLACKTHORN,17.0,17,1
ROGERS AND CALEDONIA,48.7,487,10
ROGERS AND DUFFERIN,14.6,146,10
ROGERS AND GILBERT,15.0,30,2
ROGERS AND GLENHOLME,12.666666666666666,38,3
ROGERS AND HARVIE,20.0,20,1
ROGERS AND KEELE,14.2,355,25
ROGERS AND MCROBERTS,20.0,20,1
ROGERS AND NAIRN,10.0,10,1
ROGERS AND NORTHCLIFF,15.0,15,1
ROGERS AND NORTHCLIFFE,3.75,15,4
ROGERS AND OAKWOOD,14.842105263157896,282,19
ROGERS AND OLD WESTON,14.2,71,5
ROGERS AND PROSPECT CE,15.0,15,1
ROGERS AND SCOTT,13.8,69,5
ROGERS AND SILVER THOR,20.0,20,1
ROGERS AND SILVERTHORN,18.5,74,4
ROGERS AND WESTON,14.545454545454545,160,11
ROGERS AND WESTON RD,30.0,30,1
ROGERS AND WESTON ROAD,7.0,7,1
ROGERS ROAD AND HILLAR,20.0,20,1
ROGERS ROAD AND KEELE,20.0,20,1
ROGUE HILL GO STATION,17.0,85,5
RONALD AND CASTLEFIELD,0.0,0,1
RONALD AND EGLINTON,280.0,280,1
RONCESVALES YARD,0.0,0,1
RONCESVALLES AND GRAFT,28.0,28,1
RONCESVALLES AND HIGH,5.0,5,1
RONCESVALLES CAR HOUSE,0.0,0,1
RONCESVALLES CARHOUSE,2.5,5,2
RONCESVALLES DIVISION,0.0,0,1
RONCESVALLES YARD,0.0,0,2
RONCEVALLES DIVISION,0.0,0,1
RONCY AND QUEENSWAY,0.0,0,1
ROSEDALE AND CRESCENT,25.0,25,1
ROSEDALE AND CRESENT,111.0,111,1
ROSEDALE STATION,88.28571428571429,1236,14
ROSELAWN AND AVENUE,9.5,19,2
ROSELAWN AND BATHURST,97.5,780,8
ROSELAWN AND BEOGRAD G,30.0,30,1
ROSELAWN AND CHAPLIN,116.25,465,4
ROSELAWN AND MARLEE,105.0,105,1
ROSEMOUNT AND CHURCH,0.0,0,1
ROSEMOUNT AND IONVIEW,70.0,70,1
ROSEMOUNT AND OAKWOOD,10.0,10,1
ROSSDEAN AND GARYRAY,30.0,30,1
ROSSDEAN AND STEELES,30.0,30,1
ROUGE HIL GO STATION,16.0,16,1
ROUGE HILL GO,11.384615384615385,148,13
ROUGE HILL GO STATION,20.568421052631578,1954,95
ROUGE HILL GO STN,12.0,12,1
ROUGE HILL STATION,16.5,66,4
ROUGE HILL/GUILDWOOD/E,0.0,0,1
ROUGE HILLGO STATION,15.0,15,1
ROUGE RIVER AND SHEPPA,15.0,15,1
ROUGEHILL GO STATION,30.0,30,1
ROUGESIDE AND PROMENAD,30.0,30,1
ROUGH HILL GO STATION,13.666666666666666,82,6
ROUGH HILL STATION,12.0,12,1
ROUTE,0.0,0,1
ROWNTREE AND OLD WESTO,0.0,0,1
ROYAK YORK STATION,24.0,24,1
ROYAL CREST AND HIGHWA,10.0,30,3
ROYAL CREST AND MARTIN,10.0,10,1
ROYAL OAK AND BRIDLEPA,497.0,497,1
ROYAL YORK,30.0,30,1
ROYAL YORK AND ALBANI,8.666666666666666,26,3
ROYAL YORK AND ANGLESE,25.0,75,3
ROYAL YORK AND ANGLESL,0.0,0,1
ROYAL YORK AND ASHLEY,18.666666666666668,112,6
ROYAL YORK AND BAYCRES,19.0,19,1
ROYAL YORK AND BELL RO,12.0,24,2
ROYAL YORK AND BLOOR,13.866666666666667,208,15
ROYAL YORK AND BRAE CR,18.0,18,1
ROYAL YORK AND CASTLEB,7.0,7,1
ROYAL YORK AND CAVELL,9.0,18,2
ROYAL YORK AND COBBLE,12.0,48,4
ROYAL YORK AND CONEY,15.142857142857142,106,7
ROYAL YORK AND COUNTRY,19.0,19,1
ROYAL YORK AND DALESFO,24.6,123,5
ROYAL YORK AND DELROY,18.5,37,2
ROYAL YORK AND DIXON,16.8,84,5
ROYAL YORK AND DRUMMON,15.0,15,1
ROYAL YORK AND EDENBRI,11.0,11,1
ROYAL YORK AND EDGEHIL,0.0,0,1
ROYAL YORK AND EGLINTO,18.083333333333332,217,12
ROYAL YORK AND EVANS,13.875,111,8
ROYAL YORK AND GLENROY,37.0,148,4
ROYAL YORK AND HARTFIE,0.0,0,1
ROYAL YORK AND HILLSID,10.5,21,2
ROYAL YORK AND HORNELL,9.5,19,2
ROYAL YORK AND JUDSON,24.0,72,3
ROYAL YORK AND KING GE,12.0,48,4
ROYAL YORK AND KINGSGR,24.0,24,1
ROYAL YORK AND LA ROSE,28.0,84,3
ROYAL YORK AND LAKE CR,9.0,9,1
ROYAL YORK AND LAKE SH,11.0,22,2
ROYAL YORK AND LAKESHO,11.0,22,2
ROYAL YORK AND LAWRENC,15.5,62,4
ROYAL YORK AND MELROSE,9.333333333333334,28,3
ROYAL YORK AND MIMICO,6.0,42,7
ROYAL YORK AND NEWCAST,10.0,20,2
ROYAL YORK AND NORSEM,10.0,10,1
ROYAL YORK AND NORSEMA,11.11111111111111,100,9
ROYAL YORK AND NORTH Y,24.0,24,1
ROYAL YORK AND OAKFIEL,10.0,10,1
ROYAL YORK AND PORTLAN,15.0,15,1
ROYAL YORK AND QUEENSW,13.0,130,10
ROYAL YORK AND RENAULT,23.0,46,2
ROYAL YORK AND ROMNEY,14.0,14,1
ROYAL YORK AND SIMPSON,12.5,25,2
ROYAL YORK AND SINCLAI,9.5,19,2
ROYAL YORK AND STRATH,134.75,539,4
ROYAL YORK AND SUMMITC,24.0,24,1
ROYAL YORK AND SYMONS,10.0,20,2
ROYAL YORK AND TENBY,15.0,30,2
ROYAL YORK AND THE QUE,15.0,60,4
ROYAL YORK AND THE WES,21.8,218,10
ROYAL YORK AND THOMPSO,12.0,12,1
ROYAL YORK AND TREHORN,35.5,71,2
ROYAL YORK AND VAN DUS,4.5,9,2
ROYAL YORK AND WEST WA,20.0,20,1
ROYAL YORK AND WESTON,17.5,35,2
ROYAL YORK AND WILGAR,72.0,72,1
ROYAL YORK AND YORK,10.0,10,1
ROYAL YORK AND YORK VI,13.333333333333334,40,3
ROYAL YORK AND YORKLEI,24.0,24,1
ROYAL YORK AND YORKVIE,15.0,15,1
ROYAL YORK COUNTRY CLU,26.0,26,1
ROYAL YORK LELAND,10.0,10,1
ROYAL YORK LOOP,18.0,18,1
ROYAL YORK N OF THE QU,5.0,5,1
ROYAL YORK RD AND YORK,10.0,10,1
ROYAL YORK STATIN,24.0,24,1
ROYAL YORK STATION,18.856140350877194,5374,285
ROYAL YORK STN,12.5,25,2
ROYAL YORK STN GREENWV,0.0,0,1
ROYALCREST AND HIGHWAY,10.0,30,3
ROYALCREST RD AND HIGH,48.0,48,1
ROYWOOD AND FENSIDE,14.333333333333334,43,3
ROYWOOD AND FORTUNE CR,30.0,30,1
RUNNEYMEDE STATION,15.0,15,1
RUNNTMEDE AND DUNDAS,22.0,22,1
RUNNYMEADE AND ST. JOH,30.0,30,1
RUNNYMEDE,30.0,30,1
RUNNYMEDE AND ANNETTE,21.333333333333332,256,12
RUNNYMEDE AND BLOOR,100.38888888888889,1807,18
RUNNYMEDE AND COLBECK,13.8,69,5
RUNNYMEDE AND DEFOREST,187.5,375,2
RUNNYMEDE AND DUNDAS,16.4,328,20
RUNNYMEDE AND GLENWOOD,10.0,60,6
RUNNYMEDE AND HENRIETT,17.5,35,2
RUNNYMEDE AND JOHN ST,30.0,30,1
RUNNYMEDE AND MAHER,18.333333333333332,55,3
RUNNYMEDE AND MALNER,15.0,15,1
RUNNYMEDE AND MORNINGI,422.0,422,1
RUNNYMEDE AND MORNINGS,178.5,1428,8
RUNNYMEDE AND RYDING,100.0,200,2
RUNNYMEDE AND ST CLAIR,14.0,140,10
RUNNYMEDE AND ST JOHN,5.0,10,2
RUNNYMEDE AND ST JOHNS,69.0,138,2
RUNNYMEDE AND ST. CLAI,144.25,577,4
RUNNYMEDE AND ST. JOHN,6.0,6,1
RUNNYMEDE AND WEBB,12.5,25,2
RUNNYMEDE BUS PLATFORM,0.0,0,1
RUNNYMEDE LOOP,15.666666666666666,47,3
RUNNYMEDE STATAION,121.0,121,1
RUNNYMEDE STATION,20.94736842105263,2786,133
RUNNYMEDED AND BLOOR,615.0,615,1
RUNNYMEDED AND DUNDAS,11.0,11,1
RUNNYMEDED STATION,30.0,30,1
RUSSELL CARHOUSE,0.0,0,4
RYANDER AND KINGSTON,16.0,16,1
RYLAND BLVD AND KINGST,12.0,12,1
RYLANDER,11.0,22,2
RYLANDER AND KINGSTON,14.397590361445783,1195,83
RYLANDER BLVD,16.0,16,1
RYLANDER BLVD AND KING,23.0,23,1
RYLANDER BOULEVARD AND,19.0,38,2
SACKASCHEWAN AND DUFFE,544.0,544,1
SACRBOROUGH TOWN CENTR,30.0,30,1
SACRLETT AND LAWRENCE,30.0,30,1
SADLER AND BIRCHMOUNT,21.0,42,2
SAMUEL SMITH LOOP,30.0,30,1
SANDHURST AND FINCH,0.0,0,1
SANDRA AND O'CONNOR,0.0,0,1
SANDRA AND ST CLAIR,30.5,61,2
SANDRA AND ST. CLAIR,30.0,30,1
SASKATCHEWAN AND DUFFE,12.333333333333334,37,3
SASKATCHEWAN AND PRINC,125.0,125,1
SAULTER AND COMMISIONE,0.0,0,1
SAULTER AND COMMISSION,8.75,70,8
SAULTER AND LAKE SHORE,72.75,291,4
SAULTER AND LAKESHORE,8.0,8,1
SAULTER AND LAKSHORE,7.0,7,1
SAULTERS AND COMMISSIO,9.0,9,1
SAULTERS AND LAKESHORE,8.0,16,2
SB HIGHWAY 427 NORTH O,10.0,10,1
SCAARBOROUGH CENTRE ST,12.0,12,1
SCABOROUGH CENTRE STAT,14.0,56,4
SCABOROUGH TOWN CENTRE,15.0,15,1
SCARB TOWN CENTRE STN,17.0,17,1
SCARBORO CENTRE STATIO,12.0,12,1
SCARBORO TOWNE CENTRE,12.0,12,1
SCARBOROGH CENTRE STAT,15.2,76,5
SCARBOROGH TOWN CENTRE,14.0,28,2
SCARBOROGHT TOWN CENTR,25.0,25,1
SCARBOROUGH CENTER STA,29.1875,934,32
SCARBOROUGH CENTERE ST,1.0,1,1
SCARBOROUGH CENTRA STA,28.0,28,1
SCARBOROUGH CENTRE,15.333333333333334,92,6
SCARBOROUGH CENTRE ALT,6.0,6,1
SCARBOROUGH CENTRE CEN,15.0,15,1
SCARBOROUGH CENTRE ST,15.0,15,1
SCARBOROUGH CENTRE STA,16.76143790849673,10258,612
SCARBOROUGH CNTRE STAT,0.0,0,1
SCARBOROUGH COLLEGE LO,12.6,252,20
SCARBOROUGH CTR STATIO,2.1176470588235294,72,34
SCARBOROUGH GOLD CLUB,10.0,10,1
SCARBOROUGH GOLF CLUB,80.57142857142857,1128,14
SCARBOROUGH GRACE HOSP,0.0,0,1
SCARBOROUGH LOOP,10.8,54,5
SCARBOROUGH LOOP AND M,16.0,32,2
SCARBOROUGH STATION,10.0,10,1
SCARBOROUGH TOWN CEMTR,30.0,30,1
SCARBOROUGH TOWN CENTE,11.777777777777779,318,27
SCARBOROUGH TOWN CENTR,14.287179487179488,2786,195
SCARBOROUGH TOWNE CENT,15.0,30,2
SCARBOROUGH TWON CENTR,0.0,0,1
SCARBOROUGH U OF T LOO,13.0,13,1
SCARBOROUGHG CENTRE ST,20.0,20,1
SCARBOROUGHT TOWN CENT,18.0,18,1
SCARBOROUGHTOWN CENTER,30.0,30,1
SCARBOROUGHTOWN CENTRE,30.0,30,1
SCARBOROUOGH TOWN CENT,20.0,20,1
SCARBORUGH CENTER STAT,14.0,14,1
SCARBORUGH CENTRE STAT,15.0,30,2
SCARBORUGH TOWN CENTER,5.0,5,1
SCARBOUGH TOWN CENTRE,15.0,15,1
SCARBOURGH TOWN CENTRE,8.333333333333334,25,3
SCARBOUROGH TOWN CENTE,10.0,10,1
SCARBOUROUGH CENTRE ST,13.333333333333334,40,3
SCARBOUROUGH TOWN CENT,15.0,15,1
SCARBROUGH CENTRE STAT,18.666666666666668,56,3
SCARBROUGH TOWN CENTRE,9.0,9,1
SCARLET AND LA ROSE,598.0,598,1
SCARLET AND LOCKHEED,20.0,20,1
SCARLETT AND ALMA,30.0,30,1
SCARLETT AND BERNICE,21.5,43,2
SCARLETT AND CHAMPAN,24.0,24,1
SCARLETT AND CHAPMAN,20.0,20,1
SCARLETT AND CRANE,0.0,0,1
SCARLETT AND CYNTHIA,20.0,20,1
SCARLETT AND DELEMERE,20.0,20,1
SCARLETT AND DIXON,18.0,36,2
SCARLETT AND DUNDAS,19.5,39,2
SCARLETT AND EAST,20.0,40,2
SCARLETT AND EDEN BRID,30.0,30,1
SCARLETT AND EDENBRIDG,20.0,20,1
SCARLETT AND EDINBOROU,22.5,45,2
SCARLETT AND EGLINGTON,15.0,15,1
SCARLETT AND EGLINTON,25.0,375,15
SCARLETT AND EILEEN,34.666666666666664,104,3
SCARLETT AND ELLINS,14.0,14,1
SCARLETT AND FOXWELL,52.72727272727273,580,11
SCARLETT AND HILL GARD,20.8,104,5
SCARLETT AND LA ROSE,22.25,89,4
SCARLETT AND LAROSE,26.0,52,2
SCARLETT AND LAWARENCE,20.0,20,1
SCARLETT AND LAWRENCE,44.833333333333336,269,6
SCARLETT AND LOCKHEED,35.0,70,2
SCARLETT AND PINE,20.0,20,1
SCARLETT AND PINE RD,15.0,15,1
SCARLETT AND RICHVIEW,6.666666666666667,20,3
SCARLETT AND SAXONY,20.0,20,1
SCARLETT RD AND LAWREN,30.0,30,1
SCARLETT ROD AND TILDE,30.0,30,1
SCARLETTE AND BERNICE,10.0,10,1
SCARLETTE AND ENDINBOR,151.0,151,1
SCAROBOROUGH CENTRE ST,15.5,31,2
SCAROROUGH TOWN CENTRE,8.0,8,1
SCHOLFIELD AND HIGHLAN,18.0,18,1
SCRABOROUGH CENTRE STA,0.0,0,1
SCRABORUGH TOWN CENTRE,15.0,15,1
SCRBROUGH TOWN CENTRE,12.0,12,1
SCUNTHORPE AND SHEPPAR,15.0,15,1
SEACORD AND BARRINGTON,10.0,10,1
SEAFORTH AND MACDONELL,13.5,27,2
SEASON AND CANOE,22.0,22,1
SEASON AND CANOE CRES,15.0,15,1
SEASONS AND CANOE,12.0,72,6
SEASONS AND OASIS,15.0,15,1
SEASONS AND STAINES,12.0,12,1
SEASONS DRIVE AND GRAC,12.0,12,1
SECOND AVE AND EASTDAL,10.0,10,1
SECORD AND BARRINGTON,8.0,40,5
SECORD AND EAST DALE,10.0,10,1
SECORD AND PALMER,0.0,0,1
SELECT AND TAPSCOTT,6.0,6,1
SEMLAC AND ELLERSLIE,2.5,5,2
SENATOR O'CONNOR,8.0,8,1
SENECA COLLEGE LOOP,11.0,11,1
SENIAC AND CHURCHHILL,25.0,25,1
SENLAC AND BURNETT,21.0,42,2
SENLAC AND ELLERSLIE,27.0,27,1
SENLAC AND ELMHURST,30.0,30,1
SENLAC AND FINCH,65.5,131,2
SENLAC AND LURGAN,36.0,36,1
SENLAC AND SHEPPARD,19.75,79,4
SENLAC AND YORKVIEW,34.0,34,1
SENTAX AND FINCH,20.0,20,1
SENTINAL RD AND THE PO,10.0,10,1
SENTINEL AND COOK,10.0,10,1
SENTINEL AND DERRYDOWN,13.0,13,1
SENTINEL AND DOVEHOUSE,54.5,109,2
SENTINEL AND FINCH,37.0,296,8
SENTINEL AND FOUNTAINH,14.0,14,1
SENTINEL AND GRAND RAV,189.0,189,1
SENTINEL AND GRANDRAVI,40.0,120,3
SENTINEL AND HACKNALL,20.0,20,1
SENTINEL AND HUCKNALL,13.5,54,4
SENTINEL AND LAMBERTON,20.0,20,1
SENTINEL AND MURRAY RO,6.666666666666667,20,3
SENTINEL AND POND,18.0,18,1
SENTINEL AND SHEPPARD,10.0,20,2
SENTINEL AND STILECROF,15.0,15,1
SENTINEL AND STREAMDAL,20.0,20,1
SENTINEL AND THE POND,13.9,139,10
SETTLER AND STEELES,30.0,30,1
SEWELLES AND MORNINGVI,13.0,13,1
SEWELLS ADN EMPRINGHAM,25.0,25,1
SEWELLS AMD EMPRINGHAM,22.0,22,1
SEWELLS AND ALFORD,23.0,69,3
SEWELLS AND BRENYON,22.77777777777778,205,9
SEWELLS AND BRENYON WA,21.833333333333332,131,6
SEWELLS AND EMPRINGHAM,25.333333333333332,76,3
SEWELLS AND HUPFIELD,23.75,95,4
SEWELLS AND HUPFIELD T,12.5,25,2
SEWELLS AND KENGATE,16.0,16,1
SEWELLS AND LITTLES,16.944444444444443,305,18
SEWELLS AND MCLEVIN,20.916666666666668,251,12
SEWELLS AND MORNINGSID,12.5,25,2
SEWELLS AND MORNINGVIE,15.555555555555555,140,9
SEWELLS AND NEILSON,14.333333333333334,43,3
SEWELLS AND OLD FINCH,13.0,13,1
SEWLLS AND BRENYON,6.0,6,1
SGNETT AND STEELES,15.0,15,1
SHALLMAR AND BATHURST,70.0,70,1
SHARPECROFT AND DOGLEG,11.0,11,1
SHAW AND ADELAIDE,18.375,147,8
SHAW AND DUNDAS,9.0,9,1
SHAW AND KING,22.5,225,10
SHAW AND QUEEN,27.636363636363637,608,22
SHEAPPARD AND BAY MILL,18.0,18,1
SHEBROURNE AND BLOOR,8.0,8,1
SHEFFIELD AND COLVILLE,82.0,82,1
SHEFFIELD AND DENSLEY,0.0,0,1
SHEFFIELD AND HAFIS,0.0,0,1
SHEFFIELD AND INGRAM,26.0,26,1
SHEFIELD AND KINCOURT,65.0,65,1
SHEPAPRD AND BRIMLEY,12.0,12,1
SHEPAPRD AND KENNEDY,15.0,15,1
SHEPAPRD AND LESLIE,20.0,20,1
SHEPAPRD AND MARKHAM,37.0,37,1
SHEPAPRD AND MCCOWAN,18.0,18,1
SHEPAPRD AND YONGE,20.0,40,2
SHEPARRD WEST STATION,20.0,20,1
SHEPPAR AND BRADSTOCK,0.0,0,1
SHEPPAR AND BURBANK,22.0,22,1
SHEPPARAD AND ALLEN,15.0,15,1
SHEPPARD - YONGE STATI,19.5,39,2
SHEPPARD AN YONGE,4.0,4,1
SHEPPARD AND 404,3.0,15,5
SHEPPARD AND ABBOTSFIE,12.333333333333334,37,3
SHEPPARD AND ABRAHAM W,10.0,40,4
SHEPPARD AND AGINCOURT,15.0,15,1
SHEPPARD AND ALLANFORD,11.090909090909092,122,11
SHEPPARD AND ALLEN,18.4,276,15
SHEPPARD AND ALLEN RD,84.0,84,1
SHEPPARD AND ALLENFORD,13.0,26,2
SHEPPARD AND AMBROSE,24.0,24,1
SHEPPARD AND AMETHYST,76.33333333333333,229,3
SHEPPARD AND AND BEECR,18.0,18,1
SHEPPARD AND ARAGON,0.0,0,1
SHEPPARD AND ARLETA,8.833333333333334,53,6
SHEPPARD AND ARLETTA,17.0,34,2
SHEPPARD AND ARROW,8.777777777777779,158,18
SHEPPARD AND ARROW ROA,40.5,81,2
SHEPPARD AND ATRIUM,10.0,30,3
SHEPPARD AND ATTINGTON,9.0,9,1
SHEPPARD AND BAKERSFIE,7.333333333333333,22,3
SHEPPARD AND BANTING,19.5,78,4
SHEPPARD AND BARBERRY,127.0,127,1
SHEPPARD AND BARDS WAL,16.0,16,1
SHEPPARD AND BARTOR,277.0,277,1
SHEPPARD AND BATHURS,0.0,0,1
SHEPPARD AND BATHURST,17.430379746835442,1377,79
SHEPPARD AND BAY MILLS,21.625,173,8
SHEPPARD AND BAYMILLS,125.66666666666667,377,3
SHEPPARD AND BAYVIEW,18.333333333333332,330,18
SHEPPARD AND BEECROFT,23.6,354,15
SHEPPARD AND BESSARION,18.0,18,1
SHEPPARD AND BIRCHMOUN,16.96875,543,32
SHEPPARD AND BITTI,14.0,14,1
SHEPPARD AND BONESET,20.0,20,1
SHEPPARD AND BRECKON,11.0,22,2
SHEPPARD AND BRECKON G,10.0,30,3
SHEPPARD AND BRENTWOOD,12.714285714285714,89,7
SHEPPARD AND BRENYON,7.333333333333333,22,3
SHEPPARD AND BRENYON W,26.2,131,5
SHEPPARD AND BRIAN,7.333333333333333,66,9
SHEPPARD AND BRIAN DRI,12.0,12,1
SHEPPARD AND BRIMLEY,15.652173913043478,720,46
SHEPPARD AND BROWNSPRI,11.875,95,8
SHEPPARD AND BRYANT,0.0,0,1
SHEPPARD AND BRYANT (,12.0,12,1
SHEPPARD AND BUCHAN,25.0,25,1
SHEPPARD AND BUCKLAND,10.0,30,3
SHEPPARD AND BURBANK,10.0,10,1
SHEPPARD AND BURROWS H,17.0,17,1
SHEPPARD AND CARL HALL,20.0,20,1
SHEPPARD AND CHESSWOOD,49.12,1228,25
SHEPPARD AND CHESTWOOD,20.0,20,1
SHEPPARD AND COMMONS,15.666666666666666,47,3
SHEPPARD AND CONLINS,28.22222222222222,254,9
SHEPPARD AND CONSUMERA,10.0,10,1
SHEPPARD AND CONSUMERS,13.928571428571429,195,14
SHEPPARD AND DEAN PARK,25.8,258,10
SHEPPARD AND DON MILLS,11.214285714285714,157,14
SHEPPARD AND DON RIVER,22.0,44,2
SHEPPARD AND DORIS,29.5,177,6
SHEPPARD AND DOWNSVIEW,14.0,28,2
SHEPPARD AND DUFFERIN,23.4,117,5
SHEPPARD AND DURNFORD,88.0,88,1
SHEPPARD AND EAST WALK,15.0,15,1
SHEPPARD AND EASTON,12.416666666666666,149,12
SHEPPARD AND ECO PARK,0.0,0,1
SHEPPARD AND ECOPARK,13.0,13,1
SHEPPARD AND ECOPARK G,12.0,12,1
SHEPPARD AND ELDERGROV,15.0,15,1
SHEPPARD AND FAYWOOD,9.375,75,8
SHEPPARD AND GATEFORTH,9.0,81,9
SHEPPARD AND GLEN WATF,43.666666666666664,262,6
SHEPPARD AND GODDARD,7.0,7,1
SHEPPARD AND GOREMAN,20.0,20,1
SHEPPARD AND GORMAN,30.0,30,1
SHEPPARD AND GRAND MAR,11.4,57,5
SHEPPARD AND GRAND RIV,20.0,20,1
SHEPPARD AND GREENBRIA,22.666666666666668,68,3
SHEPPARD AND HARLOCK,13.333333333333334,40,3
SHEPPARD AND HARRISFAR,9.333333333333334,28,3
SHEPPARD AND HAVENVIEW,18.333333333333332,55,3
SHEPPARD AND HAWKSBURY,20.0,20,1
SHEPPARD AND HEDGE END,12.0,12,1
SHEPPARD AND HERONS,17.0,17,1
SHEPPARD AND HERONS HI,17.5,35,2
SHEPPARD AND HIGHWAY 4,7.666666666666667,23,3
SHEPPARD AND HOVE,8.0,8,1
SHEPPARD AND HWY 404,12.0,24,2
SHEPPARD AND IDAGROVE,15.4,77,5
SHEPPARD AND IGAGROVE,20.0,20,1
SHEPPARD AND JANE,18.31081081081081,1355,74
SHEPPARD AND JOHN DRUR,12.833333333333334,77,6
SHEPPARD AND JOHN DURY,845.0,845,1
SHEPPARD AND KEELE,23.695121951219512,1943,82
SHEPPARD AND KENNEDY,21.829787234042552,1026,47
SHEPPARD AND KENNEDY -,15.0,15,1
SHEPPARD AND KENNETH,24.0,24,1
SHEPPARD AND KINGSTON,14.045454545454545,309,22
SHEPPARD AND KODIAK,87.2,872,10
SHEPPARD AND KODIAK CR,0.0,0,2
SHEPPARD AND LAMONT,15.5,31,2
SHEPPARD AND LAPSLEY,15.2,76,5
SHEPPARD AND LAURA,23.833333333333332,143,6
SHEPPARD AND LDAGROVE,7.0,7,1
SHEPPARD AND LESLIE,22.22222222222222,200,9
SHEPPARD AND MAGELIAN,8.0,8,1
SHEPPARD AND MAGELLAN,8.0,40,5
SHEPPARD AND MALVERN,10.75,86,8
SHEPPARD AND MALVERN G,14.0,28,2
SHEPPARD AND MARKHAM,16.810344827586206,975,58
SHEPPARD AND MASSIE,15.538461538461538,202,13
SHEPPARD AND MASSIE ST,15.0,15,1
SHEPPARD AND MASSLE,9.0,9,1
SHEPPARD AND MAXWELL,6.666666666666667,20,3
SHEPPARD AND MCCOWAN,11.901639344262295,726,61
SHEPPARD AND MCGRISKIN,16.0,16,1
SHEPPARD AND MEADOWVAL,21.508474576271187,1269,59
SHEPPARD AND MEDOWVALE,0.0,0,1
SHEPPARD AND MIDDLEFIE,0.0,0,1
SHEPPARD AND MIDLAND,14.914285714285715,522,35
SHEPPARD AND MIN,15.0,60,4
SHEPPARD AND MORNINGSI,15.808219178082192,1154,73
SHEPPARD AND MORRISON,0.0,0,1
SHEPPARD AND MURSION,9.0,9,1
SHEPPARD AND NEILSON,29.857142857142858,418,14
SHEPPARD AND NORTHOVER,27.25,436,16
SHEPPARD AND NORTHWOOD,19.0,38,2
SHEPPARD AND OAKDALE,25.833333333333332,155,6
SHEPPARD AND OLD LESLI,25.0,25,1
SHEPPARD AND PALMDALE,9.0,18,2
SHEPPARD AND PARKWAY,21.666666666666668,130,6
SHEPPARD AND PARKWAY F,17.928571428571427,251,14
SHEPPARD AND PEWTER,11.285714285714286,79,7
SHEPPARD AND PEWTEW,8.0,16,2
SHEPPARD AND PHARMACY,30.59259259259259,826,27
SHEPPARD AND PROGRESS,26.724137931034484,775,29
SHEPPARD AND PROVOST,19.25,77,4
SHEPPARD AND QUILTER,4.5,9,2
SHEPPARD AND RAINBOW,0.0,0,1
SHEPPARD AND RAINBOW R,17.5,35,2
SHEPPARD AND REIDMOUNT,12.666666666666666,76,6
SHEPPARD AND REVALDA,9.0,9,1
SHEPPARD AND RIVALDA,10.928571428571429,153,14
SHEPPARD AND ROUGE,0.0,0,1
SHEPPARD AND ROUGE RIV,10.727272727272727,118,11
SHEPPARD AND RYLANDER,1.0,1,1
SHEPPARD AND SAMBA DR,10.0,10,1
SHEPPARD AND SCANTHORP,9.0,9,1
SHEPPARD AND SCRUNTHOR,13.0,26,2
SHEPPARD AND SCUMTHORP,15.0,30,2
SHEPPARD AND SCUNTHORP,12.620689655172415,366,29
SHEPPARD AND SCUNTHROP,1.0,1,1
SHEPPARD AND SEELEY,3.5,7,2
SHEPPARD AND SEELEY DR,10.0,10,1
SHEPPARD AND SENLAC,12.5,50,4
SHEPPARD AND SENTINEL,16.22222222222222,292,18
SHEPPARD AND SETTLERS,18.0,90,5
SHEPPARD AND SETTLERSQ,20.0,20,1
SHEPPARD AND SHORTING,33.77777777777778,304,9
SHEPPARD AND SHORTTING,101.0,101,1
SHEPPARD AND SIGNET,30.0,30,1
SHEPPARD AND TUSCAN,28.4,142,5
SHEPPARD AND TUSCAN GA,21.0,189,9
SHEPPARD AND VANDORF,20.0,20,1
SHEPPARD AND VICTORIA,20.367346938775512,998,49
SHEPPARD AND VITTI,14.5,87,6
SHEPPARD AND VITTIT,10.0,10,1
SHEPPARD AND WALKWAY,17.2,86,5
SHEPPARD AND WALKWAY T,0.0,0,1
SHEPPARD AND WARDEN,12.472727272727273,686,55
SHEPPARD AND WASHBURN,47.8,478,10
SHEPPARD AND WATER TOW,12.5,100,8
SHEPPARD AND WESTON,15.185185185185185,410,27
SHEPPARD AND WILFRED,9.0,18,2
SHEPPARD AND WILLIAM,14.0,14,1
SHEPPARD AND WILLIAM A,37.666666666666664,113,3
SHEPPARD AND WILLIAM R,20.0,20,1
SHEPPARD AND WILLOWDAL,30.166666666666668,181,6
SHEPPARD AND WILMINGTO,54.8,274,5
SHEPPARD AND WILSON,9.0,9,1
SHEPPARD AND WILSON HE,13.818181818181818,152,11
SHEPPARD AND WINSTANLY,15.0,15,1
SHEPPARD AND YATESCAST,29.0,29,1
SHEPPARD AND YEOMAN,15.0,15,1
SHEPPARD AND YEOMANS,20.0,20,1
SHEPPARD AND YETESCAST,29.0,29,1
SHEPPARD AND YONGE,12.12,606,50
SHEPPARD AND YONGE STA,10.6,53,5
SHEPPARD AND YORKLAND,22.166666666666668,133,6
SHEPPARD AND YUKON,14.142857142857142,198,14
SHEPPARD AND YUKON LAN,12.6,63,5
SHEPPARD ANDE BRECKON,25.0,25,1
SHEPPARD AVE AND BATHU,10.0,10,1
SHEPPARD AVE AND BRIML,5.0,10,2
SHEPPARD AVE AND MORNI,10.0,10,1
SHEPPARD AVE E AND BAL,20.0,20,1
SHEPPARD AVE E AND BAY,65.0,130,2
SHEPPARD AVE E AND BRI,18.0,18,1
SHEPPARD AVE E AND HER,9.0,9,1
SHEPPARD AVE W AND WIL,8.0,8,1
SHEPPARD AVE WEST AND,15.0,30,2
SHEPPARD AVE WEST TO S,7.0,7,1
SHEPPARD BETWEEN RIVAL,104.0,104,1
SHEPPARD DISTRIBUTION,0.0,0,3
SHEPPARD E AND MASSIE,12.0,12,1
SHEPPARD E AND PROGRES,12.0,12,1
SHEPPARD E AND YONGE,0.0,0,1
SHEPPARD EAST AND GATE,15.0,15,1
SHEPPARD EAST OF VICTO,18.0,18,1
SHEPPARD ON VICTORIA P,18.0,18,1
SHEPPARD STATION,17.782178217821784,1796,101
SHEPPARD STATION TO PI,0.0,0,1
SHEPPARD W AND CHESSWO,26.0,26,1
SHEPPARD W AND JANE,7.0,7,1
SHEPPARD W AND SENTINE,51.0,102,2
SHEPPARD W AND TUSCAN,8.0,8,1
SHEPPARD W OF BIRCHMOU,12.0,12,1
SHEPPARD W OF JANE,10.0,10,1
SHEPPARD W STATION,12.0,12,1
SHEPPARD WEST AND BAKE,10.0,20,2
SHEPPARD WEST AND BATH,0.0,0,1
SHEPPARD WEST AND GODD,7.0,7,1
SHEPPARD WEST AND JANE,8.0,8,1
SHEPPARD WEST AND PEWT,8.0,8,1
SHEPPARD WEST AND YUKO,30.0,30,1
SHEPPARD WEST OF SHORT,0.0,0,1
SHEPPARD WEST STATIN,13.5,27,2
SHEPPARD WEST STATION,15.57843137254902,6356,408
SHEPPARD WEST STATION.,10.0,10,1
SHEPPARD WEST STN,41.75,167,4
SHEPPARD YONGE STATION,13.6,136,10
SHEPPARD- YONGE STATIO,22.0,22,1
SHEPPARD-YONGE STATION,15.95,319,20
SHEPPARDAND BRENTWOOD,30.0,30,1
SHEPPERD AND BRIMLEY,15.0,15,1
SHEPPERD AND KEELE,15.0,15,1
SHEPPERD WEST STATION,20.0,20,1
SHEPPPARD & ALLANFORD,15.0,15,1
SHEPPRD AND MARKHAM,12.0,12,1
SHERBORNE AND BLOOR,20.0,20,1
SHERBORUNE AND BLOOR,6.0,6,1
SHERBORUNE AND MAPLE,0.0,0,1
SHERBOUNE AND FRONT,20.0,20,1
SHERBOURN AND BLOOR,20.0,20,1
SHERBOURNE (QUEEN TO S,91.0,182,2
SHERBOURNE AND ADELAID,11.25,45,4
SHERBOURNE AND BLOOR,10.923076923076923,1278,117
SHERBOURNE AND CARLTON,33.6,672,20
SHERBOURNE AND DUNDAS,10.095238095238095,212,21
SHERBOURNE AND EARL,6.0,12,2
SHERBOURNE AND EARL ST,8.0,8,1
SHERBOURNE AND ELM,9.666666666666666,29,3
SHERBOURNE AND ESPLANA,102.58333333333333,1231,12
SHERBOURNE AND ESPLAND,275.0,275,1
SHERBOURNE AND FRONT,96.25,385,4
SHERBOURNE AND GERRAD,8.0,8,1
SHERBOURNE AND GERRARD,8.857142857142858,124,14
SHERBOURNE AND HOWARD,8.0,8,1
SHERBOURNE AND ISABELA,118.0,118,1
SHERBOURNE AND ISABELL,210.625,1685,8
SHERBOURNE AND KING,11.0,99,9
SHERBOURNE AND LAKESHO,97.0,97,1
SHERBOURNE AND MAPLE,203.0,1827,9
SHERBOURNE AND MAPLE (,493.0,493,1
SHERBOURNE AND QUEEN,36.857142857142854,516,14
SHERBOURNE AND QUEEN'S,15.0,15,1
SHERBOURNE AND QUEENS,0.0,0,1
SHERBOURNE AND RICHMON,9.0,9,1
SHERBOURNE AND ROSEDAL,10.0,20,2
SHERBOURNE AND SHUTER,21.0,315,15
SHERBOURNE AND SHUTTER,21.0,42,2
SHERBOURNE AND THE ESP,15.666666666666666,94,6
SHERBOURNE AND WELLESL,36.96153846153846,961,26
SHERBOURNE STATION,10.26086956521739,236,23
SHERBOURNE STATION - B,9.0,9,1
SHERIDAN MALL,22.0,44,2
SHERPPARD AND ARROW RO,13.0,13,1
SHERWAY AND SHERWAY GA,30.0,30,1
SHERWAY DR AND THE WES,15.0,15,1
SHERWAY DRIVE AND SHER,15.0,15,1
SHERWAY DRIVE AND THE,12.5,25,2
SHERWAY GARADENS,25.0,25,1
SHERWAY GARDEN,20.0,20,1
SHERWAY GARDEN AND SHE,25.0,25,1
SHERWAY GARDEN ROAD AN,20.0,20,1
SHERWAY GARDENS,20.971014492753625,1447,69
SHERWAY GARDENS AND EV,20.0,20,1
SHERWAY GARDENS AND QU,25.0,25,1
SHERWAY GARDENS AND SH,18.235294117647058,310,17
SHERWAY GARDENS AND WE,0.0,0,1
SHERWAY GARDENS ANS SH,22.0,22,1
SHERWAY GARDENS AT SHE,20.0,20,1
SHERWAY GARDENS BUS PL,8.0,8,1
SHERWAY GARDENS BUS TE,20.0,40,2
SHERWAY GARDENS LOOP,18.5,37,2
SHERWAY GARDENS MALL,9.0,9,1
SHERWAY GARDENS RD AND,25.0,25,1
SHERWAY GARDENS ROAD A,19.0,38,2
SHERWAY GATE AND SHERW,23.5,47,2
SHOREHAM AND HULLMAR,11.0,22,2
SHOREHAM AND HULLMARK,0.0,0,1
SHOREHAM AND JANE,90.66666666666667,272,3
SHOREHAM AND MURRAY RO,111.66666666666667,335,3
SHOREHAM AND SHOREHAM,16.0,48,3
SHOREHAM CRT AND SHORE,0.0,0,1
SHOREHAM DRIVE AND SHO,80.0,80,1
SHOREHM AND HULLMAR,12.0,12,1
SHORHAM AND SHORHAM CR,20.0,20,1
SHORNCLIFFE AND DUDNAS,22.0,22,1
SHORNCLIFFE AND DUNDAS,57.63636363636363,634,11
SHORNCLIFFE AND LOCKPO,12.0,60,5
SHORNCLIFFE AND N QUEE,15.0,15,1
SHORNCLIFFE AND NEWBRI,0.0,0,1
SHORNCLIFFE AND NORTH,14.0,14,1
SHORNCLIFFE AND QUEEN,28.0,28,1
SHORNECLIFF AND DUNDAS,18.5,37,2
SHPPARD AND MARKHAM,15.0,15,1
SHPPARD AVE AND ARLETT,4.0,4,1
SHUTER AND SHERBOURNE,41.5,83,2
SIGNAL AND STEELES,8.0,8,1
SIGNAL HIL AND STEINWA,10.0,10,1
SIGNAL HILL AND STEELE,8.136363636363637,179,22
SIGNAL HILL AND STEIN,5.0,5,1
SIGNAL HILL AND STEINW,6.1,61,10
SIGNAL HILL AND STEIRW,8.0,8,1
SIGNET AND FINCH,18.0,18,1
SIGNET AND GARYRAY,20.0,40,2
SIGNET AND HIGH MEADOW,19.0,19,1
SIGNET AND ORMONT,16.0,16,1
SIGNET AND STEELES,12.473684210526315,474,38
SIGNET DR AND FENMAR,9.0,9,1
SIGNET DRIVE AND STEEL,9.0,9,1
SIGNET STEELES,12.0,12,1
SILDERDALE AND YORKMIL,25.0,25,1
SILVER BELL AND HUMBER,10.0,10,1
SILVER DART AND CONVAI,22.0,22,1
SILVER DART AND JETLIN,15.0,30,2
SILVER DART AND RENFOR,9.0,9,1
SILVER STAR AND STEELE,12.0,36,3
SILVERDALE AND YORK MI,0.0,0,1
SILVERSTONE AND ALBION,30.0,30,1
SIMMINGTON AND DUPONT,9.0,9,1
SINGAL HILL AND STEELE,8.0,8,1
SISKEN TERRANCE AND ST,15.0,15,1
SISKIN AND STAINES,15.0,15,1
SIXTEENTH AND MCCOWAN,15.0,15,1
SIXTEETH AND MCCOWAN,20.0,20,1
SKYWAY AND DIXON,25.0,75,3
SKYWAY AND DIXON RD,17.0,17,1
SKYWAY AND MERIDIAN,22.0,44,2
SLOANE AND ECCLESTON,15.0,15,1
SLOANE AND EGLINTON,15.0,15,1
SLOANE AND ELVASTON,0.0,0,1
SLOANE AND RUSCICA,71.0,71,1
SLOANE AND SWEEENY,25.0,25,1
SLOANE AND SWEENEY,25.0,25,1
SLOANE AND SWEENEY DRV,25.0,25,1
SLOANE AND TINDER,26.0,26,1
SLOANE AND TINDER CRES,0.0,0,1
SORAUREN AND QUEEN,0.0,0,1
SOUDAN AND PETMAN,0.0,0,1
SOUTH AND GLEN,24.363636363636363,268,11
SOUTH DR AND ELM,0.0,0,1
SOUTH DR AND GLEN,20.0,20,1
SOUTH DR AND GLEN RD,7.5,15,2
SOUTH DRIVE,606.0,606,1
SOUTH DRIVE AND ELM AV,0.0,0,1
SOUTH DRIVE AND GLEN,8.0,8,1
SOUTH DRIVE AND GLEN R,12.0,36,3
SOUTH DRIVE AND GLENN,25.0,25,1
SOUTH KINGSWAY AND ORM,0.0,0,1
SOUTH PORT AND QUEENSW,27.0,27,1
SOUTH PORT AND WINDERM,10.0,10,1
SOUTH SERVICE AND TRAN,12.5,25,2
SOUTH SERVICE RD AND T,10.0,10,1
SOUTHPORT AND WINDEMER,15.0,15,1
SOUTHPORT AND WINDERME,23.333333333333332,70,3
SOUTHWOOD AND CAVENDIS,20.0,40,2
SOUTHWOOD AND GLEN AME,10.0,50,5
SOUTHWOOD AND GLEN STU,480.0,480,1
SOUTHWOOD AND KINGSTON,193.4,1934,10
SOUTHWOOD AND MAIN,40.0,40,1
SOUTHWOOD AND WILLIAMS,155.25,621,4
SOUTHWOOD DRIVE AND GL,115.0,115,1
SPADINA AND BERNARD,30.0,30,1
SPADINA AND BLOOR,2.0,10,5
SPADINA AND BREMINER,5.0,5,1
SPADINA AND BREMMER,3.0,3,1
SPADINA AND BREMNER,1.0,1,1
SPADINA AND CHADWICK,30.0,30,1
SPADINA AND COLLEGE,6.0,18,3
SPADINA AND COULSON,0.0,0,1
SPADINA AND DAVENPORT,24.0,72,3
SPADINA AND DUPONT,7.5,15,2
SPADINA AND EGLINTON,231.5,463,2
SPADINA AND FOREST HIL,30.0,30,1
SPADINA AND FORT YORK,2.5,5,2
SPADINA AND FRONT,3.0,3,1
SPADINA AND HARBORD,14.545454545454545,160,11
SPADINA AND HEATH,137.5,275,2
SPADINA AND KENDAL,25.0,50,2
SPADINA AND LONSDALE,167.6,838,5
SPADINA AND LOWTHER,30.5,61,2
SPADINA AND MACPHERSON,191.0,955,5
SPADINA AND MCPHERSON,647.0,647,1
SPADINA AND MONTCLAIR,18.0,36,2
SPADINA AND NASSAU,3.3333333333333335,10,3
SPADINA AND OLD FOREST,18.0,18,1
SPADINA AND QUEEN,3.0,3,1
SPADINA AND QUEENS QUA,3.0,3,1
SPADINA AND RUSSELL,0.0,0,1
SPADINA AND ST CLAIR,6.0,18,3
SPADINA AND ST. CLAIR,0.0,0,1
SPADINA AND STRATHEARN,18.0,18,1
SPADINA AND SULLIVAN,3.0,3,1
SPADINA AND THELMA,18.0,18,1
SPADINA AND WASHINGTON,0.0,0,1
SPADINA BUS PLATFORM B,15.0,15,1
SPADINA DN ST CLAIR,0.0,0,1
SPADINA RD AND LONSDAL,30.0,30,1
SPADINA STATION,15.226415094339623,807,53
SPADINA STATION TO 195,0.0,0,3
SPADINA YUS STATION,15.0,30,2
SPADINA YUS STATION -,0.0,0,1
SPADNA AND KENDAL,22.0,22,1
SPANBRIDGE AND GRENOBL,13.8,207,15
SPANBRIDGE AND VICORA,10.0,10,1
SPANBRIDGE RD AND GREN,20.0,20,1
SPANBRIDGE RD AND VICO,10.0,10,1
SPANDBRIDGE AND GRENOB,7.0,7,1
SPRING HURST LOOP AT D,0.0,0,1
SPRINGHURST AND DUFFER,80.0,80,1
SPRINGHURST LOOP,22.121951219512194,907,41
SPRINGHURST LOOP TO DU,0.0,0,1
SPRINGVIEW AND WILSON,10.0,10,1
ST ALBANES AND OAKLAND,6.0,6,1
ST ALBANS AND ADOBIGOK,11.0,22,2
ST ALBANS AND KIPLING,15.0,30,2
ST ALBANS AND WEST SER,10.666666666666666,64,6
ST ALBANS AT WEST SERV,24.0,24,1
ST ALBANS OUTSIDE KIPL,30.0,30,1
ST ALBANS RD AND ADOBI,0.0,0,1
ST ALBANS RD AND E OF,24.0,24,1
ST ALBANS ROAD AND ADO,30.0,30,1
ST ALBENS AND ADOBIGOK,6.0,6,1
ST ANDREW STATION,0.0,0,1
ST BASIL SCHOOL,9.0,9,1
ST BASIL THE GREAT COL,10.0,10,1
ST CALIR AND BATHURST,7.0,7,1
ST CLAIR AND ANDREW,12.5,25,2
ST CLAIR AND AVOCA,124.75,998,8
ST CLAIR AND BATAVIA,240.5,481,2
ST CLAIR AND BATHURST,13.542857142857143,474,35
ST CLAIR AND BIRCHMOUN,45.55102040816327,2232,49
ST CLAIR AND BIRCMOUNT,26.0,26,1
ST CLAIR AND BOND,30.0,30,1
ST CLAIR AND BRIMELY,43.5,87,2
ST CLAIR AND BRIMLEY,16.25,260,16
ST CLAIR AND BRITANNIA,24.0,24,1
ST CLAIR AND CALEDONIA,45.0,270,6
ST CLAIR AND CHRISTIE,11.0,33,3
ST CLAIR AND CLIFTON,11.5,23,2
ST CLAIR AND COLTON,15.0,15,1
ST CLAIR AND COTTON,14.0,42,3
ST CLAIR AND DANFORTH,32.1,642,20
ST CLAIR AND DUFFERIN,6.75,54,8
ST CLAIR AND EARLSCOUR,0.0,0,1
ST CLAIR AND ELFREDA,11.272727272727273,124,11
ST CLAIR AND FERMOY,16.4,82,5
ST CLAIR AND FERNDALE,0.0,0,1
ST CLAIR AND FLORENCE,15.0,15,1
ST CLAIR AND FRENCH,30.0,30,1
ST CLAIR AND GIDLEY,17.0,17,1
ST CLAIR AND GLEN EDEN,12.5,25,2
ST CLAIR AND GLENBURN,13.333333333333334,40,3
ST CLAIR AND GLENFIELD,10.0,10,1
ST CLAIR AND HAGAR,15.0,30,2
ST CLAIR AND HERON,12.0,24,2
ST CLAIR AND HIGHVALE,22.0,22,1
ST CLAIR AND HODDER,22.0,22,1
ST CLAIR AND HUBERT,10.0,10,1
ST CLAIR AND INGLEWOOD,15.0,45,3
ST CLAIR AND JANE,19.875,159,8
ST CLAIR AND JEANETTE,10.0,10,1
ST CLAIR AND KEELE,5.0,10,2
ST CLAIR AND KENENDY,18.0,18,1
ST CLAIR AND KENNEDY,15.0,375,25
ST CLAIR AND KINGSTON,13.91891891891892,515,37
ST CLAIR AND LANSDOWNE,55.0,550,10
ST CLAIR AND LAUGHTON,11.0,11,1
ST CLAIR AND LAWRENCE,0.0,0,1
ST CLAIR AND LINDEN,14.75,59,4
ST CLAIR AND MARILYN,30.0,30,1
ST CLAIR AND MARIPOSA,25.0,25,1
ST CLAIR AND MARKHAM,12.0,12,1
ST CLAIR AND MARSH,14.5,29,2
ST CLAIR AND MIDLAND,18.0,180,10
ST CLAIR AND MIDLAND (,12.0,12,1
ST CLAIR AND MOULD,30.0,30,1
ST CLAIR AND MOUNT PLE,195.0,390,2
ST CLAIR AND MT PLEASA,124.83333333333333,749,6
ST CLAIR AND N WOODROW,28.0,28,1
ST CLAIR AND NORTH WOO,21.0,105,5
ST CLAIR AND NORTHCLIF,10.0,10,1
ST CLAIR AND O'CONNO,22.0,22,1
ST CLAIR AND O'CONNOR,20.083333333333332,241,12
ST CLAIR AND OAKWOOD,147.05263157894737,2794,19
ST CLAIR AND OCONNOR,11.0,22,2
ST CLAIR AND OLD STOCK,25.0,25,1
ST CLAIR AND OLD WESTO,38.916666666666664,467,12
ST CLAIR AND PHARMACY,52.0,416,8
ST CLAIR AND PINEWOOD,15.0,15,1
ST CLAIR AND PLAXTON,12.666666666666666,38,3
ST CLAIR AND PRESLEY,22.0,22,1
ST CLAIR AND REXLEIGH,12.0,12,1
ST CLAIR AND ROBINA,102.0,102,1
ST CLAIR AND RUNNYMEDE,27.333333333333332,82,3
ST CLAIR AND SAMTAMONI,18.0,18,1
ST CLAIR AND SANTA MON,11.333333333333334,34,3
ST CLAIR AND SANTAMONI,16.19047619047619,340,21
ST CLAIR AND SCARLETT,27.5,55,2
ST CLAIR AND SELWYN,116.66666666666667,350,3
ST CLAIR AND SPADINA,16.333333333333332,49,3
ST CLAIR AND SQUIRES,10.0,10,1
ST CLAIR AND ST COLUMB,20.0,20,1
ST CLAIR AND TWEEDSMUI,20.571428571428573,144,7
ST CLAIR AND VAUGHAN,9.444444444444445,85,9
ST CLAIR AND VAUGHN,14.5,29,2
ST CLAIR AND VIA ITALI,0.0,0,1
ST CLAIR AND VICROSS R,0.0,0,1
ST CLAIR AND VICTORIA,11.777777777777779,318,27
ST CLAIR AND WALMER,3.0,3,1
ST CLAIR AND WARDEN,14.333333333333334,215,15
ST CLAIR AND WELLAND,109.16666666666667,655,6
ST CLAIR AND WOODROW,58.0,116,2
ST CLAIR AND WOODROW B,10.0,10,1
ST CLAIR AND WYCHWOOD,29.0,87,3
ST CLAIR AND WYNCHWOOD,24.0,24,1
ST CLAIR AND YONGE,53.4,267,5
ST CLAIR AVE AND KENNE,20.0,20,1
ST CLAIR AVE AND N WOO,10.0,10,1
ST CLAIR AVE AND OAKWO,10.0,10,1
ST CLAIR AVE AND RUSSE,5.0,5,1
ST CLAIR AVE E AND DAN,18.0,18,1
ST CLAIR AVE E AND ELF,24.0,24,1
ST CLAIR AVE EAST AND,15.0,30,2
ST CLAIR AVE W & RUNNY,40.0,40,1
ST CLAIR AVE WEST,10.0,10,1
ST CLAIR AVE WEST AND,5.0,10,2
ST CLAIR E AND COTTON,10.0,10,1
ST CLAIR E AND LINDEN,10.0,10,1
ST CLAIR E AND MIDLAND,18.0,18,1
ST CLAIR EAST AND SANT,20.0,20,1
ST CLAIR STAQTION,15.0,15,1
ST CLAIR STATION,21.75,2610,120
ST CLAIR STATION -,55.0,55,1
ST CLAIR STATION - STR,0.0,0,1
ST CLAIR STATION LAYOV,10.0,10,1
ST CLAIR STATON,31.0,31,1
ST CLAIR TO ELLESMERE,0.0,0,1
ST CLAIR W AND LANSDOW,0.0,0,1
ST CLAIR W AND MOULD,30.0,30,1
ST CLAIR W AND OLD WES,22.0,22,1
ST CLAIR W STATION,10.0,10,1
ST CLAIR WEST,8.0,8,1
ST CLAIR WEST AND AVEN,8.0,8,1
ST CLAIR WEST AND BATH,10.0,10,1
ST CLAIR WEST AND CALE,18.0,18,1
ST CLAIR WEST AND JANE,124.0,248,2
ST CLAIR WEST AND RUNN,20.0,20,1
ST CLAIR WEST STATION,46.73684210526316,4440,95
ST CLAIR WEST STATION(,0.0,0,1
ST CLAIR WEST STN,0.0,0,1
ST CLAIRSTATION,40.0,40,1
ST CLAIRY STATION,17.0,17,1
ST DENNIS AD LINKWOOD,10.0,10,1
ST DENNIS AND (NORTH O,184.5,369,2
ST DENNIS AND DEAUVILL,40.5,81,2
ST DENNIS AND DON MILL,0.0,0,1
ST DENNIS AND DON VALL,6.0,6,1
ST DENNIS AND DVP,6.0,6,1
ST DENNIS AND EGLINTON,6.0,6,1
ST DENNIS AND LINKWOOD,23.26086956521739,535,23
ST DENNIS AND WYNFORD,0.0,0,1
ST DENNIS DR AND DEAUV,132.0,132,1
ST GEORGE AND BERNARD,25.0,25,1
ST GEORGE AND BLOOR,0.0,0,1
ST GEORGE AND PRINCE,28.0,28,1
ST GEORGE AND PRINCE A,0.0,0,1
ST GEORGE BEDFORD STAT,30.0,30,1
ST GEORGE BEFORE BERNA,30.0,30,1
ST GEORGE STATION,23.954545454545453,1054,44
ST GEORGE STATION BUS,15.0,15,1
ST GEORGE STATION ON P,27.0,27,1
ST GEORGE YUS STATION,6.666666666666667,20,3
ST JOSEPH AND QUEENS P,10.0,10,1
ST JOSEPH'S HOSPITAL,0.0,0,1
ST MATHEWS AND GERRARD,15.0,15,1
ST MATTHEWS AND GERRAR,22.5,45,2
ST PATRICK STATION,0.0,0,1
ST PHILIPS AND WESTON,34.0,34,1
ST PHILLIPS - MARTIN G,0.0,0,1
ST PHILLIPS AND DIXON,20.666666666666668,62,3
ST PHILLIPS AND MARTIN,0.0,0,1
ST PHILLIPS AND WESTON,16.5,33,2
ST REGIS AND BAKERSFIE,0.0,0,1
ST REGIS AND KEELE,115.5,231,2
ST REGIS AND TUSCAN,92.5,185,2
ST REGIS CRES AND BAKE,210.0,210,1
"ST, CLAIR AND DANFORTH",20.0,20,1
ST. ALBANS AND ADOBIGO,8.0,8,1
ST. CLAIR AND ANDREW,7.0,7,1
ST. CLAIR AND AVENUE,8.333333333333334,25,3
ST. CLAIR AND BATHURST,30.0,30,1
ST. CLAIR AND BIRCHMOU,16.77777777777778,302,18
ST. CLAIR AND COBALT,26.0,26,1
ST. CLAIR AND DANFORTH,10.0,10,1
ST. CLAIR AND DENVALE,30.0,30,1
ST. CLAIR AND ELFREDA,18.0,18,1
ST. CLAIR AND GLEN EDE,15.0,15,1
ST. CLAIR AND GLENHOLM,16.0,16,1
ST. CLAIR AND HAGAR,300.0,300,1
ST. CLAIR AND HIGHVALE,24.0,24,1
ST. CLAIR AND JANE,15.0,15,1
ST. CLAIR AND KEELE,5.0,15,3
ST. CLAIR AND KENNEDY,15.0,75,5
ST. CLAIR AND KINGSTON,18.875,302,16
ST. CLAIR AND LINDEN,11.0,22,2
ST. CLAIR AND MIDLAND,14.0,42,3
ST. CLAIR AND O'CONNOR,17.4,87,5
ST. CLAIR AND OAKWOOD,102.0,918,9
ST. CLAIR AND OLD WEST,11.714285714285714,82,7
ST. CLAIR AND PHARMACY,87.0,174,2
ST. CLAIR AND REXLEIGH,114.0,114,1
ST. CLAIR AND RUNNYMED,30.0,30,1
ST. CLAIR AND SANTAMON,21.0,42,2
ST. CLAIR AND SCARLETT,26.0,52,2
ST. CLAIR AND VAUGHAN,24.0,48,2
ST. CLAIR AND VICTORIA,14.444444444444445,130,9
ST. CLAIR AND WARDEN,9.0,9,1
ST. CLAIR AND WELLAND,15.0,15,1
ST. CLAIR AND WYCHWOOD,48.0,96,2
ST. CLAIR E AND SELWYN,15.0,15,1
ST. CLAIR OLD WESTON,15.0,15,1
ST. CLAIR STATION,17.555555555555557,158,9
ST. CLAIR STATION - BU,25.0,25,1
ST. CLAIR W AND O'CONN,6.0,6,1
ST. CLAIR WEST,18.0,18,1
ST. CLAIR WEST STATION,10.705882352941176,182,17
ST. GEORGE AND LOWTHER,0.0,0,1
ST. GEORGE STATION,17.6,88,5
ST. MATHEWS AND GERRAR,15.0,15,1
ST. MATTHEWS AND GERRA,20.0,20,1
ST. REGIS AND BAKERSFI,46.0,46,1
ST. REGIS AND KEELE,30.0,30,1
ST. REGIS AND TUSCAN G,679.0,679,1
ST.CLAIR AND BIRCHMOUN,24.0,48,2
ST.CLAIR AND KINGSTON,8.0,8,1
ST.CLAIR AND O'CONNOR,0.0,0,1
ST.CLAIR AND OAKWOOD,9.5,19,2
ST.CLAIR AND YONGE,0.0,0,1
STACHAN AND LIBERTY,4.0,8,2
STADIUM AND QUEENS QUA,0.0,0,1
STAINES AND BOULDERBRO,0.0,0,1
STAINES AND HOGTREE,15.0,15,1
STAINES AND HOPTREE,25.0,25,1
STAINES AND JACQUES,7.0,7,1
STAINES AND KNOWLES,15.0,15,1
STAINES AND MANTIS,41.5,166,4
STAINES AND MORNINGSID,36.5,219,6
STAINES AND PALK,28.0,56,2
STAINES AND PALK LANE,24.0,24,1
STAINES AND PARK LANE,16.0,32,2
STAINES AND QUIETBROOK,22.0,22,1
STAINES AND RIVENDELL,13.5,27,2
STAINES AND SEASONS,49.0,147,3
STAINES AND SEASONS DR,53.0,159,3
STAINES AND STAINES,69.0,207,3
STAINES AND STAINES (M,15.0,15,1
STAINES AND STEPPING S,298.0,298,1
STAINES RD AND BOULDER,13.0,13,1
STAINS AND SEASONS,103.5,207,2
STANBRIDGE AND GRENOBL,18.0,18,1
STANELY GREEN AND THOM,326.0,326,1
STANLEY GREENE AND THO,252.0,252,1
STANLEY GREENE BLVD AN,37.0,37,1
STAR SPRAY LOOP,27.333333333333332,82,3
STARCHAN AND LIBERTY,0.0,0,1
STARS SPRAY LOOP,15.0,15,1
STARSPRAY AND LAWERENC,16.0,16,1
STARSPRAY AND LAWRENCE,14.5,116,8
STARSPRAY BLVD,11.0,11,1
STARSPRAY LOOP,28.46153846153846,1110,39
STARSPRAY LOOP AND LAW,14.285714285714286,100,7
STARSPRAY LOOP AT LAWR,20.0,20,1
STARYSPRAY LOOP,14.0,14,1
STAWRSPRAY AND LAWRENC,8.0,8,1
STC,10.0,90,9
STC BUS PLATFORM,8.5,17,2
STC STATION,13.75,165,12
STC STATION - 903 SB P,21.0,21,1
STC STATION - BUS PLAT,12.0,12,1
STC/KENNEDY STATION,8.0,8,1
STCLAIR AND KINGSTON,12.0,12,1
STEEELES AND DUFFERIN,0.0,0,1
STEEELES AND SILVER ST,20.0,20,1
STEEELES AND YONGE LOO,0.0,0,1
STEELE AND CAPSTAN GAT,8.0,8,1
STEELE AND DON MILLS,7.0,7,1
STEELE AND VICTORIA PA,24.0,24,1
STEELE AND WARDEN,2.0,2,1
STEELE LOOP AT ISLINGT,8.0,8,1
STEELEES AND MARTIN GR,7.0,7,1
STEELES - JUST OUTSIDE,14.0,14,1
STEELES 404 TO VICTORI,0.0,0,1
STEELES AMD BIRCHMOUNT,13.0,13,1
STEELES AMD CAPSTAN,8.0,8,1
STEELES AND 400,8.5,17,2
STEELES AND ADESSO,17.75,71,4
STEELES AND ALLNESS,113.0,226,2
STEELES AND ALNESS,64.92857142857143,909,14
STEELES AND AND MIDLAN,10.0,10,1
STEELES AND ASHCOTE,7.0,7,1
STEELES AND ASHCOTT,6.25,25,4
STEELES AND ASPENWOOD,17.0,34,2
STEELES AND BARMAC,34.0,68,2
STEELES AND BATHURST,11.12962962962963,601,54
STEELES AND BAYVIEW,17.46511627906977,751,43
STEELES AND BESTVIEW,17.0,17,1
STEELES AND BIRCHMOUNT,9.866666666666667,148,15
STEELES AND BRIMELY,19.0,19,1
STEELES AND BRIMLEY,24.6875,395,16
STEELES AND CACTUS,8.333333333333334,50,6
STEELES AND CAPSTAN,30.0,30,1
STEELES AND CAPSTAN GA,9.0,9,1
STEELES AND CARPENTER,8.428571428571429,59,7
STEELES AND CONACHER,7.333333333333333,22,3
STEELES AND CONLEY,8.0,8,1
STEELES AND DON MILLS,23.884615384615383,621,26
STEELES AND DONMILLS,45.0,90,2
STEELES AND DUDLEY,12.333333333333334,74,6
STEELES AND DUFFERIN,9.98076923076923,519,52
STEELES AND DUFFERN,8.0,8,1
STEELES AND DUMONT,6.5,26,4
STEELES AND EASTVALE,15.3125,245,16
STEELES AND EASTVALE R,7.0,7,1
STEELES AND ESNA,10.0,10,1
STEELES AND ESNA PARK,8.0,40,5
STEELES AND FENTON,30.0,30,1
STEELES AND FERRIER,24.0,24,1
STEELES AND FINCH,27.0,27,1
STEELES AND FIREBRACE,21.666666666666668,65,3
STEELES AND FOUNDER,7.0,7,1
STEELES AND FOUNDERS,9.11111111111111,82,9
STEELES AND FOUNDERS R,8.0,8,1
STEELES AND FRESHMEADO,10.0,10,1
STEELES AND FUTURITY,10.0,10,1
STEELES AND FUTURITY G,8.0,8,1
STEELES AND GARY FITZG,0.0,0,1
STEELES AND GAUDAUR,11.25,45,4
STEELES AND GERRY FITZ,10.5,42,4
STEELES AND GIHON SPRI,12.0,12,1
STEELES AND GILHON SPR,81.0,81,1
STEELES AND GRANDVIEW,20.0,20,1
STEELES AND HAWKWAY,24.0,24,1
STEELES AND HENDERSON,16.666666666666668,150,9
STEELES AND HIDDEN TRA,13.0,65,5
STEELES AND HIGHWAY 27,10.714285714285714,75,7
STEELES AND HIGHWAY 40,39.0,39,1
STEELES AND HILDA,13.0,260,20
STEELES AND HILDA ( EA,12.0,12,1
STEELES AND HILDA AVE,0.0,0,1
STEELES AND HILLCROFT,12.0,12,1
STEELES AND HOWARD MOS,4.5,9,2
STEELES AND HWY 27,11.0,44,4
STEELES AND HWY 27 ( E,23.0,23,1
STEELES AND HWY 400,0.0,0,1
STEELES AND HWY 404,178.0,178,1
STEELES AND IRENEMOUNT,10.0,10,1
STEELES AND IRONDALE,8.5,17,2
STEELES AND ISLINGSTON,7.0,7,1
STEELES AND ISLINGTON,31.06779661016949,1833,59
STEELES AND ISLINGTON(,10.0,10,1
STEELES AND JANE,10.866666666666667,163,15
STEELES AND JANE (WEST,9.0,9,1
STEELES AND JEWELL ST,11.0,22,2
STEELES AND KEEL,8.0,8,1
STEELES AND KEELE,10.84375,694,64
STEELES AND KEELE TO S,0.0,0,2
STEELES AND KELVIN GRO,17.0,34,2
STEELES AND KENNEDY,19.08,954,50
STEELES AND KIPLING,18.272727272727273,402,22
STEELES AND KIPLING (K,10.0,10,1
STEELES AND KIPLING LO,13.0,13,1
STEELES AND KLONDIKE,6.0,24,4
STEELES AND LAURELEAF,14.0,56,4
STEELES AND LAURLEAF R,10.0,10,1
STEELES AND LESLIE,15.571428571428571,109,7
STEELES AND LILLIAN,10.666666666666666,32,3
STEELES AND LOOP,0.0,0,1
STEELES AND MARKBROOK,9.0,18,2
STEELES AND MARKHAM,10.8,324,30
STEELES AND MARKHAM (W,24.0,24,1
STEELES AND MARTIN GRO,10.031746031746032,632,63
STEELES AND MARTINGROV,9.125,73,8
STEELES AND MARYDALE,7.333333333333333,22,3
STEELES AND MARYLAND,14.0,14,1
STEELES AND MAXOME,6.0,6,1
STEELES AND MC COWNAN,0.0,0,1
STEELES AND MCCOWAN,15.310344827586206,888,58
STEELES AND MCCOWAN B,14.0,14,1
STEELES AND MCCOWAN LO,0.0,0,2
STEELES AND MCCOWEN,14.0,14,1
STEELES AND MIDDLEFIEL,7.235294117647059,123,17
STEELES AND MIDLAND,18.446153846153845,1199,65
STEELES AND MIDLEFIELD,24.0,24,1
STEELES AND MILIKEN,10.0,40,4
STEELES AND MILIKEN GO,7.0,7,1
STEELES AND MILLIKEN,19.25,77,4
STEELES AND MILLIKEN G,5.0,10,2
STEELES AND MORNING GR,90.0,90,1
STEELES AND MORNINGSID,18.46153846153846,240,13
STEELES AND MOUNTCASTL,13.333333333333334,40,3
STEELES AND MT CASTLE,10.0,10,1
STEELES AND MURRAY ROS,17.076923076923077,222,13
STEELES AND MURRY ROSS,6.0,6,1
STEELES AND NEW WEST M,10.0,10,1
STEELES AND NEW WESTMI,32.6,163,5
STEELES AND NORFINCH,7.625,61,8
STEELES AND NORTH WEST,15.666666666666666,47,3
STEELES AND NORTHWEST,12.3,246,20
STEELES AND NORTHWESTG,66.0,66,1
STEELES AND NW GATE,9.0,18,2
STEELES AND OLD ENGLIS,29.0,87,3
STEELES AND OLD KENNED,16.25,65,4
STEELES AND OLD WESTON,13.142857142857142,92,7
STEELES AND OPPOSITE W,0.0,0,1
STEELES AND PALM GATE,10.0,10,1
STEELES AND PEARCE,21.5,86,4
STEELES AND PETER KAIS,11.285714285714286,79,7
STEELES AND PETROLIA,23.666666666666668,213,9
STEELES AND PHARMACY,30.125,241,8
STEELES AND PLUNKETT,8.0,8,1
STEELES AND QUIETBROOK,20.0,20,1
STEELES AND REDIEA,12.0,12,1
STEELES AND REDLEA,19.5,39,2
STEELES AND ROSSDEAN,7.333333333333333,22,3
STEELES AND SCHOLES,12.5,25,2
STEELES AND SENMAR,10.0,10,1
STEELES AND SETTLER,12.0,12,1
STEELES AND SETTLER RD,12.0,12,1
STEELES AND SHADLOCK,12.5,25,2
STEELES AND SIGNAET HI,7.0,7,1
STEELES AND SIGNAL HIL,14.25,114,8
STEELES AND SIGNET,9.333333333333334,112,12
STEELES AND SIGNOT,10.0,10,1
STEELES AND SILVER,21.0,21,1
STEELES AND SILVER STA,11.1,333,30
STEELES AND SILVERSTAR,236.0,472,2
STEELES AND SLIVER STA,10.0,10,1
STEELES AND STAINES,25.714285714285715,360,14
STEELES AND STEINWAY,9.0,27,3
STEELES AND STRAWBERRY,0.0,0,1
STEELES AND TABERT,9.0,9,1
STEELES AND TANDEM,8.0,16,2
STEELES AND TANGREEN,28.8,144,5
STEELES AND TAPSCOT,28.0,28,1
STEELES AND TAPSCOTT,33.714285714285715,708,21
STEELES AND TARBERT,13.0,26,2
STEELES AND TARBERT (E,7.0,7,1
STEELES AND TARBERT RD,12.0,12,1
STEELES AND THURMAN,11.0,22,2
STEELES AND THURMAN RD,20.0,20,1
STEELES AND TORRESDALE,8.333333333333334,25,3
STEELES AND TOWNSEND,11.833333333333334,71,6
STEELES AND TOWNSEND R,42.0,42,1
STEELES AND TRETHEWEY,12.0,12,1
STEELES AND TURBINE,4.0,4,1
STEELES AND VICTORIA P,13.884615384615385,361,26
STEELES AND VILLAGE GA,12.75,102,8
STEELES AND WAGGON WEL,10.0,10,1
STEELES AND WAGGONERS,19.75,79,4
STEELES AND WALKWAY,8.0,8,1
STEELES AND WALKWAY TO,145.0,145,1
STEELES AND WARDEN,16.428571428571427,805,49
STEELES AND WESTON,16.0,304,19
STEELES AND WESTON RD,7.0,7,1
STEELES AND WILLOWDALE,27.09090909090909,298,11
STEELES AND WILSON,8.0,8,1
STEELES AND WOODBINE,19.4,194,10
STEELES AND YONGE,21.795180722891565,1809,83
STEELES AND YONGE IN T,0.0,0,1
STEELES AND YONGE LOOP,1.6666666666666667,20,12
STEELES AND YONGE(LOOP,0.0,0,1
STEELES AND YORK MILLS,0.0,0,1
STEELES AVE AND MARTIN,10.0,10,1
STEELES AVE E AND STRA,24.0,24,1
STEELES AVE E LOOP,27.0,27,1
STEELES AVE W AND NEW,0.0,0,1
STEELES AVE WEST LOOP,12.5,25,2
STEELES AVENUE WEST AN,10.0,10,1
STEELES E OF BIRCHMOUN,0.0,0,1
STEELES EAST AND MIDLA,11.0,11,1
STEELES EAST OF MIDDLE,7.0,7,1
STEELES GIHON SPRING,208.0,208,1
STEELES LOOP,7.86697247706422,1715,218
STEELES LOOP ( YONGE A,15.0,15,1
STEELES LOOP (27 STEEL,0.0,0,1
STEELES LOOP (EAST OF,0.0,0,1
STEELES LOOP (STEELES,12.5,25,2
STEELES LOOP (VICTORIA,8.5,17,2
STEELES LOOP (YONGE),0.0,0,3
STEELES LOOP - EAST OF,25.0,25,1
STEELES LOOP - STEELES,0.0,0,2
STEELES LOOP - VICTORI,10.0,10,1
STEELES LOOP - YONGE,0.0,0,1
STEELES LOOP -- SIGNAL,10.0,10,1
STEELES LOOP 27 STEEL,0.0,0,1
STEELES LOOP @ WARDEN,24.0,24,1
STEELES LOOP AND KIPLI,10.0,40,4
STEELES LOOP AND YONGE,10.0,20,2
STEELES LOOP AT KIPLIN,9.666666666666666,58,6
STEELES LOOP AT MARTIN,9.6,48,5
STEELES LOOP AT VICTOR,7.0,7,1
STEELES LOOP AT WARDEN,20.0,20,1
STEELES LOOP AT YONGE,3.3333333333333335,10,3
STEELES LOOP BY MARTIN,9.0,9,1
STEELES LOOP KIPLING,0.0,0,1
STEELES LOOP ON YONGE,0.0,0,1
STEELES LOOP YONGE AND,0.0,0,1
STEELES LOOP(ISLINGTON,14.0,14,1
STEELES LOOP- 27 STEEL,0.0,0,1
STEELES LOOP- KIPLING,10.0,10,1
STEELES LOOP- STEELES,0.0,0,1
STEELES LOOP- W OF MAR,11.0,11,1
STEELES TO YORK MILLS,0.0,0,1
STEELES W AND DUFFERIN,0.0,0,1
STEELES W AND NW GATE,14.0,28,2
STEELES WEST AND HILDA,8.0,8,1
STEELES WEST AND KEELE,0.0,0,1
STEELES WEST AND MARTI,0.0,0,1
STEELES WEST LOOP (MAR,12.0,12,1
STEELES WEST LOOP AT M,11.0,22,2
STEELES YONGE LOOP,2.5,5,2
STEELES/YONGE LOOP,0.0,0,1
STEELS AND JANE,12.0,12,1
STEELS AND MARTIN GROV,12.0,12,1
STEELS AND ROSSDEAN (E,7.0,7,1
STEEPROCK AND CHESSWOO,10.0,20,2
STEEPROCK AND WHITEHOR,50.0,50,1
STEINWAY AND SIGNAL HI,8.666666666666666,26,3
STELLES AND HILA,0.0,0,1
STEPHEN AND BERRY,9.0,27,3
STEPHEN AND CLOVERHILL,28.0,28,1
STEPHEN AND MEWS,15.0,15,1
STEPHEN AND RINGLEY,15.0,15,1
STEVENSON STATION,1.0,1,1
STING AND DRIFTWOOD,24.0,24,1
STONG AND DRIFTWOOD,9.5,19,2
STR CLAIR WEST STATION,12.0,12,1
STRACHAN AND CANNIFF,25.0,100,4
STRACHAN AND DOURO,55.0,55,1
STRACHAN AND DUORO/ WE,135.0,135,1
STRACHAN AND EAST LIBE,4.25,17,4
STRACHAN AND FLEET,0.0,0,1
STRACHAN AND KING,1.6666666666666667,5,3
STRACHAN AND LAKESHORE,30.0,30,1
STRACHAN AND LIBERTY,87.0,174,2
STRACHAN AND MANITOBA,20.0,20,1
STRACHAN AND WELLINGTO,19.0,38,2
STRANCHAN AND KING,57.0,57,1
STRATHMORE AND COXWELL,10.0,10,1
STRATHMORE AND WOODBIN,12.0,12,1
STRAUGHAN AND MANITOBA,16.0,16,1
STREELES LOOP,28.0,28,1
STUBBSWOOD AND GLEN WA,0.0,0,1
SUBWAY OPERATIONS BUIL,0.0,0,2
SUBWAY OPS BUILDING,0.0,0,1
SUDBURY AND KING,10.0,10,1
SULTANA AND AMEER,10.0,10,1
SUMMER HILL STATION,0.0,0,1
SUMMERHILL AND MACLEAN,25.0,25,1
SUMMERHILL AND MACLENN,30.0,60,2
SUMMERHILL STATION,10.0,10,1
SUMMIT AND CALEDONIA,0.0,0,1
SUNCREST AND GLENORCHY,262.5,525,2
SUNNNYBROOK HOPITAL,0.0,0,1
SUNNY BROOK LOOP,30.0,30,1
SUNNYBROOK HOSPITAL,18.45945945945946,1366,74
SUNNYBROOK HOSPITAL (H,18.0,18,1
SUNNYBROOK HOSPITAL -,6.666666666666667,20,3
SUNNYBROOK HOSPITAL TO,0.0,0,1
SUNNYBROOK TO DAVISVIL,20.0,20,1
SUNNYBROOK TO SHEPPARD,0.0,0,1
SUNNYBROOKE HOSPITAL,18.0,18,1
SUPPORT SERVICES BUILD,0.0,0,1
SUTHERLAND AND BAYVIEW,0.0,0,1
SUTHERLAND AND BESSBOR,15.0,15,1
SUTHERLAND AND HANNA,30.0,30,1
SUTHERLAND AND MILLWOO,22.6,113,5
SUTHERLAND DRIVE AND M,304.0,304,1
SWABWICK AND VICTORIA,30.0,30,1
SWEENEY AND SLOANE,0.0,0,2
SWEENEY AND VICTORIA P,25.0,25,1
SYMINGTON AND ANTLER,12.666666666666666,38,3
SYMINGTON AND BLOOR,49.7,497,10
SYMINGTON AND BLOORB,12.0,12,1
SYMINGTON AND DAVENPOR,32.666666666666664,294,9
SYMINGTON AND DUPONT,11.75,94,8
SYMINGTON AND ERNEST,12.833333333333334,77,6
SYMINGTON AND KINGSLEY,160.0,480,3
SYMINGTON AND PATON,12.0,12,1
SYMINGTON AND PATON (N,10.0,10,1
SYMINGTON AND WALLACE,159.33333333333334,478,3
SYMINGTON BETWEEN WALL,293.0,293,1
SYMMINGTON AND KINGSLE,841.0,841,1
SYSTEM WIDE,0.0,0,1
SYSTEMWIDE,0.0,0,1
T3 TO DUNDAS,0.0,0,1
TANDRIDGE CRES AND ARC,27.0,27,1
TANDRIDGE CRESCENT,22.0,22,1
TANDRIDGE CRESENT,0.0,0,1
TANGIERS AND FINCH,6.5,13,2
TANGIERS AND FOUR WIND,6.0,12,2
TANGIERS RD AND FINCH,6.0,6,1
TAPSCOT AND WASHBURN,105.0,105,1
TAPSCOTT AND BLACKWELL,15.5,31,2
TAPSCOTT AND CROW,13.0,13,1
TAPSCOTT AND CROW TAIL,12.0,12,1
TAPSCOTT AND CROW TRAI,16.571428571428573,116,7
TAPSCOTT AND FINCH,7.653846153846154,199,26
TAPSCOTT AND MCLEVIN,121.25,485,4
TAPSCOTT AND MCNICOLL,16.5,66,4
TAPSCOTT AND NEILSON,15.0,15,1
TAPSCOTT AND NEWGALE,18.5,37,2
TAPSCOTT AND PASSMORE,49.333333333333336,148,3
TAPSCOTT AND SELECT,12.277777777777779,221,18
TAPSCOTT AND SELECT (S,9.0,9,1
TAPSCOTT AND SELECT AV,6.0,6,1
TAPSCOTT AND STEELES,17.25,138,8
TAPSCOTT AND WASHBURN,27.8,139,5
TAPSCOTT AT FINCH,0.0,0,1
TECUMSETH AND WELLINGT,20.0,20,1
TEDDINGTON PARK AND SN,25.0,25,1
TERMINAL #1,12.0,12,1
TERMINAL 1,21.666666666666668,65,3
TERMINAL 1 AIRPORT,10.0,10,1
TERMINAL 1 PEARSON AIR,0.0,0,1
TERMINAL 1 YYZ,30.0,30,1
TERMINAL 3,8.9375,143,16
TERMINAL 3 (PEARSON A,0.0,0,1
TERMINAL 3 - ARRIVALS,0.0,0,2
TERMINAL 3 - C2,0.0,0,1
TERMINAL 3 - PEARSIN A,10.0,10,1
TERMINAL 3 - PEARSON A,6.714285714285714,47,7
TERMINAL 3 - RAMP,0.0,0,1
TERMINAL 3 AIRPORT,16.0,32,2
TERMINAL 3 AIRPORT - A,0.0,0,1
TERMINAL 3 AIRPORT ARR,9.0,9,1
TERMINAL 3 AND 427,0.0,0,1
TERMINAL 3 AND JETLINE,9.0,9,1
TERMINAL 3 AND ON RAMP,10.0,10,1
TERMINAL 3 ARRIVALS,5.0,10,2
TERMINAL 3 ARRIVALS AT,0.0,0,1
TERMINAL 3 BUS STOP,10.0,10,1
TERMINAL 3 EXIT RAMP,10.0,10,1
TERMINAL 3 PEARSON,6.0,12,2
TERMINAL 3 PEARSON AIR,1.6666666666666667,10,6
TERMINAL 3 PEARSON INT,91.0,91,1
TERMINAL 3- PEARSON AI,10.0,10,1
TERMINAL ONE - PEARSON,60.0,60,1
TERMINAL THREE TO KIPL,0.0,0,1
TERMNAL 3 ARRIVAL,0.0,0,1
TEWSLEY PLACE,10.0,10,1
THE BRIDAL WALK AND MA,39.5,79,2
THE BRIDLE PATH AND LA,390.0,780,2
THE BRIDLE PATH AND PA,0.0,0,1
THE BRIDLE WALK AND CA,30.0,30,1
THE BRIDLE WALK AND MA,14.0,14,1
THE DON WAY EAST AND L,117.0,117,1
THE DONWAY AND DON MIL,0.0,0,1
THE DONWAY AND LAWRENC,50.5,101,2
THE DONWAY EAST AND LA,25.0,50,2
THE DONWAY EAST AND WI,30.0,30,1
THE DONWAY WEST AND LA,25.0,25,1
THE EAST MALL AND BLOO,6.5,78,12
THE EAST MALL AND BURH,13.5,27,2
THE EAST MALL AND BURN,8.333333333333334,25,3
THE EAST MALL AND CANT,12.0,12,1
THE EAST MALL AND CAPR,6.75,27,4
THE EAST MALL AND DUND,8.5,17,2
THE EAST MALL AND EGLI,19.8,99,5
THE EAST MALL AND EVAN,17.666666666666668,53,3
THE EAST MALL AND FORM,0.0,0,1
THE EAST MALL AND GIB,16.0,16,1
THE EAST MALL AND GIBB,3.6363636363636362,120,33
THE EAST MALL AND GORD,13.5,27,2
THE EAST MALL AND KEAN,13.5,27,2
THE EAST MALL AND NORT,114.66666666666667,344,3
THE EAST MALL AND QUEE,14.666666666666666,44,3
THE EAST MALL AND RATH,12.0,24,2
THE EAST MALL AND TALG,10.0,10,1
THE EAST MALL AND THE,18.6,93,5
THE EAST MALL AND VALH,0.0,0,2
THE EAST MALL AND WEST,15.0,15,1
THE EAST MALL AND YARD,20.0,20,1
THE EAST MALL AND YARN,16.0,16,1
THE EAST MALL ANDBLOOR,5.0,5,1
THE EAST MALL CRESCENT,10.0,10,1
THE EASTMALL AND BURNH,0.0,0,1
THE ESPLANADE AND FRED,20.0,20,1
THE ESPLANADE AND JARV,0.0,0,1
THE ESPLANADE AND LOWE,202.66666666666666,608,3
THE ESPLANADE AND MARK,15.0,15,1
THE ESPLANADE AND PRIN,20.0,20,1
THE ESPLANDE AND LOWER,20.0,20,1
THE LINKS ROAD AND TOU,25.0,25,1
THE POND AND ARBORETUM,30.0,30,1
THE POND AND HAYNES,0.0,0,1
THE POND AND IAN MACDO,10.0,10,1
THE POND AND LEITCH,10.0,10,1
THE POND AND SENECA,8.0,8,1
THE POND AND SENITNEL,13.0,13,1
THE POND AND SENTINEL,16.666666666666668,50,3
THE POND AVE AND SENEC,10.0,10,1
THE PONDE AND ABORETUM,30.0,30,1
THE QUEENS QUAY EAST A,10.0,10,1
THE QUEENSAWY AND KIPL,5.0,5,1
THE QUEENSWAY AND ALGI,21.25,85,4
THE QUEENSWAY AND ATOM,18.0,18,1
THE QUEENSWAY AND CANM,12.0,12,1
THE QUEENSWAY AND CULN,23.0,23,1
THE QUEENSWAY AND ELLI,15.0,30,2
THE QUEENSWAY AND HIGH,17.333333333333332,52,3
THE QUEENSWAY AND ISLI,20.0,60,3
THE QUEENSWAY AND KING,30.0,30,1
THE QUEENSWAY AND KIPL,13.75,220,16
THE QUEENSWAY AND LOMA,20.0,20,1
THE QUEENSWAY AND N QU,20.0,20,1
THE QUEENSWAY AND NORT,23.25,93,4
THE QUEENSWAY AND PARK,31.25,125,4
THE QUEENSWAY AND PENH,20.0,20,1
THE QUEENSWAY AND QUEE,25.0,25,1
THE QUEENSWAY AND RONC,0.0,0,2
THE QUEENSWAY AND ROYA,18.4,184,10
THE QUEENSWAY AND SHER,10.0,20,2
THE QUEENSWAY AND ST L,30.0,30,1
THE QUEENSWAY AND STEP,20.0,20,1
THE QUEENSWAY AND TAYM,20.0,20,1
THE QUEENSWAY AND THE,22.0,132,6
THE QUEENSWAY AND WIND,21.333333333333332,128,6
THE QUEENSWAY AND ZORR,575.0,575,1
THE QUEENSWAY AT GRAND,0.0,0,1
THE WEST MALL,17.0,34,2
THE WEST MALL AMD SHER,30.0,30,1
THE WEST MALL AND BLOO,27.166666666666668,163,6
THE WEST MALL AND BURN,75.58333333333333,907,12
THE WEST MALL AND DUND,13.8,69,5
THE WEST MALL AND EVAN,212.0,212,1
THE WEST MALL AND HOLI,21.0,63,3
THE WEST MALL AND PAXM,22.0,22,1
THE WEST MALL AND QUEE,18.0,18,1
THE WEST MALL AND RATB,22.0,22,1
THE WEST MALL AND RATH,19.5,39,2
THE WEST MALL AND SHER,17.875,286,16
THE WEST MALL AND THE,15.0,15,1
THE WEST MALL AND WELL,12.0,24,2
THE WEST MALL AND WEST,17.0,17,1
THE WEST MALLE AND WES,18.0,18,1
THE WEST WAY AND HARTS,16.0,16,1
THE WEST WAY AND KIPLI,18.666666666666668,56,3
THE WEST WAY AND MARTI,12.0,12,1
THE WEST WAY AND ROYAL,20.0,20,1
THE WESTMALL AND THE Q,161.0,322,2
THE WESTWAY AND BRAECR,19.333333333333332,58,3
THE WESTWAY AND BRAMPT,41.333333333333336,124,3
THE WESTWAY AND CALLOW,19.0,38,2
THE WESTWAY AND CELEST,19.0,38,2
THE WESTWAY AND FULFOR,20.0,20,1
THE WESTWAY AND ISLING,20.0,60,3
THE WESTWAY AND KIPLIN,19.666666666666668,59,3
THE WESTWAY AND LAWREN,20.0,20,1
THE WESTWAY AND MARTIN,43.142857142857146,302,7
THE WESTWAY AND ROYA Y,20.0,20,1
THE WESTWAY AND ROYAL,19.272727272727273,212,11
THE WESTWAY AND SANDWE,11.5,23,2
THE WESTWAY AND TREHOR,16.5,33,2
THE WESTWAY AND TRIO,20.0,20,1
THEEAST MALL AND CASTL,16.0,16,1
THIRTEENTH AND ALHENA,25.0,25,1
THIRTHIETH AND LAKE SH,5.0,5,1
THISTLE DOWN AND BENTW,30.0,30,1
THISTLE DOWN AND DASHW,306.0,306,1
THISTLE DOWN AND DEANL,24.0,24,1
THISTLE DOWN BOULEVARD,30.0,30,1
THISTLEDOWN AND ALBION,57.0,114,2
THISTLEDOWN AND BENTWI,119.0,119,1
THONCLIFFE AND OVERLEA,132.0,132,1
THORMCLIFFE AND MILEPO,40.0,40,1
THORNCIFFE AND OVERLEA,112.0,112,1
THORNCILFFE PARK AND O,10.0,10,1
THORNCLIFF AND OVERLEA,26.0,52,2
THORNCLIFFE AND EGLINT,0.0,0,1
THORNCLIFFE AND MILEPO,9.0,18,2
THORNCLIFFE AND OVERLE,17.09375,1094,64
THORNCLIFFE PARK,0.0,0,5
THORNCLIFFE PARK AND G,9.0,9,1
THORNCLIFFE PARK AND M,4.0,8,2
THORNCLIFFE PARK AND O,13.764705882352942,234,17
THORNCLIFFE PARK DR,0.0,0,6
THORNCLIFFE PARK DR AN,7.0,7,1
THORNCLIFFE PARK DRIVE,7.5,15,2
THORNCLIFFE PK AND GRA,24.0,24,1
THORNECLIFFE AND OVERL,9.0,9,1
THORNELCLIFFE AND OVER,135.0,135,1
THRETHEWAY AND CLEARVI,15.0,15,1
THRETHEWEY AND BROOKHA,10.0,10,1
THRETHEWEY AND JANE,10.0,10,1
THRETHWAY AND IRVING,10.0,10,1
THRISTLE DOWN AND ALBI,28.0,28,1
THRNCLIFFE PARK AND OV,9.0,9,1
THRONCLIFFE AND OVERLE,10.333333333333334,31,3
THRONCLIFFE PARK DR,9.0,9,1
THRONECLIFF PARK AND O,255.0,255,1
TITAN AND ISLINGTON,19.0,19,1
TMU STATION,0.0,0,1
TOBA AND MONTRESSOR,25.0,50,2
TOBERMORY AND FINCH,30.0,30,1
TODD BAYLIS AND INDUST,12.5,25,2
TODD BAYLIS AND TRETHE,0.0,0,1
TOLLINGTON AND MARTIN,21.11111111111111,190,9
TOLLINGTON RD AND MART,24.0,24,1
TORBARRIE AND JETHROW,20.0,20,1
TORBARRIE AND KIRBY,23.0,23,1
TORONTO INTERNATIONAL,0.0,0,1
TORONTO METRO ZOO,8.0,8,1
TORONTO PEARSON AIRPOR,7.142857142857143,100,14
TORONTO PEARSON INTERN,10.0,10,1
TORONTO SOUTH DETENTIO,25.0,25,1
TORONTO ST AND KING,0.0,0,1
TORONTO TRANSIT COMISS,0.0,0,1
TORONTO TRANSIT COMMIS,0.0,0,28
TORONTO TRANSIT CONTRO,0.0,0,1
TORONTO ZOO,14.285714285714286,600,42
TORONTO ZOO BUS LOOP,5.5,22,4
TORONTO ZOO LOOP,18.5,74,4
TORRESDALE AND ANTIBES,30.0,60,2
TORYORK AND ORMONT DR,16.0,16,1
TOURNAMENT AND THE LIN,25.0,75,3
TOWNLEA LOOP,26.0,26,1
TOWNSEN AND STEELES,0.0,0,1
TOWNSEND AND FRESHMEAD,5.333333333333333,16,3
TOWNSEND AND FRESHMEDO,10.0,10,1
TOWNSEND AND STEELES,14.5,29,2
TOWNSLEY LOOP,20.5,246,12
TOWNSLEY LOOP- ST CLAI,22.0,22,1
TRAFALGAR AND BRITANNI,12.0,12,1
TRANSIT AND ALLEN,5.0,5,1
TRANSIT AND WILSON,11.222222222222221,101,9
TRANSIT CONTROL CENTER,0.0,0,1
TRANSIT CONTROL CENTRE,0.0,0,1
TRANSIT CONTROL- GUNN,0.0,0,1
TRANSIT RD ENTRANCE OF,0.0,0,1
TRANSIT ROAD,7.5,15,2
TRANSIT ROAD AND WILSO,10.0,20,2
TRANSWAY AND EGLINTON,11.545454545454545,127,11
TRANSWAY CRES AND EGLI,15.0,15,1
TRANSWAY CRESCENT AND,16.0,48,3
TRETHEWAY AND BLACK CR,0.0,0,1
TRETHEWAY AND BROOKHAV,52.666666666666664,158,3
TRETHEWAY AND EGLINTON,17.5,35,2
TRETHEWAY AND JANE,11.0,55,5
TRETHEWAY AND MARTHA E,35.0,35,1
TRETHEWAY AND PLATINUM,11.0,22,2
TRETHEWAY AND YORE,10.0,10,1
TRETHEWEY AND BLACK CR,21.0,21,1
TRETHEWEY AND BROOKHAV,16.666666666666668,50,3
TRETHEWEY AND CLEARVIE,39.0,78,2
TRETHEWEY AND EGLINTON,18.0,162,9
TRETHEWEY AND GREENTRE,10.333333333333334,31,3
TRETHEWEY AND JANE,11.384615384615385,296,26
TRETHEWEY AND KING GEO,36.666666666666664,110,3
TRETHEWEY AND MARTHA E,12.0,12,1
TRETHEWEY AND PAULSON,9.75,39,4
TRETHEWEY AND TODD BAY,12.0,24,2
TRETHEWEY AND YORE,38.0,190,5
TRETHEWEY DR AND GREEN,12.0,12,1
TRETHEWEY DR AND JANE,10.0,10,1
TRETHEWEY DR AND PAULS,10.0,10,1
TRETHEWY AND CLEARVIEW,10.0,10,1
TRETHEWY AND KING GEOR,102.0,102,1
TRETHWAY AND MARTHA EA,12.0,12,1
TRETHWEY AND JANE,8.0,8,1
TRETJEWEY AND BROOKHAV,13.0,13,1
TRINTON AND BRIMLEY,660.0,660,1
TRITION AND BOROUGH,13.0,13,1
TRITION AND BOROUGH DR,15.0,15,1
TRITON AND BOROUGH,14.982758620689655,869,58
TRITON AND BOROUGH DR,15.0,15,1
TRITON AND BOROUGH DRI,10.0,10,1
TRITON AND BRIMELY,16.666666666666668,50,3
TRITON AND BRIMLEY,62.93478260869565,2895,46
TRITON AND BROUGH DR,15.0,15,1
TRITON AND ELLESMERE,15.0,15,1
TRITON AND MCCOWAN,13.76923076923077,179,13
TRITON AND PHARMACY,10.0,10,1
TRITON RD AND BOROUGH,15.0,15,1
TRITON ROAD AND BOROUG,15.0,15,1
TRITON ROAD AND BRIMLE,25.0,25,1
TURTLE ISLAND AND VARN,50.0,50,1
TUSCAN AND SHEPPARD,200.0,800,4
TUSCAN GATE AND SAINT,8.0,8,1
TUSCAN GATE AND SHEPPA,8.5,34,4
TUSCAN GATE AND ST REG,65.5,131,2
TWEEDSMUIR AND ST CLAI,10.0,10,1
TWO LOCATIONS,0.0,0,1
TYCOS AND CALEDONIA,27.333333333333332,82,3
U OF T,16.0,16,1
U OF T (SCARBOUROUGH C,10.0,10,1
U OF T - SCARBOROUGH C,10.0,10,1
U OF T CAMPUS,10.0,10,1
U OF T LOOP,10.0,20,2
U OF T LOOP (ELLESMER,19.0,19,1
U OF T LOOP AT MILITAR,7.0,7,1
U OF T SCARBOROUGH,13.8,69,5
U OF T SCARBOROUGH CAM,15.0,15,1
U OF T SCARBOROUGH LO,10.0,10,1
U OF T SCARBOROUGH LOO,10.666666666666666,32,3
UFT,10.0,10,1
UNDER HILL AND CASANDR,157.0,157,1
UNDERHIL AND CASSANDRA,8.0,8,1
UNDERHILL AND BEVERIDG,16.5,33,2
UNDERHILL AND BROOKBAN,21.5,43,2
UNDERHILL AND CASSANDR,19.5,39,2
UNDERHILL AND CORNERBR,319.0,319,1
UNDERHILL AND GERVAIS,20.0,20,1
UNDERHILL AND HATHERTO,18.0,18,1
UNDERHILL AND LAWRENCE,23.0,23,1
UNDERPASS AND ROYWOOD,0.0,0,1
UNDERPASS GATE AND FEN,6.5,13,2
UNDERPASS GATE AND ROY,30.0,30,1
UNDERWOOD AND VARISTY,30.0,30,1
UNDERWOOD AND VARSITY,20.0,20,1
UNION STATION,11.555555555555555,208,18
UNION STATION GREEN P,0.0,0,1
UNIONT STATION,10.0,10,1
UNIONVILLE GO PARKING,30.0,30,1
UNIVERISTY OF TORONTO,12.0,12,1
UNIVERISTY OF TOROTNO,15.0,15,1
UNIVERISTY OF TRORONTO,20.0,20,1
UNIVERITY OF TORONTO (,16.0,16,1
UNIVERSITY AND ELM,0.0,0,1
UNIVERSITY AND GERRARD,5.0,5,1
UNIVERSITY AND KING,1.0,1,1
UNIVERSITY AND ORDE,37.0,37,1
UNIVERSITY AND QUEEN,0.0,0,3
UNIVERSITY AND QUEEN'S,0.0,0,1
UNIVERSITY AND QUEENS,192.0,192,1
UNIVERSITY AND RICHMON,0.0,0,1
UNIVERSITY AND WELLING,0.0,0,1
UNIVERSITY OF SCARBORO,16.0,16,1
UNIVERSITY OF TORONTO,13.025974025974026,1003,77
"UNIVERSITY OF TORONTO,",17.0,34,2
UNIVERSITY OFTORONTO S,12.0,12,1
UNIVERSITY ON TORONTO,17.0,17,1
UNIVERTY OF TORONTO LO,16.0,16,1
UNKNOWN,21.333333333333332,64,3
UNKNOWN LOCATION,10.0,20,2
UNO AND THE QUEENSWAY,10.0,10,1
UNWIN AND LESLIE,0.0,0,1
UOFT - LOOP - MILITARY,0.0,0,1
UOFT SCARBOROUGH BUS L,16.0,16,1
UOFT SCARBOROUGH CAMPU,7.0,7,1
UOFT SCARBOROUGH LOOP,13.0,26,2
UOFT SCARBORUGH CAMPUS,15.0,30,2
UP JOHN AND YORK MILLS,12.0,12,1
UPPER CANADA AND LORD,22.0,176,8
UPPER CANADA AND MONTR,122.0,122,1
UPPER CANADA AT ALDERS,25.0,25,1
UPPER CANADA DRIVE AND,58.0,58,1
UPPER GERRARD AND COXW,10.333333333333334,31,3
UPPER HIGHLAND AND MUN,25.0,25,1
UPPER HIGHLAND AND OWE,22.0,22,1
UPPER HIGHLAND AND TOU,0.0,0,1
UPPER HIGHLAND AND YOR,16.25,65,4
UPPER HIGHLAND CREEEK,20.0,20,1
UPPER HIGHLAND CRESCEN,30.0,30,1
UPPER HIGLAND CRESCENT,25.0,25,1
UPPER ISLAND CRESCENT,0.0,0,1
UPTOWN AND HIGHWAY 7,10.0,10,1
UTSC BUS LOOP - MILITA,15.0,15,1
UTSC LOOP,10.0,10,1
"VALE OF AVOCA, YONGE S",20.0,20,1
VALLEY WOOD AND BROOKB,40.0,40,1
VALLEY WOODS AND YORK,26.5,106,4
VALLEYWOOD AND BROOK B,18.0,18,1
VALLY WOODS AND BROOKB,32.5,65,2
VAN HORN AND BICKERTON,30.0,30,1
VAN HORNE AND BICKERTO,30.0,60,2
VAN HORNE AND DEERFORD,0.0,0,1
VAN HORNE AND HOUSTON,30.0,60,2
VAN HORNE AND HWY404,30.0,30,1
VANDERHOF AND AERODROM,25.0,25,1
VANDERHOOF AND AERODRO,24.0,24,1
VANDERHOOF AND BRENTCL,46.666666666666664,140,3
VANDERHOOF AND THOMAS,35.0,35,1
VARISTY AND VAN STASSE,90.0,90,1
VARNA AND BAGOT,36.0,36,1
VARNA AND FLEMINGTON,29.272727272727273,322,11
VARNA AND FLEMINTON,22.0,22,1
VARNA AND LAWRENCE,33.333333333333336,100,3
VARNA AND RONDALE,153.0,153,1
VARNA AND TURTLE ISLAN,65.0,130,2
VARNA AND VARNA,248.0,248,1
VARSITY AND UNDERWOOD,0.0,0,1
VARSITY AND VAN STASSE,84.75,339,4
VAUGHAN (WYCHWOOD TO K,15.0,15,1
VAUGHAN AND ARLINGTON,5.666666666666667,17,3
VAUGHAN AND CEDRIC,0.0,0,1
VAUGHAN AND HUMEWOOD,7.333333333333333,44,6
VAUGHAN AND JESMOND,11.0,22,2
VAUGHAN AND JESMOND AV,7.0,7,1
VAUGHAN AND KENWOOD,34.833333333333336,209,6
VAUGHAN AND LOUISE,10.0,10,1
VAUGHAN AND MAPLEWOOD,13.0,65,5
VAUGHAN AND OAKWOOD,22.333333333333332,201,9
VAUGHAN AND OAKWOOD AV,0.0,0,1
VAUGHAN AND ROBINA,12.0,12,1
VAUGHAN AND RUSHTON,94.0,94,1
VAUGHAN AND ST CLAIR,7.828571428571428,274,35
VAUGHAN AND ST CLAIR A,7.0,7,1
VAUGHAN AND ST. CLAIR,10.0,100,10
VAUGHAN AND WINONA,9.666666666666666,29,3
VAUGHAN METROPOLITAN C,0.0,0,2
VAUGHN AND CONNAUGHT C,0.0,0,1
VAUGHN AND KENWOOD,94.0,94,1
VAUGHN AND MAPELWOOD,0.0,0,1
VAUGHN AND OAKWOOD,12.0,12,1
VAUHGHAN AND JESMOND,65.0,65,1
VENDOME AND GRENOBLE,15.0,15,1
VERNA AND LAWRENCE,20.0,20,1
VICORA AND PAVANE,9.0,9,1
VICROTIA PARK AND GALB,33.0,33,1
VICTOAI PARK STATION,10.0,10,1
VICTOIRA PARK AND CONR,10.0,10,1
VICTORAI PARK STATION,10.0,10,1
VICTORIA AND CONSUMERS,0.0,0,1
VICTORIA AND CRAIGTON,10.0,10,1
VICTORIA AND CRESCENT,24.0,24,1
VICTORIA AND DANFORTH,26.0,26,1
VICTORIA AND DENTON,22.0,22,1
VICTORIA AND IVORDALE,21.0,21,1
VICTORIA AND LAWRENCE,6.666666666666667,20,3
VICTORIA AND O'CONNOR,11.0,11,1
VICTORIA AND PARKWOOD,12.0,36,3
VICTORIA AND SHEPPARD,11.666666666666666,105,9
VICTORIA AND ST CLAIR,10.0,20,2
VICTORIA AND STEELES,10.0,20,2
VICTORIA AND TEMPO AVE,38.0,38,1
VICTORIA PARJ AND ELLE,9.0,9,1
VICTORIA PARK,18.666666666666668,56,3
VICTORIA PARK AND 401,5.0,10,2
VICTORIA PARK AND ALTA,9.0,18,2
VICTORIA PARK AND BASS,15.0,30,2
VICTORIA PARK AND BING,18.0,36,2
VICTORIA PARK AND BISC,13.6,68,5
VICTORIA PARK AND CLYD,86.0,86,1
VICTORIA PARK AND COMB,9.0,18,2
VICTORIA PARK AND CONR,16.25,130,8
VICTORIA PARK AND CONS,13.538461538461538,176,13
VICTORIA PARK AND CRAI,179.0,358,2
VICTORIA PARK AND CRES,10.878048780487806,446,41
VICTORIA PARK AND CURL,5.75,23,4
VICTORIA PARK AND DANF,21.92,548,25
VICTORIA PARK AND DAWE,13.076923076923077,170,13
VICTORIA PARK AND DEAN,22.0,22,1
VICTORIA PARK AND DENT,19.633333333333333,589,30
VICTORIA PARK AND DONS,74.0,74,1
VICTORIA PARK AND DRAY,7.5,15,2
VICTORIA PARK AND EDGE,10.0,20,2
VICTORIA PARK AND EGLI,22.379310344827587,649,29
VICTORIA PARK AND ELLE,21.59090909090909,475,22
VICTORIA PARK AND ELVA,9.0,27,3
VICTORIA PARK AND ERNE,8.0,8,1
VICTORIA PARK AND ESQU,5.0,15,3
VICTORIA PARK AND FARM,9.8,49,5
VICTORIA PARK AND FERN,7.0,7,1
VICTORIA PARK AND FINC,11.476190476190476,241,21
VICTORIA PARK AND FURN,10.0,10,1
VICTORIA PARK AND GERR,22.666666666666668,68,3
VICTORIA PARK AND GORD,34.833333333333336,209,6
VICTORIA PARK AND GREY,9.25,37,4
VICTORIA PARK AND HARE,10.0,10,1
VICTORIA PARK AND HAZE,10.0,10,1
VICTORIA PARK AND HOLM,10.0,10,1
VICTORIA PARK AND HOLS,133.0,133,1
VICTORIA PARK AND HUNI,10.0,10,1
VICTORIA PARK AND HUNT,32.75,131,4
VICTORIA PARK AND HUTI,56.0,56,1
VICTORIA PARK AND HWY,10.0,20,2
VICTORIA PARK AND INNI,9.0,9,1
VICTORIA PARK AND IVOR,9.0,36,4
VICTORIA PARK AND JANE,9.333333333333334,28,3
VICTORIA PARK AND JONE,11.6,58,5
VICTORIA PARK AND KING,26.555555555555557,239,9
VICTORIA PARK AND LANS,3.0,6,2
VICTORIA PARK AND LAWR,14.425,577,40
VICTORIA PARK AND LYNV,7.0,7,1
VICTORIA PARK AND MC N,30.0,30,1
VICTORIA PARK AND MCNI,11.055555555555555,199,18
VICTORIA PARK AND MEAD,19.714285714285715,138,7
VICTORIA PARK AND MEDH,8.0,8,1
VICTORIA PARK AND MEIG,5.0,10,2
VICTORIA PARK AND MORE,20.0,40,2
VICTORIA PARK AND MUSG,20.0,20,1
VICTORIA PARK AND N OF,8.0,8,1
VICTORIA PARK AND NAVA,4.0,8,2
VICTORIA PARK AND NCNI,10.0,10,1
VICTORIA PARK AND NORT,25.0,25,1
VICTORIA PARK AND O CO,10.0,10,1
VICTORIA PARK AND O'CO,10.545454545454545,116,11
VICTORIA PARK AND PACH,8.0,8,1
VICTORIA PARK AND PAGE,111.0,111,1
VICTORIA PARK AND PARK,11.043478260869565,254,23
VICTORIA PARK AND PATR,9.666666666666666,29,3
VICTORIA PARK AND PAWN,10.0,10,1
VICTORIA PARK AND PEAR,22.0,22,1
VICTORIA PARK AND PLEA,30.0,90,3
VICTORIA PARK AND RIPO,20.0,20,1
VICTORIA PARK AND ROWE,7.5,45,6
VICTORIA PARK AND RUSC,15.0,30,2
VICTORIA PARK AND SHEP,22.943396226415093,1216,53
VICTORIA PARK AND SLOA,8.0,40,5
VICTORIA PARK AND SOUT,11.5,23,2
VICTORIA PARK AND SPAR,10.0,10,1
VICTORIA PARK AND ST,10.0,10,1
VICTORIA PARK AND ST B,10.0,20,2
VICTORIA PARK AND ST C,10.473684210526315,398,38
VICTORIA PARK AND ST.,56.0,392,7
VICTORIA PARK AND STEE,11.296296296296296,915,81
VICTORIA PARK AND SUNR,6.666666666666667,20,3
VICTORIA PARK AND SURR,10.6,53,5
VICTORIA PARK AND SWAN,20.0,40,2
VICTORIA PARK AND SWEE,112.5,450,4
VICTORIA PARK AND TEMP,28.0,56,2
VICTORIA PARK AND TERR,9.25,37,4
VICTORIA PARK AND TIAG,8.0,8,1
VICTORIA PARK AND VALD,11.4,57,5
VICTORIA PARK AND VALL,10.0,10,1
VICTORIA PARK AND VAN,32.6,163,5
VICTORIA PARK AND WAKE,20.0,80,4
VICTORIA PARK AND WINS,113.5,227,2
VICTORIA PARK AND WOOD,16.0,32,2
VICTORIA PARK AND YARD,12.5,25,2
VICTORIA PARK AND YORK,10.0,50,5
VICTORIA PARK ANDECOMB,10.0,10,1
VICTORIA PARK AT VICTO,10.0,10,1
VICTORIA PARK AVE,0.0,0,1
VICTORIA PARK AVE AND,10.0,10,1
VICTORIA PARK GARAGE,10.0,10,1
VICTORIA PARK LOOP,9.0,18,2
VICTORIA PARK LOOP ( N,10.0,10,1
VICTORIA PARK LOOP (VI,10.0,10,1
VICTORIA PARK LOOP AT,10.0,10,1
VICTORIA PARK STAION,18.0,18,1
VICTORIA PARK STASTION,10.0,10,1
VICTORIA PARK STATION,15.554,7777,500
VICTORIA PARK STN,16.666666666666668,50,3
"VICTORIA PARK, SCARBOR",10.0,10,1
VICTORIA PARKS AND STE,0.0,0,1
VICTORIA PRK AND DENTO,25.0,25,1
VICTORTIA PARK AND EGL,12.0,12,1
VICTORY AND AIRPORT,10.0,10,1
VICTORY AND CHURCHHILL,0.0,0,1
VICTORY AND CHURCHILL,24.0,24,1
VICTORY AND MCNAUGHTON,0.0,0,1
VICTORY CRES AND MCNAU,0.0,0,1
VICTORY CRESCENT AND A,0.0,0,1
VICTORY CRESCENT AND C,24.0,24,1
VICTROIA PARK STATION,10.0,10,1
VIKING LANE AND WEST S,7.0,7,1
VIKINGS LANE AND KIPLI,8.0,8,1
VILLAGE GATE AND BATHU,10.0,10,1
VILLAGE GATE AND GREEN,0.0,0,1
VILLAGE GATE AND STEEL,9.833333333333334,59,6
VILLAGE GREEN AND METR,14.0,28,2
VILLAGE GREEN SQUARE,13.5,27,2
VILLAGE GREEN SQUARE A,111.0,111,1
VISCOUNT AND NETWORK,15.0,15,1
VIXCTORIA PARK AND MEA,0.0,0,1
W MALL CRESCENT AND TH,18.0,18,1
W SERVICE AND VIKING,144.0,144,1
WALMER AND DAVENPORT,0.0,0,1
WALSH AND MATHEWS GATE,10.0,10,1
WALSH AND MATTHEWS GAT,20.0,20,1
WALSH AND SHEPPARD,123.0,123,1
WALSH AND WESTON,13.5,270,20
WALSH AND WESTON RD,13.0,13,1
WALSH AND WESTON ROAD,64.0,128,2
WALSH AND WILSON,6.0,24,4
WALSH AVE AND WESTON,20.0,20,1
WAQRDENA ND ELLESMERE,10.0,10,1
WARDDN STATION,12.0,12,1
WARDEN,15.0,15,1
WARDEN (BETWEEN EGLINT,48.0,48,1
WARDEN - 17 BIRCHMOUNT,23.0,23,1
WARDEN AND 14TH,0.0,0,1
WARDEN AND 16TH,20.6,103,5
WARDEN AND 401,25.666666666666668,77,3
WARDEN AND 407,20.0,20,1
WARDEN AND ALBION,8.0,8,1
WARDEN AND APARTMENTS,20.0,20,1
WARDEN AND APPLECREEK,60.0,60,1
WARDEN AND ARKONA,22.666666666666668,68,3
WARDEN AND ASHTON BEE,21.0,21,1
WARDEN AND ASHTONBE,144.0,144,1
WARDEN AND ASHTONBEA,12.0,12,1
WARDEN AND ASHTONBEE,16.444444444444443,148,9
WARDEN AND ASHTONBEE R,5.0,5,1
WARDEN AND BAMBERGH,24.0,24,1
WARDEN AND BAMBLETTE,20.0,20,1
WARDEN AND BAMBURG,20.5,41,2
WARDEN AND BAMBURGH,18.25,146,8
WARDEN AND BAMBURGH -,23.0,23,1
WARDEN AND BAMBURGH CI,35.0,140,4
WARDEN AND BAYCLIFFE,24.0,24,1
WARDEN AND BELL ESTATE,19.5,78,4
WARDEN AND BERTRAND,7.5,45,6
WARDEN AND BOEM,15.0,30,2
WARDEN AND BRIDLETOWN,14.333333333333334,43,3
WARDEN AND BRIDLETOWNE,27.90909090909091,307,11
WARDEN AND BURN HILL,24.0,48,2
WARDEN AND BUTTERWORTH,17.5,35,2
WARDEN AND CACHET PARK,45.0,45,1
WARDEN AND CACHET PKWY,24.0,24,1
WARDEN AND CALVERT,24.0,24,1
WARDEN AND CANADIAN,21.0,105,5
WARDEN AND CARLTON,30.0,30,1
WARDEN AND CASTILLE,20.0,20,1
WARDEN AND CATARAQUI,20.333333333333332,61,3
WARDEN AND CATARQUI,21.0,21,1
WARDEN AND CLEANSIDE,13.0,13,1
WARDEN AND CLEGG,8.0,8,1
WARDEN AND CLONMORE,22.0,22,1
WARDEN AND CLOVERLEAF,18.0,18,1
WARDEN AND COMSTOCK,24.27777777777778,437,18
WARDEN AND DANFORTH,30.058823529411764,1022,34
WARDEN AND DANFORTH AV,18.333333333333332,55,3
WARDEN AND DANFORTH RD,15.0,60,4
WARDEN AND DEANS,0.0,0,1
WARDEN AND DENISON,24.0,24,1
WARDEN AND EGLINTON,20.096774193548388,623,31
WARDEN AND ELLESMERE,40.72,1018,25
WARDEN AND ELLINGTON,6.0,12,2
WARDEN AND ELLSMERE,13.0,13,1
WARDEN AND ENTERPRISE,28.2,141,5
WARDEN AND FAIRFAX,16.4,246,15
WARDEN AND FAIRFAX CRE,18.0,18,1
WARDEN AND FINCH,25.625,820,32
WARDEN AND FIRVALLEY,23.333333333333332,70,3
WARDEN AND FNCH,8.0,8,1
WARDEN AND GIBSON,51.0,51,1
WARDEN AND GLEN SPRING,17.0,51,3
WARDEN AND GLENCONE,36.0,36,1
WARDEN AND GLENCOVE,15.5,31,2
WARDEN AND HIGHWAY 7,64.75,518,8
WARDEN AND HUNGTINWOOD,18.0,18,1
WARDEN AND HUNTIGWOOD,20.0,20,1
WARDEN AND HUNTINGTON,20.0,20,1
WARDEN AND HUNTINGWOOD,18.333333333333332,385,21
WARDEN AND HWY # 7,24.0,24,1
WARDEN AND HWY 7,27.666666666666668,83,3
WARDEN AND HYMUS,50.166666666666664,301,6
WARDEN AND IONSON,18.0,18,1
WARDEN AND KENNEDY,13.0,13,1
WARDEN AND KINGSTON,30.285714285714285,212,7
WARDEN AND KINGSTON RD,30.0,30,1
WARDEN AND KINGSTON RO,22.0,22,1
WARDEN AND LAWRENCE,30.054054054054053,1112,37
WARDEN AND LAWRENCE TO,0.0,0,1
WARDEN AND LOWCREST,20.0,20,1
WARDEN AND LUPIN,13.166666666666666,79,6
WARDEN AND MACK,20.0,80,4
WARDEN AND MAJOR MACKE,80.33333333333333,241,3
WARDEN AND MANHATTAN,29.666666666666668,89,3
WARDEN AND MARBLE,47.0,47,1
WARDEN AND MARBLE ARCH,19.0,57,3
WARDEN AND MASSEYFIELD,35.0,35,1
WARDEN AND MCNICOLL,38.55555555555556,1041,27
WARDEN AND METROPLITAN,28.0,28,1
WARDEN AND METROPOLITA,12.625,101,8
WARDEN AND MINFORD,13.5,27,2
WARDEN AND PALMDALE,12.0,12,1
WARDEN AND ROGER,30.0,30,1
WARDEN AND ROPER,20.545454545454547,226,11
WARDEN AND S OF ST CLA,10.0,10,1
WARDEN AND SEAGRAVE,28.0,56,2
WARDEN AND SHEPPARD,22.72,568,25
WARDEN AND SHERRY,31.0,93,3
WARDEN AND SHERWOOD,27.666666666666668,83,3
WARDEN AND ST CLAIR,18.580645161290324,576,31
WARDEN AND ST. CLAIR,16.4,82,5
WARDEN AND STEELES,25.097560975609756,2058,82
WARDEN AND STEELES (SO,8.0,8,1
WARDEN AND STEELES AVE,24.0,24,1
WARDEN AND STEELES LOO,14.714285714285714,103,7
WARDEN AND TOWER,5.0,10,2
WARDEN AND UPTON,19.5,39,2
WARDEN AND WALBON,26.5,53,2
WARDEN AND WAYNE,5.0,5,1
WARDEN LOOP,19.029411764705884,647,34
WARDEN LOOP (WARDEN NO,21.0,21,1
WARDEN LOOP AND STEELE,17.666666666666668,53,3
WARDEN LOOP AT STEELES,13.571428571428571,95,7
WARDEN STATAION,18.0,18,1
WARDEN STATION,15.471502590673575,11944,772
WARDEN STATION (OUTSID,17.0,17,1
WARDEN STATION (TEMP B,7.0,7,1
WARDEN STATION -,24.0,24,1
WARDEN STATION - BUS B,12.0,12,1
WARDEN STATION - BUS L,10.0,10,1
WARDEN STATION - BUS P,20.0,20,1
WARDEN STATION - TEMPO,18.0,18,1
WARDEN STATION AND TEM,18.0,18,1
WARDEN STATION BUS BAY,20.0,20,1
WARDEN STATYION,9.0,9,1
WARDEN STN,20.0,60,3
WARDEN STRATION,5.0,5,1
WARDEN STSATION,16.0,16,1
WARDENA AND FINCH,20.0,20,1
WARDENA DN STEELES,21.0,42,2
WARDENA DN STEELES LOO,28.0,28,1
WARDENA ND FAIRFAX,20.0,20,1
WARDENSTATION,10.0,10,1
WARDENT AND STEELES,35.0,35,1
WARDLAW AND ISLINGTON,18.0,18,1
WAREDEN STATION,20.0,20,1
WARREN CRESCENT AND CR,376.0,376,1
WARREN CRESCENT AND LU,20.0,20,1
WARREN PARK,120.0,120,1
WASDALE AND RAJAH,0.0,0,1
WASDALE AND RALPH,92.0,92,1
WASHBURN AND BERNER TR,68.0,68,1
WASHBURN AND GRIFFEN,15.0,45,3
WASHBURN AND NAHANNI,20.0,20,1
WASHBURN AND SHEPPARD,58.125,465,8
WASHBURN AND TAPPSCOTT,89.0,89,1
WASHBURN AND TAPSCOTT,15.0,60,4
WASHBURN WAY AND BERNE,7.5,15,2
WASHBURN WAY AND NAHAN,16.0,16,1
WASHBURN WAY AND SHEPP,68.0,136,2
WASTON AND WELSH,4.0,4,1
WATERBURY AND MARTIN G,19.5,78,4
WEELESLEY AND ONTARIO,20.0,20,1
WELLAND AND HEATH,25.0,50,2
WELLAND AND HEATH ST E,36.0,36,1
WELLAND AND MOORE,300.0,300,1
WELLAND AND ST CLAIR,70.6,353,5
WELLAND AND ST CLAIR E,25.0,25,1
WELLAND AND ST ST CLAI,59.0,59,1
WELLELEY STATION,20.0,20,1
WELLESELEY AND JARVIS,28.0,28,1
WELLESLEY AND BAY,13.0,78,6
WELLESLEY AND BLEECKER,50.0,50,1
WELLESLEY AND BLEEKER,20.0,20,1
WELLESLEY AND CHURCH,21.1,422,20
WELLESLEY AND HOMEWOOD,10.0,10,1
WELLESLEY AND ISABELLA,10.0,10,1
WELLESLEY AND JARVIS,25.95,519,20
WELLESLEY AND JAVIS,20.0,20,1
WELLESLEY AND ONTARIO,15.0,120,8
WELLESLEY AND PARLIAME,14.88888888888889,134,9
WELLESLEY AND PARLIMEN,136.0,136,1
WELLESLEY AND QUEEN'S,16.25,65,4
WELLESLEY AND QUEENS P,208.66666666666666,1252,6
WELLESLEY AND ROSE,127.5,255,2
WELLESLEY AND SHEBOURN,20.0,20,1
WELLESLEY AND SHERBOUR,18.6875,598,32
WELLESLEY AND YONGE,12.153846153846153,158,13
WELLESLEY COMMUNITY CE,10.0,10,1
WELLESLEY STATION,20.31578947368421,1158,57
WELLESLEY STREET EAST,10.0,10,1
WELLESLY AND JARVIS,20.0,20,1
WELLESWORTH ADN DIXFIE,30.0,30,1
WELLESWORTH AND DIXFIE,17.0,17,1
WELLESWORTH AND ERINGA,12.5,25,2
WELLESWOTH AND DIXFIEL,21.0,21,1
WELLESY STATION,10.0,10,1
WELLINGTON AND BAY,13.125,105,8
WELLINGTON AND SCOTT,12.0,12,1
WELLINGTON AND YONGE,18.0,54,3
WELLINGTON AND YORK,0.0,0,3
WELLMESS WAY AND RAAB,0.0,0,1
WELLNESS AND ARMISTICE,9.0,9,1
WELLNESS WAY,110.0,110,1
WELLNESS WAY AND ARMIS,8.5,17,2
WELLNESS WAY AND HOSPI,25.0,50,2
WELLNESS WAY AND LIFE,18.0,18,1
WELLNESS WAY AND RAAB,4.0,8,2
WELLNESS WAY AND SUNNY,30.0,30,1
WELLNESS WAY AT HOSPIT,0.0,0,1
WELLSLEY AND JARVIS,30.0,30,1
WELLSWORTH AND RANGOON,0.0,0,1
WELSH AND WESTON RD,15.0,15,1
WERSTON RD,10.0,10,1
WESLLESLEY STREET,120.0,120,1
WEST HUMBER AND KIPLIN,6.0,6,1
WEST HUMBER AND MARTIN,7.0,7,1
WEST HUMBER BLVD AND K,19.666666666666668,59,3
WEST HUMBER ESTHER LOR,0.0,0,1
WEST LAKE AND HAMSTEAD,414.0,828,2
WEST MALL AND BURNHAMT,17.5,35,2
WEST MALL AND DUNDAS,17.0,17,1
WEST MALL AND EVA,23.5,47,2
WEST MALL AND GIBBS,15.0,15,1
WEST MALL AND QUEENSWA,28.5,57,2
WEST MALL AND RATHBURN,21.333333333333332,64,3
WEST MALL AND SHERWAY,25.666666666666668,77,3
WEST MALL AND ST ALBAN,30.0,30,1
WEST MALL AND WAULRON,20.0,20,1
WEST MALL AND WELLESWO,24.0,24,1
WEST MALL CRES AND DUN,10.5,21,2
WEST MALL CRES AND S O,305.0,305,1
WEST MALL CRESCENT AND,16.5,33,2
WEST SERVICE AND ALBAN,30.0,30,1
WEST SERVICE AND SAINT,9.0,9,1
WEST SERVICE AND ST AL,13.571428571428571,95,7
WEST SERVICE AND ST. A,20.0,20,1
WEST SERVICE AND VIKIN,59.666666666666664,179,3
WEST SERVICE ROAD AND,36.8,184,5
WEST TORONTO AND KEELE,24.5,49,2
WEST TORONTO AND OLD S,25.0,25,1
WEST TORONTO AND OLDST,23.0,23,1
WESTERN AND ALBION,10.0,10,1
WESTERN AND BRADSTOCK,10.0,10,1
WESTHUMBER AND DELSING,20.0,20,1
WESTHUMBER AND KILPING,169.0,169,1
WESTHUMBER AND KIPLING,11.88888888888889,107,9
WESTHUMBER AND MARTIN,0.0,0,3
WESTHUMBER AND MARTING,0.0,0,1
WESTHUMBER AND MOON VA,10.0,10,1
WESTHUMBER BLVD AND KI,9.5,19,2
WESTHUMBER ESTHER LORR,16.0,16,1
WESTLAKE AND COSBURN,83.33333333333333,250,3
WESTLAKE AND HAMSTEAD,66.66666666666667,400,6
WESTLAKE AND LUMSDEN,10.0,10,1
WESTLAKE AND WALLINGTO,5.0,10,2
WESTMALL AND BERNUMTHO,17.0,17,1
WESTMALL AND EVA,8.0,8,1
WESTMALL AND SHERWAY D,25.0,25,1
WESTMORE AND FINCH,29.636363636363637,326,11
WESTMORE STATION W/B P,11.0,11,1
WESTON & LAWRENCE,10.0,10,1
WESTON AND 401,7.0,28,4
WESTON AND 401 AND AT,0.0,0,1
WESTON AND ALBION,34.6078431372549,1765,51
WESTON AND ARTHUR,10.0,10,1
WESTON AND ASQUITH,10.0,10,1
WESTON AND AURA LEA,0.0,0,2
WESTON AND AVON,9.0,45,5
WESTON AND BELLEVUE (,10.0,10,1
WESTON AND BELLEVUE CR,20.0,20,1
WESTON AND BETTY NAGLE,6.0,6,1
WESTON AND BIRDSTONE,7.0,28,4
WESTON AND BIRDSTONE (,8.0,8,1
WESTON AND BLACK CREEK,42.8,428,10
WESTON AND BRADMORE,10.6,53,5
WESTON AND BRADSTOCK,10.228070175438596,583,57
WESTON AND BRADSTOCK T,0.0,0,1
WESTON AND BURGUNDY,6.5,13,2
WESTON AND CARDELL,18.5,148,8
WESTON AND CAYUGA,10.0,20,2
WESTON AND CHURCH,10.647058823529411,181,17
WESTON AND COBALT,32.0,32,1
WESTON AND CORAL GABLE,6.666666666666667,20,3
WESTON AND CORONADO,6.857142857142857,48,7
WESTON AND COULTER,16.666666666666668,150,9
WESTON AND COULTER TO,96.0,96,1
WESTON AND CRAYDON,10.0,10,1
WESTON AND DEE,10.0,20,2
WESTON AND DEMASK,0.0,0,1
WESTON AND DENISON,10.5,84,8
WESTON AND DENNIS,12.0,48,4
WESTON AND DENNISON,10.0,10,1
WESTON AND DENSION,47.0,47,1
WESTON AND DORA SPENCE,10.0,10,1
WESTON AND DUNDAS,10.0,10,1
WESTON AND EDMUND,63.0,63,1
WESTON AND EGLINTON,50.1,1503,30
WESTON AND EGLINTON AV,8.0,8,1
WESTON AND ELLESMERE,5.0,5,1
WESTON AND ELSMERE,10.0,10,1
WESTON AND ELSMERE AVE,0.0,0,1
WESTON AND FAIRGLEN,10.0,10,1
WESTON AND FENMAR,28.75,230,8
WESTON AND FERN,10.5,63,6
WESTON AND FINCH,12.101694915254237,714,59
WESTON AND FINCH (SOUT,8.0,16,2
WESTON AND FLINDON,10.0,40,4
WESTON AND GARYRAY,7.5,15,2
WESTON AND GARYRAY (S,10.0,10,1
WESTON AND GAYDON,8.333333333333334,25,3
WESTON AND GLENVALLEY,10.0,10,1
WESTON AND GRAYRAY,8.0,8,1
WESTON AND GUNNS,4.0,20,5
WESTON AND HABITANT,15.88888888888889,143,9
WESTON AND HICKORY TRE,10.0,20,2
WESTON AND HUMBER,12.5,50,4
WESTON AND HUMBER BLVD,8.0,8,1
WESTON AND HUMBERVIEW,10.0,10,1
WESTON AND HWY 401,10.0,10,1
WESTON AND IMOGENE,10.0,10,1
WESTON AND JANE,20.82758620689655,604,29
WESTON AND JOHN,72.33333333333333,434,6
WESTON AND JUBILEE,19.666666666666668,59,3
WESTON AND KENHAR,7.0,14,2
WESTON AND KING,31.0,62,2
WESTON AND KNOB,10.25,41,4
WESTON AND KNOB HILL,25.333333333333332,152,6
WESTON AND KNOB HILL D,11.0,11,1
WESTON AND LAMBTON,12.428571428571429,87,7
WESTON AND LANYARD,9.7,97,10
WESTON AND LANYARD (SO,100.0,100,1
WESTON AND LAWRENCE,20.436363636363637,1124,55
WESTON AND LAWRENCE (1,0.0,0,1
WESTON AND LAWRENCE W,10.0,10,1
WESTON AND LILAC,8.0,8,1
WESTON AND LIPINCOTT,0.0,0,1
WESTON AND LITTLE,21.4,107,5
WESTON AND LOVILLA,400.0,400,1
WESTON AND LOVILLA (N,8.0,8,1
WESTON AND MAINSHEP,31.5,126,4
WESTON AND MAINSHEP (,12.0,12,1
WESTON AND MAINSHEP (S,0.0,0,1
WESTON AND MATTHEWS GA,37.0,37,1
WESTON AND MCCORMACK,9.6,48,5
WESTON AND MCCORMACK S,91.0,91,1
WESTON AND MCORMACK,10.0,10,1
WESTON AND NICKLE,26.0,26,1
WESTON AND NORTHLAND,8.1,81,10
WESTON AND OAK,10.833333333333334,195,18
WESTON AND OLD WESTON,141.0,141,1
WESTON AND ORMONT,11.612903225806452,360,31
WESTON AND ORMONT TO Y,0.0,0,1
WESTON AND OXFORD,16.6,83,5
WESTON AND PARK ST,10.0,10,1
WESTON AND PARKE,8.0,8,1
WESTON AND PORTER,11.0,11,1
WESTON AND RAY,10.0,70,7
WESTON AND RAY AVE,20.0,20,1
WESTON AND REUBEN,6.333333333333333,19,3
WESTON AND ROCKWELL,10.0,10,1
WESTON AND ROGERS,16.428571428571427,575,35
WESTON AND SENECA,11.0,55,5
WESTON AND SHEPPARD,33.05263157894737,628,19
WESTON AND SIDNEY BELS,29.142857142857142,204,7
WESTON AND SPENCER,10.0,10,1
WESTON AND ST CLAIR,9.3,93,10
WESTON AND ST PHILIPS,16.0,32,2
WESTON AND ST PHILLIPS,27.0,189,7
WESTON AND ST. CLAIR,14.5,58,4
WESTON AND ST. PHILLIP,20.0,20,1
WESTON AND STARVIEW,9.4,47,5
WESTON AND STEELES,15.8,316,20
WESTON AND SUNSET,10.0,10,1
WESTON AND SUNSET TRAI,10.0,20,2
WESTON AND SYDNEY BELS,118.0,118,1
WESTON AND SYDNEY DELS,30.0,30,1
WESTON AND TORYORK,60.875,974,16
WESTON AND VEROBEACH,6.5,13,2
WESTON AND VICTORIA,9.0,18,2
WESTON AND WALLASEY,10.0,10,1
WESTON AND WALSH,19.357142857142858,1626,84
WESTON AND WALSH AVE,10.0,10,1
WESTON AND WALSH TO WI,0.0,0,1
WESTON AND WALSH TO YO,0.0,0,1
WESTON AND WELSH,4.0,8,2
WESTON AND WEST SOUTH,10.0,10,1
WESTON AND WILBY,20.0,40,2
WESTON AND WILBY CRESC,10.0,10,1
WESTON AND WRIGHT,95.0,95,1
WESTON AND WRITE,10.0,10,1
WESTON AND YORK,9.0,27,3
WESTON AND ZAPPACOSTA,7.75,31,4
WESTON ANDE WALSH,0.0,0,1
WESTON B/T WRIGHT AND,61.0,61,1
"WESTON LIONS PARK, 135",20.0,20,1
WESTON N OF LAWRENCE,10.0,10,1
WESTON NORTH OF FINCH,8.0,8,1
WESTON RD AND ALBION,10.0,10,1
WESTON RD AND BRADSTOC,11.333333333333334,34,3
WESTON RD AND CARDELL,10.0,10,1
WESTON RD AND CHURCH S,5.0,5,1
WESTON RD AND DEE AVE,8.0,8,1
WESTON RD AND EGLINTON,46.5,93,2
WESTON RD AND GAYDON,6.0,6,1
WESTON RD AND GRAYRAY,0.0,0,1
WESTON RD AND GUNNS,0.0,0,1
WESTON RD AND JANE,7.0,7,1
WESTON RD AND LAWRENCE,12.5,25,2
WESTON RD AND OAK,30.0,30,1
WESTON RD AND SENECA,10.0,10,1
WESTON RD AND SIDNEY,0.0,0,1
WESTON RD AND ST CLAIR,10.0,10,1
WESTON RD AND TORYORK,153.5,307,2
WESTON RD AND WALSH,13.8,69,5
WESTON RD BETWEN FENMA,41.0,41,1
WESTON ROAD,0.0,0,1
WESTON ROAD AND BRADST,16.0,16,1
WESTON ROAD AND CORAL,6.0,6,1
WESTON ROAD AND COULTE,10.0,10,1
WESTON ROAD AND EGLINT,106.0,106,1
WESTON ROAD AND FINCH,10.0,10,1
WESTON ROAD AND WALSH,0.0,0,1
WESTON SERVICE ROAD AN,33.0,33,1
WESTOON AND ALBION,10.0,10,1
WESTWAY AND BRAMPTON,13.0,13,1
WESTWAY AND ISLINGTON,12.666666666666666,38,3
WESTWAY AND MARTIN GR,25.0,25,1
WESTWAY AND MARTIN GRO,20.0,20,1
WESTWAY AND SUN ROW,4.0,4,1
WESTWAY AND TREHORNE,18.0,18,1
WESTWAY AND TRIO,16.0,16,1
WESTWAY AND WINCOTT,183.0,183,1
WESTWOOD AND MORNING S,20.5,41,2
WESTWOOD MALL,17.083333333333332,205,12
WESTWOOD MALL TERMINAL,20.0,40,2
WESTWOOD MALL TO LAWRE,0.0,0,1
WESTWOOD SQUARE,18.0,18,1
WESTWOOD SQUARE AND MO,20.5,82,4
WESTWOOD SQUARE BUS TE,17.571428571428573,123,7
WEXFORD HYDRO PARK,20.0,20,1
WHEEL TRANS DIV LOT -,10.0,10,1
WHEEL TRANS EXIT AT CO,30.0,30,1
WHEEL TRANS GARAGE,12.5,25,2
WHEEL-TRANS DIVISION,12.0,12,1
WHEETRANS EXIT AND COM,10.0,10,1
WHITEHORSE AND RIMROCK,94.33333333333333,283,3
WHITEHORSE AND STEEPRO,20.0,20,1
WICKMAN AND EVANS,5.0,5,1
WICKSTEAD AND CP RAIL,400.0,400,1
WICKSTEED AND BETH NEA,75.0,75,1
WICKSTEED AND BRENTCLI,21.0,63,3
WICKSTEED AND LAIRD,312.6666666666667,938,3
WICKSTEED AND LESLIE,39.2,196,5
WICKWARE AND KENNEDY,10.0,10,1
WIDDECOMBE PLACE AND K,20.0,20,1
WILINGTON AND COMBE,22.0,22,1
WILLIAM ALLEN AND TRAN,24.0,24,1
WILLIAM AND ALLEN,24.0,48,2
WILLIAM AND RIMROCK,17.0,17,1
WILLIAM BAKER TRAIL,32.0,32,1
WILLIAM CRAIG AND JANE,25.0,25,1
WILLIAM R ALLEN AND OV,10.0,10,1
WILLIAM R ALLEN AND RI,21.4,107,5
WILLIAM R. ALLEN AND K,0.0,0,1
WILLIAM R. ALLEN AND L,0.0,0,1
WILLIAM R. ALLEN RD,30.0,30,1
WILLIAMS ABND WINEVA,21.0,21,1
WILLIAMSON AND WINEVA,107.0,321,3
WILLLOWBRIDGE AND RICH,27.0,27,1
WILLMINGTON AND COMBE,145.0,145,1
WILLOWDALE AND BISHOP,25.0,25,1
WILLOWDALE AND CATCUS,14.0,14,1
WILLOWDALE AND CENTRE,0.0,0,1
WILLOWDALE AND CUMMER,253.5,507,2
WILLOWDALE AND ELMWOOD,47.0,47,1
WILLOWDALE AND EMPRESS,7.0,7,1
WILLOWDALE AND FINCH,81.0,81,1
WILLOWDALE AND HILLCRE,134.0,134,1
WILLOWDALE AND HOLLYWO,0.0,0,1
WILLOWDALE AND HOLYWOO,26.0,26,1
WILLOWDALE AND MAPLEHU,45.0,45,1
WILLOWDALE AND NEWTON,72.0,72,1
WILLOWDALE AND OLIVE,40.0,40,1
WILLOWDALE AND PARKVIE,20.0,20,1
WILLOWDALE AND PRINCES,0.0,0,1
WILLOWDALE AND SHEPPAR,20.0,80,4
WILLOWDALE AND SILVERV,12.5,25,2
WILLOWDALE AND SPRING,24.0,72,3
WILLOWRIDE AND EARLDOW,90.0,90,1
WILLOWRIDGE AND EARLDO,6.0,6,1
WILLOWRIDGE AND MARTIN,23.0,23,1
WILLOWRIDGE AND RICHGR,13.2,264,20
WILMER AND DUNDAS,240.0,240,1
WILMINGTON AND CEDAR S,26.0,26,1
WILMINGTON AND FINCH,24.0,48,2
WILMINGTON AND OVERBRO,79.0,395,5
WILMINGTON AND SHEPPAR,20.0,40,2
WILMINGTON AND WATERLO,57.0,57,1
WILMININGTON AND MAXWE,30.0,30,1
WILMINTON AND SEARLE,59.0,59,1
WILSON - BETWEEN JANE,0.0,0,1
WILSON ABD CLAYSON,43.0,43,1
WILSON AND 400,7.0,7,1
WILSON AND AGATE,10.25,123,12
WILSON AND ALBION,8.0,16,2
WILSON AND ALLARD,104.5,418,4
WILSON AND ALLEN,8.0,8,1
WILSON AND ANCASTER,8.0,16,2
WILSON AND APEX,119.5,717,6
WILSON AND APEX LANE,6.0,6,1
WILSON AND AVENUE,13.102564102564102,511,39
WILSON AND AVENUE (WB),0.0,0,1
WILSON AND BATHRUST,10.0,10,1
WILSON AND BATHURST,34.890625,2233,64
WILSON AND BATHURSTQ,12.0,12,1
WILSON AND BATHUST,7.0,7,1
WILSON AND BELGRAVE,17.23076923076923,224,13
WILSON AND BELGRAVE AV,85.0,85,1
WILSON AND BEVERLEY HI,16.0,16,1
WILSON AND BEVERLY,5.0,10,2
WILSON AND BEVERLY HIL,24.533333333333335,368,15
WILSON AND BIDFORD,0.0,0,1
WILSON AND BILLY BISHO,28.5,342,12
WILSON AND CHAMPLAIN,0.0,0,1
WILSON AND CLAYSON,15.666666666666666,376,24
WILSON AND CLAYTON,13.0,13,1
WILSON AND CLYDE,25.25,101,4
WILSON AND COLLINSON,102.5,615,6
WILSON AND CORNELIUS,14.0,42,3
WILSON AND DALLNER,12.0,108,9
WILSON AND DUBRAY,14.285714285714286,200,14
WILSON AND DUBREY,10.0,10,1
WILSON AND DUFFERIN,30.640625,1961,64
WILSON AND E OF BATHUR,8.0,8,1
WILSON AND ELROSE,20.0,20,1
WILSON AND EPIC,12.0,12,1
WILSON AND EPIC LANE,13.0,104,8
WILSON AND ETLIN-DANIE,7.0,7,1
WILSON AND FAYWOOD,23.433333333333334,703,30
WILSON AND GARRATT,26.2,131,5
WILSON AND GARRATT BLV,24.0,24,1
WILSON AND GARRET,18.0,18,1
WILSON AND GARRETT,39.8,199,5
WILSON AND HAYMARKET,6.0,6,1
WILSON AND HIGHVIEW,12.75,102,8
WILSON AND HUMBER RIVE,46.0,92,2
WILSON AND INGLESIDE,11.333333333333334,34,3
WILSON AND JAMES FINLA,31.0,62,2
WILSON AND JAMES FINLE,20.0,20,1
WILSON AND JANE,17.304,2163,125
WILSON AND JANE (WEST,16.5,33,2
WILSON AND JANE TO DUF,0.0,0,1
WILSON AND JETHRO,42.0,168,4
WILSON AND JUILAN,13.0,13,1
WILSON AND JUILIAN,6.0,6,1
WILSON AND JULIAN,11.0,165,15
WILSON AND JULIAN RD,4.5,9,2
WILSON AND KEELE,17.06024096385542,1416,83
WILSON AND KELVIN,10.0,10,1
WILSON AND KING,10.0,10,1
WILSON AND KING HIGH,9.9,99,10
WILSON AND KING HIGH (,10.0,20,2
WILSON AND KING HIGH A,20.0,40,2
WILSON AND KINGVIEW,0.0,0,1
WILSON AND LADY WORK A,10.0,10,1
WILSON AND LADY YORK,13.461538461538462,175,13
WILSON AND LAURENTIA,15.5,31,2
WILSON AND LEXFIELD,12.5,100,8
WILSON AND LEXFIELD AV,15.0,30,2
WILSON AND LEXIFIELD,0.0,0,1
WILSON AND MANIZA,8.333333333333334,25,3
WILSON AND MATTHEWS,12.0,12,1
WILSON AND MONTANA,10.0,10,1
WILSON AND MORTON SHUL,23.5,47,2
WILSON AND MURRAY,10.777777777777779,97,9
WILSON AND MURRAY RD,7.0,14,2
WILSON AND MURRAY ROAD,17.5,35,2
WILSON AND NORTH GATE,37.0,74,2
WILSON AND NORTHGATE,17.75,213,12
WILSON AND NORTHGATE D,42.0,84,2
WILSON AND OAKLAND,10.333333333333334,31,3
WILSON AND PETHERHILL,8.666666666666666,26,3
WILSON AND RIDGE,9.916666666666666,119,12
WILSON AND RIDGE ROAD,10.0,10,1
WILSON AND RIDLEY,10.818181818181818,119,11
WILSON AND ROGERS,20.0,20,1
WILSON AND SPRINGVIEW,23.5,47,2
WILSON AND TIPPET,24.0,24,1
WILSON AND TIPPETT,20.0,20,1
WILSON AND TRANSIT,16.62962962962963,449,27
WILSON AND TRANSIT (E,20.0,20,1
WILSON AND TRANSIT RD,27.5,165,6
WILSON AND TRANSIT ROA,7.5,30,4
WILSON AND WALSH,12.2,61,5
WILSON AND WELSH,13.0,13,1
WILSON AND WENDAL,10.0,10,1
WILSON AND WENDEIL,8.0,8,1
WILSON AND WENDELL,8.3,83,10
WILSON AND WESTON,24.666666666666668,74,3
WILSON AND WILLIAM CRA,9.142857142857142,192,21
WILSON AND WILSON HEIG,122.4,1836,15
WILSON AND WILSON HIGH,24.0,24,1
WILSON AND WILSON PARK,8.0,8,1
WILSON AND WINSTON PAR,20.0,40,2
WILSON AND YONGE,13.75,495,36
WILSON AND YONGE BLVD,7.75,31,4
WILSON ANDF BATHURST,10.0,10,1
WILSON AVE AND WILSON,505.0,505,1
WILSON AVENUE AND EPIC,14.0,14,1
WILSON AVENUE AND FAYW,22.0,22,1
WILSON BETWEEN DUFFERI,106.5,213,2
WILSON BUS GARAGE,0.0,0,4
WILSON CAPITAL SHOP,0.0,0,1
WILSON CAR HOUSE,0.0,0,3
WILSON CARHOUSE,0.0,0,2
WILSON CARHOUSE GATE,0.0,0,1
WILSON COMPLEX - SIGNA,0.0,0,1
WILSON DIVISION,7.0476190476190474,148,21
WILSON DIVISON,0.0,0,1
WILSON DIVSION,56.0,56,1
WILSON E OF DUFFERIN,20.0,20,1
WILSON GARAGE,12.638686131386862,3463,274
WILSON GARAGE - BODY S,0.0,0,1
WILSON GARAGE - TRACK,9.0,18,2
WILSON GARAGE 160 TRAN,0.0,0,1
WILSON GARGE,22.0,22,1
WILSON HEIGHT AND SHEP,0.0,0,1
WILSON HEIGHT AND WILS,19.0,19,1
WILSON HEIGHTS AND ANS,257.0,1285,5
WILSON HEIGHTS AND BRI,22.0,22,1
WILSON HEIGHTS AND REI,10.0,10,1
WILSON HEIGHTS AND SHE,14.0,56,4
WILSON HEIGHTS AND WIL,200.5,802,4
WILSON SATIONS,8.0,8,1
WILSON STAITON,20.0,20,1
WILSON STATIION - LOWE,10.0,10,1
WILSON STATION,13.725752508361204,12312,897
WILSON STATION (BUS LO,0.0,0,1
WILSON STATION (JUST O,10.0,10,1
WILSON STATION (LOWER,9.0,27,3
WILSON STATION (LOWER),10.0,10,1
WILSON STATION (UPPER,8.666666666666666,26,3
WILSON STATION (UPPER),10.0,20,2
WILSON STATION - LOWER,14.875,119,8
WILSON STATION - UPPER,9.461538461538462,123,13
WILSON STATION BAY 8 L,12.0,12,1
WILSON STATION LOWER P,10.0,10,1
WILSON STATION TO DUFF,0.0,0,2
WILSON STATION TO PRIN,0.0,0,1
WILSON STATION TO SPRI,0.0,0,1
WILSON STATION UPPER,16.0,16,1
WILSON STATION UPPER L,5.0,10,2
WILSON STATION- UPPER,0.0,0,1
WILSON STATIONN,22.0,22,1
WILSON STATIONS,8.0,8,1
WILSON STATRION,16.0,16,1
WILSON STATTION,8.0,8,1
WILSON STATTON - UPPER,8.0,8,1
WILSON STN TO KING,0.0,0,1
WILSON TO DUFFERIN TO,0.0,0,1
WILSON TO KEELE,10.0,10,1
WILSON TO KING,0.0,0,1
WILSON TRAFFIC OFFICE,0.0,0,1
WILSON YARD,4.4,22,5
WILSON YARD - TRACK 36,0.0,0,1
WILSON YARD - TRACK AN,0.0,0,2
WILSON YARD SUBWAY TRA,0.0,0,1
WILSONG GARAGE,10.0,10,1
WILSONM AND WENDELL,10.0,10,1
WILSONN AND BELGRAVE,20.0,20,1
WILSONT STATION,25.0,25,1
WILSTON STATION,17.0,51,3
WINCOTT AND EGLINTON,96.0,96,1
WINCOTT AND EGLINTON W,161.0,161,1
WINDEMERE AND KINGSWAY,30.0,30,1
WINDEMERE AND MORNINGS,65.5,131,2
WINDEMERE AND QUEENSWA,28.0,28,1
WINDEMERE AND THE QUEE,25.0,25,1
WINDEREMERE AND MORNIN,674.0,674,1
WINDEREMERE PL AND WIN,0.0,0,1
WINDERMERE AND COE HIL,10.0,10,1
WINDERMERE AND MORNING,122.0,244,2
WINDERMERE AND N OF QU,30.0,30,1
WINDERMERE AND QUEENSW,9.5,19,2
WINDERMERE AND THE QUE,19.0,38,2
WINDERMERE AND WINDERM,48.666666666666664,146,3
WINDERMERE AVE AND WIN,0.0,0,1
WINDERMERE PLACE,11.0,55,5
WINDERMERE PLACE AND W,15.0,30,2
WINDERMERE PLACE AT WI,38.0,38,1
WINDERMERE PLAZA AND W,0.0,0,1
WINDMERE AND QUEENSWAY,20.333333333333332,61,3
WINEVA AND QUEEN,35.09090909090909,386,11
WINEVA AND WILLIAMSON,111.0,555,5
WINFORD AND DON MILLS,6.5,13,2
WINFORD AND DVP,20.0,20,1
WINFORD AND EGLINTON,20.0,20,1
WINTERMUTE AND BIRCHMO,23.333333333333332,70,3
WINTERMUTE AND MT CAST,10.0,10,1
WINTERMUTE AND STEELES,10.0,20,2
WINTERTON AND MARTIN G,30.0,30,1
WISLON AND STADACONA,6.0,6,1
WISLON STATION,0.0,0,1
WLLESMERE AND WARDEN,16.0,16,1
WLLSON AND AVENUE,0.0,0,1
WLSON AND RIDGE,20.0,20,1
WODDBINE S OF GERRARD,10.0,10,1
WOLESLEY LOOP,5.0,5,1
WOLSELEY LOOP,7.2,36,5
WOOBIND RACTRACK LOOP,20.0,20,1
WOOBINE AND O'CONNOR,30.0,30,1
WOOBINE AND STRATHMORE,24.0,24,1
WOOBINE RACETRACK LOOP,20.0,20,1
WOOBINE STATION,17.333333333333332,52,3
WOOD AND CHURCH,0.0,0,1
WOOD AND YONGE,15.0,30,2
WOODBINE AND BARKER,15.0,60,4
WOODBINE AND BRACEBRID,13.75,55,4
WOODBINE AND BURGESS,0.0,0,1
WOODBINE AND CASSELS,12.0,12,1
WOODBINE AND CORLEY,0.0,0,1
WOODBINE AND COSBURN,18.333333333333332,110,6
WOODBINE AND DANFORTH,75.5,302,4
WOODBINE AND DIXON,0.0,0,1
WOODBINE AND EASTWOOD,10.0,10,1
WOODBINE AND GERRARD,23.333333333333332,140,6
WOODBINE AND HARTFORD,10.0,10,1
WOODBINE AND HAYWORTH,10.0,10,1
WOODBINE AND HIGHWAY 2,22.0,22,1
WOODBINE AND KEWBEACH,20.0,20,1
WOODBINE AND KINGSTO,14.0,14,1
WOODBINE AND KINGSTON,8.8,88,10
WOODBINE AND LAKE SHOR,12.0,12,1
WOODBINE AND LAKESHORE,2.5,5,2
WOODBINE AND LUMSDEN,13.333333333333334,40,3
WOODBINE AND MANDEL,7.0,7,1
WOODBINE AND MERRILL,10.0,30,3
WOODBINE AND MILVERTON,12.5,25,2
WOODBINE AND MORTIMER,23.6,118,5
WOODBINE AND NORWAY,12.0,12,1
WOODBINE AND O'CONNOR,7.1,71,10
WOODBINE AND QUEEN,28.25,452,16
WOODBINE AND SAMMON,26.5,53,2
WOODBINE AND STATION,14.0,14,1
WOODBINE AND STEELES,7.5,15,2
WOODBINE AND TRENTON,18.0,18,1
WOODBINE BEACH LOOP,10.0,50,5
WOODBINE CASINO,40.53846153846154,527,13
WOODBINE CASINO LOOP,17.0,85,5
WOODBINE DOWNS AND CAR,16.0,16,1
WOODBINE HEIGHTS AND H,30.0,30,1
WOODBINE LOOP,60.285714285714285,422,7
WOODBINE LOOP (555 REX,0.0,0,1
WOODBINE RACE TRACK,14.777777777777779,133,9
WOODBINE RACE TRACK LO,11.777777777777779,106,9
WOODBINE RACETRACK,9.0,63,7
WOODBINE RACETRACK LOO,16.076923076923077,209,13
WOODBINE STATINO,30.0,30,1
WOODBINE STATION,17.21323529411765,2341,136
WOODBINE STATION BUS B,0.0,0,1
WOODBINE STATION TO YO,0.0,0,1
WOODBINE STN,25.0,25,1
WOODBINE STN TO YORK M,0.0,0,1
WOODFIELD AND EASTERN,10.0,10,1
WOODMOUNT AND DANFORTH,0.0,0,1
WOODSWORTH AND NORTHEY,44.0,44,1
WOODYCREST AND SELKIRK,30.0,30,1
WOOLSLEY LOOP,0.0,0,1
WOSELEY LOOP,5.0,5,1
WRDEN AND COMSTOCK,13.0,13,1
WRIGHT AND GIBSON,15.285714285714286,107,7
WRIGHT AND JANE,16.166666666666668,97,6
WRIGHT AND PARKSIDE,107.0,107,1
WRIGHT AND PINE,12.5,75,6
WRIGHT AVE AND GIBSON,20.0,20,1
WTEELES AND NEW WESTMI,10.0,10,1
WWESTON AND WALSH,24.0,24,1
WYNDFORD AND DON MILLS,6.5,13,2
WYNFORD AND 404 EXIT,49.0,49,1
WYNFORD AND CONCORD,17.0,68,4
WYNFORD AND CONCORDE,0.8,4,5
WYNFORD AND DON MILLS,7.666666666666667,253,33
WYNFORD AND DON VALLEY,8.0,8,1
WYNFORD AND DVP,56.5,113,2
WYNFORD AND EGLINTON,10.090909090909092,111,11
WYNFORD AND GARAMOND,6.2,31,5
WYNFORD AND GERVAIS,7.083333333333333,85,12
WYNFORD AND SAKURA,3.0,9,3
WYNFORD AND ST DENNIS,22.0,22,1
WYNFORD AND WYNFORD,10.0,10,1
WYNFORD AND WYNFORD HE,5.666666666666667,34,6
WYNFORD DR AND CONCORD,9.0,9,1
YOEK MILLS STATION,10.0,10,1
YOEKDALE RD AND YORKDA,13.0,13,1
YONGE (BLOOR TO DUNDAS,30.0,30,1
YONGE - ATHABASKA TO M,81.33333333333333,244,3
YONGE AND ABITIBI (S O,12.0,12,1
YONGE AND ADELAIDE,31.77777777777778,286,9
YONGE AND ALBERTUS,55.0,55,1
YONGE AND ALCORN,22.4,112,5
YONGE AND ALEXANDER,9.8,49,5
YONGE AND ANNDALE (S O,0.0,0,1
YONGE AND ATHABASCA,9.0,9,1
YONGE AND ATHABASKA,9.11111111111111,82,9
YONGE AND AVONDALE,0.0,0,1
YONGE AND AYLMER,2.5,5,2
YONGE AND BALMORAL,15.0,30,2
YONGE AND BAY,0.0,0,1
YONGE AND BELLMOUNT,20.0,20,1
YONGE AND BELSIZE,24.8,124,5
YONGE AND BELZISE,5.0,5,1
YONGE AND BERWICK,139.57142857142858,977,7
YONGE AND BIRCH AVE,25.0,25,1
YONGE AND BISHOP,16.571428571428573,232,14
YONGE AND BLOOR,94.07692307692308,3669,39
YONGE AND BLYTHWOOD,53.333333333333336,160,3
YONGE AND BOGERT TO YO,100.0,100,1
YONGE AND BOWOOD,0.0,0,1
YONGE AND BREADALBANE,0.0,0,1
YONGE AND BRIAR HILL,55.0,110,2
YONGE AND BROADWAY,37.5,150,4
YONGE AND BROOKE,52.666666666666664,158,3
YONGE AND CARLTON,47.714285714285715,334,7
YONGE AND CASLTEFIELD,5.0,5,1
YONGE AND CASTLEFIELD,24.0,24,1
YONGE AND CENTRE,28.0,56,2
YONGE AND CHAPLIN,17.375,139,8
YONGE AND CHARLES,44.55555555555556,401,9
YONGE AND CHATSWORTH,55.0,55,1
YONGE AND CHURCH,8.333333333333334,25,3
YONGE AND CHURCHHILL,478.0,478,1
YONGE AND CHURCHILL,0.0,0,1
YONGE AND COLBORNE,137.0,137,1
YONGE AND COLLEGE,10.461538461538462,136,13
YONGE AND CONNAUGHT,10.0,10,1
YONGE AND CRANBROOKE,19.0,38,2
YONGE AND CRESCENT,21.0,42,2
YONGE AND CUMBERLAND,100.0,100,1
YONGE AND CUMMER,9.855072463768115,680,69
YONGE AND DAVENPORT,12.0,60,5
YONGE AND DAVISVILLE,19.46153846153846,253,13
YONGE AND DELISLE,30.0,30,1
YONGE AND DELORAINE,5.0,5,1
YONGE AND DREWERY,8.0,8,1
YONGE AND DREWRY,11.3,113,10
YONGE AND DUNDAS,68.73333333333333,2062,30
YONGE AND DUNDAS (NORT,0.0,0,1
YONGE AND EDMUNDS,25.0,25,1
YONGE AND EDWARD,0.0,0,1
YONGE AND EGLINTON,47.97727272727273,2111,44
YONGE AND EGLINTON (SO,0.0,0,1
YONGE AND ELLERSLIE,13.0,26,2
YONGE AND ELM,79.0,237,3
YONGE AND ELMHURST,31.0,155,5
YONGE AND EMPRESS,11.666666666666666,35,3
YONGE AND FINCH,15.76923076923077,205,13
YONGE AND FLORENCE,25.0,25,1
YONGE AND FLORENCE (SO,8.0,8,1
YONGE AND FRONT,40.04545454545455,881,22
YONGE AND GERRARD,9.0,36,4
YONGE AND GLEBE,5.0,5,1
YONGE AND GLEN ELM,18.5,37,2
YONGE AND GLEN ELM AVE,45.0,45,1
YONGE AND GLENCAIRN,20.0,40,2
YONGE AND GLENDORA,10.0,20,2
YONGE AND GLENFOREST,2.5,5,2
YONGE AND GLENGROVE,34.666666666666664,104,3
YONGE AND GLOUCESTER,30.0,30,1
YONGE AND GOLDEN LION,14.0,14,1
YONGE AND GOLFDALE,65.0,130,2
YONGE AND GOULD,15.0,15,1
YONGE AND GROSVENOR,8.75,35,4
YONGE AND HARBORD,9.5,19,2
YONGE AND HARBOUR,3.3333333333333335,30,9
YONGE AND HEATH,36.714285714285715,257,7
YONGE AND HENDON,24.9,249,10
YONGE AND HILLCREST,29.0,29,1
YONGE AND HORSHAM,28.0,56,2
YONGE AND IMPERIAL,24.0,24,1
YONGE AND IRWIN,39.5,158,4
YONGE AND ISABELLA,25.666666666666668,77,3
YONGE AND IVOR,0.0,0,1
YONGE AND KEMPFORD,7.5,15,2
YONGE AND KING,44.1764705882353,751,17
YONGE AND LAKE SHORE,10.0,10,1
YONGE AND LAKESHORE,3.0,15,5
YONGE AND LAWRENCE,17.904761904761905,376,21
YONGE AND LOLA,22.5,45,2
YONGE AND LORD SEATON,5.8,29,5
YONGE AND LYTTON,28.75,115,4
YONGE AND MACPHERSON,0.5,1,2
YONGE AND MADAWASKA,13.0,26,2
YONGE AND MANOR,24.142857142857142,169,7
YONGE AND MCGLASHAN,8.25,33,4
YONGE AND MELROSE,15.0,30,2
YONGE AND MERTON,11.666666666666666,70,6
YONGE AND MONTGOMERY,16.75,67,4
YONGE AND MOORE,9.5,19,2
YONGE AND MOORE PARK,31.181818181818183,343,11
YONGE AND MOREPARK,30.0,30,1
YONGE AND NEWTON,22.0,22,1
YONGE AND OLD YORK MIL,28.666666666666668,86,3
YONGE AND ORCHARD,14.0,14,1
YONGE AND ORCHARD VIEW,50.0,50,1
YONGE AND PARK HOME AV,0.0,0,1
YONGE AND PARKHOME,5.0,5,1
YONGE AND PATRICIA,12.5,175,14
YONGE AND PATRICIA AVE,0.0,0,1
YONGE AND PEARS,20.0,60,3
YONGE AND QUEEN,12.6875,203,16
YONGE AND QUEEN QUAY,3.0,3,1
YONGE AND QUEEN'S QUAY,7.25,58,8
YONGE AND QUEENS QUAY,11.81081081081081,1311,111
YONGE AND RAINLEIGH,0.0,0,1
YONGE AND RANLEIGH,19.666666666666668,59,3
YONGE AND RICHMOND,57.285714285714285,401,7
YONGE AND ROMANWOOD,0.0,0,1
YONGE AND ROSEHAMPTON,27.0,27,1
YONGE AND ROSEHILL,2.5,5,2
YONGE AND ROSLIN,3.0,3,1
YONGE AND ROXBOROUGH,186.0,372,2
YONGE AND SHAFTESBURY,15.0,15,1
YONGE AND SHEPPARD,24.083333333333332,867,36
YONGE AND SHERWOOD,17.0,68,4
YONGE AND SHUTER,285.2,1426,5
YONGE AND SOUDAN,59.3,593,10
YONGE AND ST CLAIR,24.95,499,20
YONGE AND ST. CLAIR,23.8,119,5
YONGE AND ST. CLAIR AV,0.0,0,1
YONGE AND STEELES,10.54421768707483,1550,147
YONGE AND STEELES (LOO,0.0,0,1
YONGE AND STEELES (STE,0.0,0,1
YONGE AND STEELES LOOP,0.7894736842105263,15,19
YONGE AND STRATHGOWAN,14.0,28,2
YONGE AND SUMMERHILL,0.0,0,1
YONGE AND TEDDINGTON,14.5,29,2
YONGE AND TEDDINGTON P,50.0,50,1
YONGE AND TURNBERRY,15.0,15,1
YONGE AND TURNBURY,10.0,10,1
YONGE AND UPPER MADISO,55.0,55,1
YONGE AND WEDGEWOOD,4.5,9,2
YONGE AND WELLESLEY,44.44444444444444,800,18
YONGE AND WELLESLEY TO,0.0,0,1
YONGE AND WELLINGTON,63.0,315,5
YONGE AND WILLIAM CARS,12.75,51,4
YONGE AND WILSON,27.0,432,16
YONGE AND WILSON (NORT,54.0,54,1
YONGE AND WOBURN,15.0,15,1
YONGE AND WOOD,5.0,5,1
YONGE AND WOODLAWN,4.5,9,2
YONGE AND YONGE BLVD,150.9,1509,10
YONGE AND YORK MILLS,24.789473684210527,942,38
YONGE AND YORKVILLE,15.0,30,2
YONGE AND YORKVILLE AV,8.0,8,1
YONGE ANDE WILLIAM CAR,0.0,0,1
YONGE BLVD AND FELBRIG,18.0,18,1
YONGE BLVD AND WILSON,168.5,337,2
YONGE BLVD AND YONGE,43.0,43,1
YONGE BLVD AND YONGE S,51.0,51,1
YONGE BOULEVARD AND FE,60.0,60,1
YONGE BOULEVARD AND YO,30.0,30,1
YONGE BT CHARLES AND G,0.0,0,1
YONGE S OF ADELAIDE,10.0,10,1
YONGE ST - FRONT - WEL,0.0,0,1
YONGE ST AND YONGE BLV,215.0,645,3
YONGE STEELES LOOP,0.0,0,4
YONGE STREET AND YONGE,50.0,50,1
YONGER AND CUMMER,0.0,0,1
YOR MILLS AND BAYVIEW,10.0,10,1
YOR MILLS AND CHIPSTEA,10.0,10,1
YORDALE AND DUFFERIN,20.0,20,1
YORK,18.0,18,1
YORK AND ADELAIDE,10.0,10,1
YORK AND KING,9.0,9,1
YORK AND QUEEN,10.0,10,1
YORK CIVIC CENTRE,8.0,8,1
YORK GATE AND JANE,12.0,12,1
YORK MILL AND DON MILL,11.0,22,2
YORK MILL AND VALENTIN,12.0,12,1
YORK MILL AND YONGE,10.0,10,1
YORK MILL STATION,15.0,120,8
YORK MILLOS STATION,6.0,6,1
YORK MILLS,8.5,17,2
YORK MILLS - FENN - BI,197.0,197,1
YORK MILLS AND BANBURY,13.125,210,16
YORK MILLS AND BAYVIEW,13.774647887323944,978,71
YORK MILLS AND BIRCHWO,10.5,42,4
YORK MILLS AND BROOKBA,10.0,10,1
YORK MILLS AND CEDARVA,10.0,10,1
YORK MILLS AND CEDARWO,13.428571428571429,94,7
YORK MILLS AND CHIPSTE,12.0,36,3
YORK MILLS AND CLAYLAN,10.0,10,1
YORK MILLS AND DON MIL,12.973333333333333,973,75
YORK MILLS AND DON VAL,10.0,10,1
YORK MILLS AND DVP,13.5,81,6
YORK MILLS AND FENN,50.0,300,6
YORK MILLS AND FENN AV,202.0,202,1
YORK MILLS AND FENSIDE,20.066666666666666,301,15
YORK MILLS AND FERNSID,10.0,10,1
YORK MILLS AND GISBURN,10.0,10,1
YORK MILLS AND GLENRID,11.333333333333334,34,3
YORK MILLS AND GRAYDON,7.0,7,1
YORK MILLS AND HARRISO,11.0,44,4
YORK MILLS AND HEDGEWO,9.625,77,8
YORK MILLS AND HIGHLAN,13.333333333333334,40,3
YORK MILLS AND LAURENT,10.0,10,1
YORK MILLS AND LEEMILL,10.0,10,1
YORK MILLS AND LESLIE,15.087719298245615,860,57
YORK MILLS AND LESMILL,12.428571428571429,87,7
YORK MILLS AND LOCHINV,16.125,129,8
YORK MILLS AND LOCHINW,25.0,25,1
YORK MILLS AND OID YOR,96.0,96,1
YORK MILLS AND OLD MIL,30.0,30,1
YORK MILLS AND OLD YON,15.0,75,5
YORK MILLS AND OLD YOP,15.0,15,1
YORK MILLS AND OLD YOR,13.266666666666667,199,15
YORK MILLS AND PARKWOO,9.333333333333334,28,3
YORK MILLS AND SAND OV,10.0,10,1
YORK MILLS AND SANDFIE,16.0,48,3
YORK MILLS AND SANDOVE,10.4,52,5
YORK MILLS AND SCARSDA,9.0,18,2
YORK MILLS AND SCASDAL,12.0,12,1
YORK MILLS AND SILVERD,10.714285714285714,75,7
YORK MILLS AND STANDFI,10.0,10,1
YORK MILLS AND UPJOHN,11.666666666666666,70,6
YORK MILLS AND UPPER H,56.0,224,4
YORK MILLS AND VALENTI,7.6,38,5
YORK MILLS AND VALETIN,10.0,10,1
YORK MILLS AND VALLEY,65.44444444444444,589,9
YORK MILLS AND VALLEYW,12.0,12,1
YORK MILLS AND VERSAIL,10.0,10,1
YORK MILLS AND VICTORI,12.0,24,2
YORK MILLS AND WILSON,6.0,6,1
YORK MILLS AND YONGE,16.24,406,25
YORK MILLS AND YONGE (,30.0,30,1
YORK MILLS AND YONGE N,17.0,17,1
YORK MILLS AND YORK RI,7.5,30,4
YORK MILLS ANS SANDOVE,12.0,12,1
YORK MILLS AT SCARSDAL,10.0,10,1
YORK MILLS COLLEGIATE,10.0,10,1
YORK MILLS ROAD AND HE,25.0,25,1
YORK MILLS STATINO,12.0,12,1
YORK MILLS STATIOBN,20.0,20,1
YORK MILLS STATION,12.395509499136443,7177,579
YORK MILLS STATION - 1,8.0,8,1
YORK MILLS STATION BUS,15.0,30,2
YORK MILLS STATION TO,6.666666666666667,20,3
YORK MILLS STATIONS,0.0,0,1
YORK MILLS STATOIN,15.0,30,2
YORK MILLS STATON,5.0,10,2
YORK MILLS STN,15.5,31,2
YORK MILLS STN TO ORMO,0.0,0,1
YORK MILS AND FENSIDE,10.0,10,1
YORK MILS E OF YONGE,12.0,12,1
YORK UNIVERISTY BUS WA,15.0,30,2
YORK UNIVERSITY BUS WA,15.0,15,1
YORK UNIVERSITY BUSWAY,12.5,25,2
YORKALE STATION,18.0,18,1
YORKDALE AND ALLEN,32.5,65,2
YORKDALE AND YORKDALE,13.0,13,1
YORKDALE GO,17.0,17,1
YORKDALE GO STATION,14.5,29,2
YORKDALE GO TERMINAL,13.2,66,5
YORKDALE MALL,11.125,89,8
YORKDALE RD AND ON RAM,0.0,0,1
YORKDALE RD AT YORKDAL,7.0,7,1
YORKDALE ROAD AT GO TE,20.0,20,1
YORKDALE ROAD GO TERMI,17.0,17,1
YORKDALE ROAD W OF ALL,135.0,135,1
YORKDALE STATION,14.00943396226415,1485,106
YORKDALE TERMINAL,9.0,9,1
YORKGATE AND FINCH,4.0,4,1
YORKGATE AND JANE,16.0,16,1
YORKLAND AND CONSUMER,63.666666666666664,191,3
YORKLAND AND CONSUMERS,137.57142857142858,963,7
YORKLAND AND YORKLAND,246.5,493,2
YORKLAND BLVD,33.0,33,1
YORKLAND BLVD AND CONS,143.0,143,1
YORKLAND BLVD AND YORK,147.66666666666666,443,3
YORKLAND RD AND YORKLA,22.0,22,1
YORKLANDS AND CONSUMER,100.0,100,1
YORKMILLS AND BANBURY,10.0,10,1
YORKMILLS AND BAYVIEW,10.0,10,1
YORKMILLS AND FENSIDE,10.0,10,1
YORKMILLS AND LESMILL,76.0,76,1
YORKMILLS AND OXBOW,25.0,25,1
YORKMILLS STATION,8.0,16,2
YORKVILLE AND BAY,0.0,0,1
YORM MILLS STATION,10.0,10,1
YROKDALE STATION,5.0,5,1
YUKON AND BRITISH COLU,20.0,20,1
ZOO LOOP,10.0,10,1
ZOO RD,24.0,24,1
ZOO ROAD AND MEADOWVAL,13.0,26,2
`WARDEN STATION,12.0,12,1
